# Blender 5.1.1
# www.blender.org
mtllib YellowstripeScad.mtl
o Cube
v 0.104430 0.560547 0.184983
v 0.054560 -0.509988 0.130519
v 0.104430 0.560136 1.258845
v 0.047538 -0.483541 1.271995
v 0.000000 -0.568831 -0.227678
v 0.000000 0.568347 1.258845
v 0.000000 -0.483541 1.271995
v 0.104430 0.618726 0.728325
v 0.045288 -0.545462 0.725004
v 0.000000 -0.545462 0.725004
v 0.102579 0.480461 1.568811
v 0.042031 -0.386468 1.572370
v 0.000000 -0.386468 1.572370
v 0.000000 0.488672 1.568811
v 0.089523 0.372691 1.856597
v 0.032537 -0.260548 1.848285
v 0.000000 -0.260548 1.848285
v 0.000000 0.380903 1.856597
v 0.073265 0.280086 2.021803
v 0.032291 -0.185037 2.018323
v 0.000000 -0.185037 2.018323
v 0.000000 0.288297 2.021803
v 0.104430 0.459221 -0.179614
v 0.059721 -0.427084 -0.181442
v 0.020453 -0.568831 -0.227678
v 0.079105 0.344092 -0.492863
v 0.059493 -0.287045 -0.498926
v 0.021432 -0.424706 -0.537574
v 0.066386 0.232909 -0.728981
v 0.030169 -0.164721 -0.735919
v 0.000000 -0.642863 0.056244
v 0.049344 0.151682 -0.925759
v 0.029192 -0.072352 -0.932466
v 0.017667 -0.699066 0.308746
v 0.035151 0.146219 -1.052510
v 0.000000 -0.073009 -1.050099
v 0.000000 0.146219 -1.052510
v 0.000000 -0.073009 -1.050099
v 0.003467 0.160670 -1.233698
v 0.000000 -0.136974 -1.192929
v 0.000000 0.160670 -1.233698
v 0.000000 -0.136974 -1.192929
v 0.201712 -0.091297 0.174794
v 0.201712 -0.070761 1.258105
v 0.165741 0.032224 1.811232
v 0.201712 -0.087727 0.716720
v 0.201712 0.031578 1.632156
v 0.145747 0.005447 2.029420
v 0.000000 0.005447 2.029420
v 0.201712 -0.089256 -0.187637
v 0.176387 -0.043220 -0.503055
v 0.108426 -0.000530 -0.933709
v 0.147063 -0.023759 -0.736433
v 0.092431 -0.002977 -1.050605
v 0.045499 -0.041240 -1.197635
v 0.065148 0.221465 2.112220
v 0.000000 0.229677 2.112220
v 0.104430 0.118027 2.124183
v 0.000000 0.118027 2.124183
v 0.061362 0.190550 2.158935
v 0.000000 0.198762 2.158935
v 0.073937 0.159294 2.162066
v 0.000000 0.159294 2.162066
v 0.104430 0.020251 2.118208
v 0.032619 -0.085132 2.149624
v 0.000000 -0.085132 2.149624
v 0.000000 0.020251 2.118208
v 0.084164 0.056345 2.172320
v 0.029762 -0.024715 2.200011
v 0.000000 -0.024715 2.200011
v 0.000000 0.056345 2.172320
v 0.176723 -0.308207 0.155598
v 0.173699 -0.277151 1.265050
v 0.143084 -0.141273 1.844024
v 0.173853 -0.316595 0.720862
v 0.170008 -0.220778 1.560929
v 0.123090 -0.089795 2.023871
v 0.171020 -0.258170 -0.184540
v 0.149981 -0.165132 -0.500990
v 0.085769 -0.043242 -0.931779
v 0.123335 -0.094240 -0.736176
v 0.069774 -0.033468 -1.050352
v 0.022842 -0.084484 -1.195703
v 0.104430 -0.032440 2.133916
v 0.069977 0.015815 2.186165
v 0.000000 0.015815 2.186165
v 0.179055 0.238731 0.179888
v 0.179055 0.248793 1.258475
v 0.155940 0.164893 1.819216
v 0.179055 0.269605 0.722522
v 0.179055 0.160371 1.615949
v 0.123090 0.146872 2.025611
v 0.179055 0.189088 -0.183626
v 0.153730 0.154542 -0.497959
v 0.085769 0.079681 -0.929734
v 0.124406 0.108681 -0.732707
v 0.069774 0.071621 -1.051557
v 0.022842 0.062236 -1.203059
v 0.087776 0.173852 2.118202
v 0.068072 0.179028 2.160501
v 0.000000 0.179028 2.160501
v 0.040293 -0.323508 1.710327
v 0.000000 -0.323508 1.710327
v 0.000000 0.434787 1.712704
v 0.096051 0.426576 1.712704
v 0.183726 -0.010368 1.712995
v 0.161070 -0.181025 1.702477
v 0.161070 0.221166 1.716316
v 0.121235 0.166448 1.817964
v 0.143892 0.035874 1.814975
v 0.157207 0.165024 1.611897
v 0.179864 0.025505 1.613094
v 0.124560 0.002743 1.717274
v 0.101904 0.212407 1.712960
v 0.104430 0.579270 1.085586
v 0.000000 0.587482 1.085586
v 0.048487 -0.503763 1.093356
v 0.201712 -0.076302 1.081297
v 0.175484 -0.290033 1.087326
v 0.179055 0.255590 1.083441
v 0.041355 0.143984 -0.997111
v 0.000000 0.152196 -0.988321
v 0.000000 -0.073459 -0.998107
v 0.021010 -0.073459 -0.998107
v 0.099422 -0.001908 -0.999513
v 0.076765 -0.037740 -0.998527
v 0.076765 0.075144 -0.998312
v 0.046546 0.572373 0.184983
v 0.037981 0.629918 0.728325
v 0.034906 0.470398 -0.179614
v 0.029481 0.355872 -0.499291
v 0.026754 0.245259 -0.728036
v 0.017028 0.163316 -0.926060
v 0.000000 0.156267 -0.979715
v 0.024155 0.601887 0.990824
v 0.000000 0.589922 1.067734
v 0.012184 0.157578 -0.967065
v 0.033473 0.659948 0.188301
v 0.035047 0.649374 0.723851
v 0.017365 0.762521 0.521473
v 0.000000 0.588426 -0.215275
v 0.032645 0.584658 -0.214094
v 0.000000 0.469920 -0.544161
v 0.012971 0.466534 -0.548227
v 0.000000 0.362763 -0.785107
v 0.009817 0.358789 -0.781402
v 0.005467 0.240729 -0.940780
v 0.000000 0.243039 -0.942612
v 0.000000 0.203754 -0.988665
v 0.022192 0.618092 0.983840
v 0.000000 0.606136 1.063702
v 0.004853 0.206573 -0.976449
v 0.044356 -0.535131 0.423389
v 0.104430 0.586522 0.427571
v 0.000000 -0.535131 0.423389
v 0.201712 -0.089703 0.416750
v 0.176723 -0.312417 0.420070
v 0.179055 0.252515 0.422160
v 0.042722 0.598065 0.427571
v 0.033106 0.662408 0.416845
v 0.000000 0.670477 0.415540
v 0.000000 0.871813 0.116194
v 0.022420 0.734196 0.165414
v 0.000000 0.708865 0.030738
v 0.014783 0.704655 0.033986
v 0.020042 0.750178 0.322472
v 0.000000 0.754851 0.325573
v 0.008647 0.826726 0.133643
v 0.000000 0.795216 0.069632
v 0.001732 0.792334 0.074357
v 0.007299 0.835779 0.202450
v 0.000000 0.841929 0.202303
v 0.002873 0.865516 0.115603
v 0.000000 0.854814 0.096324
v 0.000000 0.848832 0.098539
v 0.003365 0.862208 0.146580
v 0.000000 0.868506 0.146876
v 0.000000 0.622326 0.985704
v 0.026140 0.706599 0.480729
v 0.027579 0.696933 0.691430
v 0.000000 0.710147 0.477481
v 0.011440 0.799681 0.524741
v 0.012673 0.672117 0.895970
v 0.000000 0.676600 0.897982
v 0.017801 0.759590 0.645110
v 0.000000 0.764953 0.516453
v 0.007031 0.828105 0.532932
v 0.002058 0.736020 0.782041
v 0.000000 0.740399 0.783758
v 0.011733 0.797712 0.608980
v 0.000000 0.802319 0.522673
v 0.057270 0.189461 -0.834236
v 0.000000 0.799962 0.652524
v 0.000000 0.804372 0.654536
v 0.005963 0.835277 0.555886
v 0.000000 0.833574 0.531750
v 0.000000 0.843123 0.554147
v 0.000000 0.828386 0.597971
v 0.000000 0.831198 0.599097
v 0.019167 -0.642863 0.056244
v 0.029647 -0.091603 -0.837035
v 0.126396 -0.011334 -0.841955
v 0.103739 -0.048978 -0.839736
v 0.103739 0.093169 -0.838096
v 0.019683 0.201428 -0.838712
v 0.005622 0.295639 -0.871407
v 0.000000 0.298452 -0.869150
v 0.016286 -0.532212 0.355168
v 0.017785 -0.509988 0.130519
v 0.000000 -0.739263 0.139542
v 0.019071 -0.427084 -0.181442
v 0.020050 -0.287045 -0.498926
v 0.011296 -0.739458 0.139542
v 0.014855 -0.164721 -0.735919
v 0.028347 -0.072352 -0.932466
v 0.005887 -0.784809 0.277071
v 0.000000 -0.754250 0.317516
v 0.009006 -0.091603 -0.837035
v 0.024759 -0.073233 -0.989508
v 0.000000 -0.073459 -0.989317
v 0.000000 -0.535131 0.407319
v 0.000000 -0.424706 -0.537574
v 0.016237 -0.291292 -0.759975
v 0.000000 -0.291292 -0.759975
v 0.009455 -0.144642 -0.934927
v 0.000000 -0.144642 -0.934927
v 0.000000 -0.199497 -0.854087
v 0.010388 -0.199497 -0.854087
v 0.005866 -0.114588 -0.972124
v 0.000000 -0.114814 -0.971933
v 0.000000 -0.710147 0.355831
v 0.000000 -0.788787 0.282414
v 0.006228 -0.790759 0.181665
v 0.000000 -0.790368 0.181665
v 0.003358 -0.838255 0.226088
v 0.000000 -0.845568 0.226448
v 0.116808 -0.409097 0.143059
v 0.123522 -0.380346 1.268523
v 0.100068 -0.200910 1.846154
v 0.104767 -0.431029 0.722933
v 0.122841 -0.303623 1.566650
v 0.090531 -0.137416 2.021097
v 0.119388 -0.342627 -0.182991
v 0.106612 -0.226089 -0.499958
v 0.057481 -0.057797 -0.932123
v 0.077288 -0.129480 -0.736048
v 0.045024 -0.053239 -1.050225
v 0.011421 -0.106106 -1.194736
v 0.068524 -0.058786 2.141770
v 0.049869 -0.004450 2.193088
v 0.000000 -0.004450 2.193088
v 0.112033 -0.252266 1.706402
v 0.105185 -0.396898 1.090341
v 0.048887 -0.055599 -0.998317
v 0.111706 -0.423774 0.421730
v 0.066693 -0.070290 -0.838386
v 0.104430 0.567339 1.193623
v 0.000000 -0.491153 1.204748
v 0.000000 0.575550 1.193623
v 0.201712 -0.072847 1.191547
v 0.174371 -0.282000 1.198147
v 0.179055 0.251352 1.192585
v 0.048790 -0.491153 1.204748
v 0.116620 -0.386577 1.201447
v 0.047862 -0.534882 0.818465
v 0.104430 0.608715 0.818972
v 0.000000 -0.534882 0.818465
v 0.201712 -0.084828 0.809223
v 0.174267 -0.309855 0.813844
v 0.179055 0.266049 0.814097
v 0.034473 0.621944 0.794292
v 0.031539 0.641400 0.789818
v 0.023853 0.690424 0.743327
v 0.013984 0.753691 0.679853
v 0.006953 0.798283 0.620028
v 0.001529 0.833528 0.566564
v 0.000000 0.841673 0.565269
v 0.104873 -0.422369 0.816154
v 0.000000 -0.530647 0.851735
v 0.000000 -0.503763 1.093356
v 0.014789 -0.492239 1.188988
v 0.012657 -0.503763 1.093356
v 0.000000 -0.495090 1.167413
v 0.014722 -0.532765 0.833089
v 0.047562 -0.492531 1.188748
v 0.014258 -0.491153 1.204748
v 0.047529 -0.532928 0.833244
v 0.014910 -0.534882 0.818465
v 0.057739 -0.604225 1.150926
v 0.060289 -0.609069 1.060884
v 0.045497 -0.613886 1.060884
v 0.045764 -0.607817 1.151166
v 0.047254 -0.612610 0.872116
v 0.059221 -0.608885 0.872271
v 0.095991 -0.721540 1.063191
v 0.095404 -0.718106 0.999900
v 0.081316 -0.724702 0.999900
v 0.084548 -0.726576 1.063431
v 0.077540 -0.711768 0.907438
v 0.088959 -0.706601 0.907593
v 0.122809 -0.780704 0.993601
v 0.118922 -0.770222 0.959008
v 0.104834 -0.776818 0.959008
v 0.111366 -0.785740 0.993841
v 0.096933 -0.755074 0.924913
v 0.108352 -0.749907 0.925068
v 0.104430 0.609702 0.644049
v 0.000000 -0.542567 0.640486
v 0.201712 -0.088281 0.632662
v 0.174657 -0.315424 0.636574
v 0.179055 0.264816 0.638355
v 0.039309 0.620992 0.644049
v 0.034503 0.653027 0.637823
v 0.045027 -0.542567 0.640486
v 0.027175 0.699641 0.632388
v 0.017679 0.760411 0.610465
v 0.006262 0.833267 0.549453
v 0.000000 0.842575 0.546057
v 0.011651 0.798264 0.585374
v 0.106711 -0.428996 0.638530
v 0.044529 -0.537047 0.479336
v 0.104430 0.592496 0.483359
v 0.000000 -0.537047 0.479336
v 0.201712 -0.089336 0.472392
v 0.176191 -0.313192 0.475864
v 0.179055 0.255685 0.477875
v 0.041843 0.603974 0.483359
v 0.033466 0.659990 0.473792
v 0.026407 0.704806 0.519812
v 0.017446 0.761977 0.544407
v 0.006833 0.829435 0.537189
v 0.000000 0.838595 0.537042
v 0.011494 0.799316 0.540366
v 0.110419 -0.425120 0.477600
v 0.000000 -0.537047 0.479336
v 0.000000 -0.542155 0.633500
v 0.010762 -0.542165 0.633490
v 0.010165 -0.537047 0.490029
v 0.044719 -0.542153 0.633492
v 0.010814 -0.542567 0.640366
v 0.044773 -0.537063 0.489987
v 0.000000 -0.537045 0.490049
v 0.010034 -0.537047 0.479336
v 0.022207 -0.586394 0.616424
v 0.020799 -0.584825 0.484222
v 0.034555 -0.580500 0.616426
v 0.033747 -0.578676 0.484180
v 0.037493 -0.618516 0.553616
v 0.049760 -0.645663 0.477991
v 0.049840 -0.612621 0.553618
v 0.062708 -0.639515 0.477949
v 0.011421 -0.228443 -1.351028
v 0.000000 -0.265754 -1.271756
v 0.000000 0.268543 -1.384639
v 0.003467 0.268543 -1.384639
v 0.000000 -0.265754 -1.271756
v 0.011421 -0.565292 -1.557557
v 0.022842 0.165795 -1.430036
v 0.045499 0.034358 -1.495550
v 0.000000 0.447931 -1.757233
v 0.000000 0.034358 -1.495550
v 0.022842 -0.167878 -1.455094
v 0.000000 -0.167878 -1.455094
v 0.189218 -0.199752 0.165196
v 0.187705 -0.173956 1.261577
v 0.154412 -0.058872 1.844345
v 0.187783 -0.202161 0.718791
v 0.185860 -0.105714 1.572018
v 0.134419 -0.042174 2.026646
v 0.186366 -0.173713 -0.186088
v 0.163184 -0.104176 -0.502023
v 0.097098 -0.021886 -0.932744
v 0.135199 -0.059000 -0.736305
v 0.081103 -0.018223 -1.050478
v 0.034170 -0.062862 -1.196669
v 0.104430 -0.006095 2.126062
v 0.077070 0.036080 2.179242
v 0.000000 0.036080 2.179242
v 0.172398 -0.106106 1.708532
v 0.188598 -0.183167 1.084311
v 0.088093 -0.019824 -0.999020
v 0.189218 -0.201060 0.418410
v 0.115068 -0.030156 -0.840846
v 0.188042 -0.177423 1.194847
v 0.187990 -0.197342 0.811533
v 0.188185 -0.201853 0.634618
v 0.188952 -0.201264 0.474128
v 0.034170 -0.066760 -1.409764
v 0.000000 -0.066760 -1.409764
v 0.000000 0.366663 -1.556454
v 0.003467 0.366663 -1.556454
v 0.022842 0.269798 -1.607734
v 0.045499 0.181226 -1.654757
v 0.000000 0.503829 -1.914720
v 0.000000 0.181226 -1.654757
v 0.003467 0.447931 -1.757233
v 0.022842 0.369557 -1.795906
v 0.045499 0.316286 -1.804266
v 0.011421 -0.395121 -1.438543
v 0.000000 0.316286 -1.804266
v 0.003467 0.503829 -1.914720
v 0.022842 0.500258 -1.954234
v 0.045499 0.406643 -1.913846
v 0.000000 0.500258 -1.954234
v 0.000000 0.406643 -1.913846
v 0.000000 -0.424027 -1.370198
v 0.000000 -0.424027 -1.370198
v 0.011421 -0.718963 -1.637835
v 0.000000 -0.340440 -1.528321
v 0.022842 -0.340440 -1.528321
v 0.000000 -0.595879 -1.500138
v 0.000000 -0.595879 -1.500138
v 0.000000 -0.530782 -1.609513
v 0.022842 -0.530782 -1.609513
v 0.000000 -0.638606 -1.545955
v 0.000000 -0.638606 -1.545955
v 0.000000 -0.718963 -1.637835
v 0.000000 -0.736563 -1.696514
v 0.022842 -0.736563 -1.696514
v 0.210223 0.073717 0.177341
v 0.211275 0.089016 1.258290
v 0.167932 0.085763 1.820717
v 0.211463 0.090939 0.719621
v 0.203080 0.089859 1.620040
v 0.141470 0.076159 2.023517
v 0.208053 0.049916 -0.185631
v 0.178718 0.055661 -0.500507
v 0.097098 0.039576 -0.931721
v 0.151322 0.042461 -0.734570
v 0.081103 0.034322 -1.051081
v 0.034170 0.010498 -1.200348
v 0.096103 0.145940 2.121193
v 0.071005 0.169161 2.161283
v 0.000000 0.169161 2.161283
v 0.132564 0.098621 1.825358
v 0.168535 0.090503 1.611226
v 0.113232 0.103448 1.712578
v 0.211773 0.089644 1.082369
v 0.088093 0.036618 -0.998913
v 0.213323 0.081406 0.419455
v 0.122883 0.040917 -0.840025
v 0.211463 0.089253 1.192066
v 0.212083 0.090610 0.811660
v 0.212393 0.088268 0.635509
v 0.212393 0.083174 0.475133
v 0.034170 0.100076 -1.462793
v 0.034170 0.342922 -1.800086
v 0.034170 0.225512 -1.631246
v 0.034170 0.453451 -1.934040
v 0.000000 0.453451 -1.934040
v 0.170063 0.202954 1.656794
v 0.152077 0.207261 1.780824
v 0.158875 0.129804 1.830209
v 0.169183 0.063077 1.825651
v 0.174734 -0.002666 1.761624
v 0.192719 0.011371 1.660543
v 0.205435 0.055035 1.625670
v 0.194362 0.128831 1.608259
v 0.104430 0.593992 0.990372
v 0.024014 0.587482 1.085586
v -0.104430 0.560547 0.184983
v -0.054560 -0.509988 0.130519
v -0.104430 0.560136 1.258845
v -0.047538 -0.483541 1.271995
v -0.104430 0.618726 0.728325
v -0.045288 -0.545462 0.725004
v -0.102579 0.480461 1.568811
v -0.042031 -0.386468 1.572370
v -0.089523 0.372691 1.856597
v -0.032537 -0.260548 1.848285
v -0.073265 0.280086 2.021803
v -0.032291 -0.185037 2.018323
v -0.104430 0.459221 -0.179614
v -0.059721 -0.427084 -0.181442
v -0.020453 -0.568831 -0.227678
v -0.079105 0.344092 -0.492863
v -0.059493 -0.287045 -0.498926
v -0.021432 -0.424706 -0.537574
v -0.066386 0.232909 -0.728981
v -0.030169 -0.164721 -0.735919
v -0.049344 0.151682 -0.925759
v -0.029192 -0.072352 -0.932466
v -0.017667 -0.699066 0.308746
v -0.035151 0.146219 -1.052510
v -0.003467 0.160670 -1.233698
v -0.201712 -0.091297 0.174794
v -0.201712 -0.070761 1.258105
v -0.165741 0.032224 1.811232
v -0.201712 -0.087727 0.716720
v -0.201712 0.031578 1.632156
v -0.145747 0.005447 2.029420
v -0.201712 -0.089256 -0.187637
v -0.176387 -0.043220 -0.503055
v -0.108426 -0.000530 -0.933709
v -0.147063 -0.023759 -0.736433
v -0.092431 -0.002977 -1.050605
v -0.045499 -0.041240 -1.197635
v -0.065148 0.221465 2.112220
v -0.104430 0.118027 2.124183
v -0.061362 0.190550 2.158935
v -0.073937 0.159294 2.162066
v -0.104430 0.020251 2.118208
v -0.032619 -0.085132 2.149624
v -0.084164 0.056345 2.172320
v -0.029762 -0.024715 2.200011
v -0.176723 -0.308207 0.155598
v -0.173699 -0.277151 1.265050
v -0.143084 -0.141273 1.844024
v -0.173853 -0.316595 0.720862
v -0.170008 -0.220778 1.560929
v -0.123090 -0.089795 2.023871
v -0.171020 -0.258170 -0.184540
v -0.149981 -0.165132 -0.500990
v -0.085769 -0.043242 -0.931779
v -0.123335 -0.094240 -0.736176
v -0.069774 -0.033468 -1.050352
v -0.022842 -0.084484 -1.195703
v -0.104430 -0.032440 2.133916
v -0.069977 0.015815 2.186165
v -0.179055 0.238731 0.179888
v -0.179055 0.248793 1.258475
v -0.155940 0.164893 1.819216
v -0.179055 0.269605 0.722522
v -0.179055 0.160371 1.615949
v -0.123090 0.146872 2.025611
v -0.179055 0.189088 -0.183626
v -0.153730 0.154542 -0.497959
v -0.085769 0.079681 -0.929734
v -0.124406 0.108681 -0.732707
v -0.069774 0.071621 -1.051557
v -0.022842 0.062236 -1.203059
v -0.087776 0.173852 2.118202
v -0.068072 0.179028 2.160501
v -0.040293 -0.323508 1.710327
v -0.096051 0.426576 1.712704
v -0.183726 -0.010368 1.712995
v -0.161070 -0.181025 1.702477
v -0.161070 0.221166 1.716316
v -0.121235 0.166448 1.817964
v -0.143892 0.035874 1.814975
v -0.157207 0.165024 1.611897
v -0.179864 0.025505 1.613094
v -0.124560 0.002743 1.717274
v -0.101904 0.212407 1.712960
v -0.104430 0.579270 1.085586
v -0.048487 -0.503763 1.093356
v -0.201712 -0.076302 1.081297
v -0.175484 -0.290033 1.087326
v -0.179055 0.255590 1.083441
v -0.041355 0.143984 -0.997111
v -0.021010 -0.073459 -0.998107
v -0.099422 -0.001908 -0.999513
v -0.076765 -0.037740 -0.998527
v -0.076765 0.075144 -0.998312
v -0.046546 0.572373 0.184983
v -0.037981 0.629918 0.728325
v -0.034906 0.470398 -0.179614
v -0.029481 0.355872 -0.499291
v -0.026754 0.245259 -0.728036
v -0.017028 0.163316 -0.926060
v -0.024155 0.601887 0.990824
v -0.012184 0.157578 -0.967065
v -0.033473 0.659948 0.188301
v -0.035047 0.649374 0.723851
v -0.017365 0.762521 0.521473
v -0.032645 0.584658 -0.214094
v -0.012971 0.466534 -0.548227
v -0.009817 0.358789 -0.781402
v -0.005467 0.240729 -0.940780
v -0.022192 0.618092 0.983840
v -0.004853 0.206573 -0.976449
v -0.044356 -0.535131 0.423389
v -0.104430 0.586522 0.427571
v -0.201712 -0.089703 0.416750
v -0.176723 -0.312417 0.420070
v -0.179055 0.252515 0.422160
v -0.042722 0.598065 0.427571
v -0.033106 0.662408 0.416845
v -0.022420 0.734196 0.165414
v -0.014783 0.704655 0.033986
v -0.020042 0.750178 0.322472
v -0.008647 0.826726 0.133643
v -0.001732 0.792334 0.074357
v -0.007299 0.835779 0.202450
v -0.002873 0.865516 0.115603
v -0.003365 0.862208 0.146580
v -0.026140 0.706599 0.480729
v -0.027579 0.696933 0.691430
v -0.011440 0.799681 0.524741
v -0.012673 0.672117 0.895970
v -0.017801 0.759590 0.645110
v -0.007031 0.828105 0.532932
v -0.002058 0.736020 0.782041
v -0.011733 0.797712 0.608980
v -0.057270 0.189461 -0.834236
v -0.005963 0.835277 0.555886
v -0.019167 -0.642863 0.056244
v -0.029647 -0.091603 -0.837035
v -0.126396 -0.011334 -0.841955
v -0.103739 -0.048978 -0.839736
v -0.103739 0.093169 -0.838096
v -0.019683 0.201428 -0.838712
v -0.005622 0.295639 -0.871407
v -0.016286 -0.532212 0.355168
v -0.017785 -0.509988 0.130519
v -0.019071 -0.427084 -0.181442
v -0.020050 -0.287045 -0.498926
v -0.011296 -0.739458 0.139542
v -0.014855 -0.164721 -0.735919
v -0.028347 -0.072352 -0.932466
v -0.005887 -0.784809 0.277071
v -0.009006 -0.091603 -0.837035
v -0.024759 -0.073233 -0.989508
v -0.016237 -0.291292 -0.759975
v -0.009455 -0.144642 -0.934927
v -0.010388 -0.199497 -0.854087
v -0.005866 -0.114588 -0.972124
v -0.006228 -0.790759 0.181665
v -0.003358 -0.838255 0.226088
v -0.116808 -0.409097 0.143059
v -0.123522 -0.380346 1.268523
v -0.100068 -0.200910 1.846154
v -0.104767 -0.431029 0.722933
v -0.122841 -0.303623 1.566650
v -0.090531 -0.137416 2.021097
v -0.119388 -0.342627 -0.182991
v -0.106612 -0.226089 -0.499958
v -0.057481 -0.057797 -0.932123
v -0.077288 -0.129480 -0.736048
v -0.045024 -0.053239 -1.050225
v -0.011421 -0.106106 -1.194736
v -0.068524 -0.058786 2.141770
v -0.049869 -0.004450 2.193088
v -0.112033 -0.252266 1.706402
v -0.105185 -0.396898 1.090341
v -0.048887 -0.055599 -0.998317
v -0.111706 -0.423774 0.421730
v -0.066693 -0.070290 -0.838386
v -0.104430 0.567339 1.193623
v -0.201712 -0.072847 1.191547
v -0.174371 -0.282000 1.198147
v -0.179055 0.251352 1.192585
v -0.048790 -0.491153 1.204748
v -0.116620 -0.386577 1.201447
v -0.047862 -0.534882 0.818465
v -0.104430 0.608715 0.818972
v -0.201712 -0.084828 0.809223
v -0.174267 -0.309855 0.813844
v -0.179055 0.266049 0.814097
v -0.034473 0.621944 0.794292
v -0.031539 0.641400 0.789818
v -0.023853 0.690424 0.743327
v -0.013984 0.753691 0.679853
v -0.006953 0.798283 0.620028
v -0.001529 0.833528 0.566564
v -0.104873 -0.422369 0.816154
v -0.014789 -0.492239 1.188988
v -0.012657 -0.503763 1.093356
v -0.014722 -0.532765 0.833089
v -0.047562 -0.492531 1.188748
v -0.014258 -0.491153 1.204748
v -0.047529 -0.532928 0.833244
v -0.014910 -0.534882 0.818465
v -0.057739 -0.604225 1.150926
v -0.060289 -0.609069 1.060884
v -0.045497 -0.613886 1.060884
v -0.045764 -0.607817 1.151166
v -0.047254 -0.612610 0.872116
v -0.059221 -0.608885 0.872271
v -0.095991 -0.721540 1.063191
v -0.095404 -0.718106 0.999900
v -0.081316 -0.724702 0.999900
v -0.084548 -0.726576 1.063431
v -0.077540 -0.711768 0.907438
v -0.088959 -0.706601 0.907593
v -0.122809 -0.780704 0.993601
v -0.118922 -0.770222 0.959008
v -0.104834 -0.776818 0.959008
v -0.111366 -0.785740 0.993841
v -0.096933 -0.755074 0.924913
v -0.108352 -0.749907 0.925068
v -0.104430 0.609702 0.644049
v -0.201712 -0.088281 0.632662
v -0.174657 -0.315424 0.636574
v -0.179055 0.264816 0.638355
v -0.039309 0.620992 0.644049
v -0.034503 0.653027 0.637823
v -0.045027 -0.542567 0.640486
v -0.027175 0.699641 0.632388
v -0.017679 0.760411 0.610465
v -0.006262 0.833267 0.549453
v -0.011651 0.798264 0.585374
v -0.106711 -0.428996 0.638530
v -0.044529 -0.537047 0.479336
v -0.104430 0.592496 0.483359
v -0.201712 -0.089336 0.472392
v -0.176191 -0.313192 0.475864
v -0.179055 0.255685 0.477875
v -0.041843 0.603974 0.483359
v -0.033466 0.659990 0.473792
v -0.026407 0.704806 0.519812
v -0.017446 0.761977 0.544407
v -0.006833 0.829435 0.537189
v -0.011494 0.799316 0.540366
v -0.110419 -0.425120 0.477600
v -0.010762 -0.542165 0.633490
v -0.010165 -0.537047 0.490029
v -0.044719 -0.542153 0.633492
v -0.010814 -0.542567 0.640366
v -0.044773 -0.537063 0.489987
v -0.010034 -0.537047 0.479336
v -0.022207 -0.586394 0.616424
v -0.020799 -0.584825 0.484222
v -0.034555 -0.580500 0.616426
v -0.033747 -0.578676 0.484180
v -0.037493 -0.618516 0.553616
v -0.049760 -0.645663 0.477991
v -0.049840 -0.612621 0.553618
v -0.062708 -0.639515 0.477949
v -0.011421 -0.228443 -1.351028
v -0.003467 0.268543 -1.384639
v -0.011421 -0.565292 -1.557557
v -0.022842 0.165795 -1.430036
v -0.045499 0.034358 -1.495550
v -0.022842 -0.167878 -1.455094
v -0.189218 -0.199752 0.165196
v -0.187705 -0.173956 1.261577
v -0.154412 -0.058872 1.844345
v -0.187783 -0.202161 0.718791
v -0.185860 -0.105714 1.572018
v -0.134419 -0.042174 2.026646
v -0.186366 -0.173713 -0.186088
v -0.163184 -0.104176 -0.502023
v -0.097098 -0.021886 -0.932744
v -0.135199 -0.059000 -0.736305
v -0.081103 -0.018223 -1.050478
v -0.034170 -0.062862 -1.196669
v -0.104430 -0.006095 2.126062
v -0.077070 0.036080 2.179242
v -0.172398 -0.106106 1.708532
v -0.188598 -0.183167 1.084311
v -0.088093 -0.019824 -0.999020
v -0.189218 -0.201060 0.418410
v -0.115068 -0.030156 -0.840846
v -0.188042 -0.177423 1.194847
v -0.187990 -0.197342 0.811533
v -0.188185 -0.201853 0.634618
v -0.188952 -0.201264 0.474128
v -0.034170 -0.066760 -1.409764
v -0.003467 0.366663 -1.556454
v -0.022842 0.269798 -1.607734
v -0.045499 0.181226 -1.654757
v -0.003467 0.447931 -1.757233
v -0.022842 0.369557 -1.795906
v -0.045499 0.316286 -1.804266
v -0.011421 -0.395121 -1.438543
v -0.003467 0.503829 -1.914720
v -0.022842 0.500258 -1.954234
v -0.045499 0.406643 -1.913846
v -0.011421 -0.718963 -1.637835
v -0.022842 -0.340440 -1.528321
v -0.022842 -0.530782 -1.609513
v -0.022842 -0.736563 -1.696514
v -0.210223 0.073717 0.177341
v -0.211275 0.089016 1.258290
v -0.167932 0.085763 1.820717
v -0.211463 0.090939 0.719621
v -0.203080 0.089859 1.620040
v -0.141470 0.076159 2.023517
v -0.208053 0.049916 -0.185631
v -0.178718 0.055661 -0.500507
v -0.097098 0.039576 -0.931721
v -0.151322 0.042461 -0.734570
v -0.081103 0.034322 -1.051081
v -0.034170 0.010498 -1.200348
v -0.096103 0.145940 2.121193
v -0.071005 0.169161 2.161283
v -0.132564 0.098621 1.825358
v -0.168535 0.090503 1.611226
v -0.113232 0.103448 1.712578
v -0.211773 0.089644 1.082369
v -0.088093 0.036618 -0.998913
v -0.213323 0.081406 0.419455
v -0.122883 0.040917 -0.840025
v -0.211463 0.089253 1.192066
v -0.212083 0.090610 0.811660
v -0.212393 0.088268 0.635509
v -0.212393 0.083174 0.475133
v -0.034170 0.100076 -1.462793
v -0.034170 0.342922 -1.800086
v -0.034170 0.225512 -1.631246
v -0.034170 0.453451 -1.934040
v -0.170063 0.202954 1.656794
v -0.152077 0.207261 1.780824
v -0.158875 0.129804 1.830209
v -0.169183 0.063077 1.825651
v -0.174734 -0.002666 1.761624
v -0.192719 0.011371 1.660543
v -0.205435 0.055035 1.625670
v -0.194362 0.128831 1.608259
v -0.104430 0.593992 0.990372
v -0.024014 0.587482 1.085586
v 0.085684 -0.459542 0.136789
v 0.085530 -0.431943 1.270259
v 0.104430 0.563737 1.226234
v 0.023769 -0.483541 1.271995
v 0.000000 0.154231 -0.984018
v 0.049458 -0.522559 0.276954
v 0.000000 -0.535131 0.415354
v 0.052215 0.568347 1.258845
v 0.000000 -0.605847 -0.085717
v 0.000000 -0.487347 1.238371
v 0.066302 -0.230729 1.847219
v 0.000000 0.571949 1.226234
v 0.104430 0.614214 0.686187
v 0.046575 -0.540172 0.771734
v 0.000000 -0.544015 0.682745
v 0.075488 0.570566 0.184983
v 0.075027 -0.488245 0.723968
v 0.022644 -0.545462 0.725004
v 0.082436 -0.345046 1.569510
v 0.021015 -0.386468 1.572370
v 0.051289 0.488672 1.568811
v 0.036415 -0.292028 1.779306
v 0.000000 0.528509 1.413828
v 0.103504 0.520298 1.413828
v 0.044784 -0.435005 1.422183
v 0.000000 -0.435005 1.422183
v 0.016268 -0.260548 1.848285
v 0.044762 0.380903 1.856597
v 0.032414 -0.222792 1.933304
v 0.000000 -0.354988 1.641349
v 0.000000 0.407845 1.784650
v 0.099315 0.453518 1.640757
v 0.061411 -0.161227 2.019710
v 0.016145 -0.185037 2.018323
v 0.036633 0.288297 2.021803
v 0.000000 -0.135084 2.083973
v 0.000000 -0.222792 1.933304
v 0.081394 0.326389 1.939200
v 0.000000 0.334600 1.939200
v 0.089554 -0.384856 -0.182217
v 0.000000 -0.073459 -0.993712
v 0.104430 0.509884 0.002684
v 0.057140 -0.468536 -0.025462
v 0.083053 -0.256567 -0.499442
v 0.071205 0.628427 0.728325
v 0.022884 -0.073346 -0.993808
v 0.043336 -0.065074 -0.932294
v 0.039772 -0.287045 -0.498926
v 0.059607 -0.357065 -0.340184
v 0.091767 0.401656 -0.336239
v 0.053729 -0.147101 -0.735983
v 0.069668 0.468915 -0.179614
v 0.036173 -0.509988 0.130519
v 0.053307 0.170572 -0.879998
v 0.072745 0.288500 -0.610922
v 0.039396 -0.427084 -0.181442
v 0.044831 -0.225883 -0.617422
v 0.054293 0.354088 -0.496078
v 0.019326 -0.091603 -0.837035
v 0.038253 0.149207 -1.024811
v 0.018417 -0.670964 0.182495
v 0.029908 -0.128162 -0.786477
v 0.022512 -0.063124 -1.050162
v 0.017576 0.146219 -1.052510
v 0.000000 -0.073009 -1.050099
v 0.000000 0.153445 -1.143104
v 0.000000 -0.073234 -1.024103
v 0.025101 -0.072905 -0.965287
v 0.005710 -0.121540 -1.193833
v 0.001734 0.160670 -1.233698
v 0.000000 -0.136974 -1.192929
v 0.000000 -0.104991 -1.121514
v 0.000000 -0.104991 -1.121514
v 0.019309 0.153445 -1.143104
v 0.205968 -0.008790 0.176068
v 0.206494 0.009128 1.258197
v 0.167462 0.047651 1.818442
v 0.206588 0.001606 0.718170
v 0.203574 0.043307 1.628913
v 0.143609 0.040803 2.026468
v 0.125089 0.061737 2.076802
v 0.204883 -0.019670 -0.186634
v 0.177553 0.006221 -0.501781
v 0.102762 0.019523 -0.932715
v 0.149193 0.009351 -0.735501
v 0.086767 0.015672 -1.050843
v 0.039834 -0.015371 -1.198992
v 0.068965 -0.022109 -1.124120
v 0.000000 0.214606 -1.309169
v 0.095926 -0.002442 -1.025059
v 0.117411 -0.005932 -0.887832
v 0.161725 -0.033490 -0.619744
v 0.189050 -0.066238 -0.345346
v 0.201712 -0.090276 -0.006421
v 0.155744 0.018835 1.920326
v 0.072874 0.005447 2.029420
v 0.170237 0.014779 1.786428
v 0.201712 -0.019591 1.445130
v 0.201712 -0.088004 0.674691
v 0.201712 -0.071804 1.224826
v 0.032574 0.229677 2.112220
v 0.100266 0.131984 2.122688
v 0.000000 0.214219 2.135578
v 0.052215 0.118027 2.124183
v 0.000000 0.258987 2.067011
v 0.069206 0.250775 2.067011
v 0.000000 0.061737 2.076802
v 0.030681 0.198762 2.158935
v 0.072471 0.164228 2.161675
v 0.000000 0.164228 2.161675
v 0.036968 0.159294 2.162066
v 0.089183 0.138661 2.143125
v 0.000000 0.138661 2.143125
v 0.063255 0.206008 2.135578
v 0.050572 -0.071959 2.145697
v 0.016309 -0.085132 2.149624
v 0.094297 0.038298 2.145264
v 0.052215 0.020251 2.118208
v 0.125089 0.012849 2.073814
v 0.032455 -0.135084 2.083973
v 0.000000 0.012849 2.073814
v 0.039816 -0.014583 2.196549
v 0.014881 -0.024715 2.200011
v 0.000000 -0.014583 2.196549
v 0.042082 0.056345 2.172320
v 0.031190 -0.054923 2.174817
v 0.000000 0.038298 2.145264
v 0.000000 -0.054923 2.174817
v 0.182971 -0.253979 0.160397
v 0.180702 -0.225553 1.263314
v 0.148748 -0.100072 1.844185
v 0.180818 -0.259378 0.719826
v 0.177934 -0.163246 1.566473
v 0.128755 -0.065985 2.025259
v 0.178693 -0.215941 -0.185314
v 0.156582 -0.134654 -0.501507
v 0.091433 -0.032564 -0.932261
v 0.129267 -0.076620 -0.736240
v 0.075438 -0.025846 -1.050415
v 0.028506 -0.073673 -1.196186
v 0.104430 -0.019268 2.129989
v 0.073524 0.025947 2.182703
v 0.000000 0.025947 2.182703
v 0.034989 0.015815 2.186165
v 0.087203 -0.008313 2.160040
v 0.174035 -0.279575 1.231598
v 0.174255 -0.316009 0.678718
v 0.171853 -0.248964 1.412989
v 0.152077 -0.161149 1.773250
v 0.113760 -0.061118 2.078894
v 0.133087 -0.115534 1.933948
v 0.003467 0.214606 -1.309169
v 0.046308 -0.058976 -1.123027
v 0.073270 -0.035604 -1.024440
v 0.094754 -0.046110 -0.885758
v 0.136658 -0.129686 -0.618583
v 0.160501 -0.211651 -0.342765
v 0.173872 -0.283188 -0.014471
v 0.141743 0.403745 0.182436
v 0.141743 0.408570 1.258660
v 0.122732 0.272898 1.837906
v 0.141743 0.448271 0.725424
v 0.140817 0.324521 1.592380
v 0.098178 0.217584 2.023707
v 0.141743 0.328260 -0.181620
v 0.116417 0.253422 -0.495411
v 0.067557 0.119787 -0.927746
v 0.095396 0.174900 -0.730844
v 0.052463 0.108920 -1.052034
v 0.013155 0.111453 -1.218379
v 0.076462 0.201764 2.115211
v 0.064717 0.188895 2.159718
v 0.000000 0.188895 2.159718
v 0.077924 0.176440 2.139351
v 0.034036 0.179028 2.160501
v 0.105433 0.160362 2.071907
v 0.179055 0.213909 -0.001869
v 0.166393 0.171815 -0.340792
v 0.139068 0.131611 -0.615333
v 0.094754 0.086425 -0.883915
v 0.073270 0.073383 -1.024935
v 0.046308 0.066929 -1.127308
v 0.011421 -0.167275 -1.272882
v 0.139515 0.155882 1.922414
v 0.154008 0.186077 1.800020
v 0.179055 0.204582 1.437212
v 0.179055 0.267211 0.680439
v 0.179055 0.250072 1.225530
v 0.041162 -0.354988 1.641349
v 0.000000 -0.292028 1.779306
v 0.000000 0.461730 1.640757
v 0.092787 0.399634 1.784650
v 0.188223 0.000501 1.686769
v 0.165539 -0.200901 1.631703
v 0.165566 0.212060 1.686555
v 0.131487 0.216786 1.714638
v 0.076163 -0.287887 1.708365
v 0.166734 -0.143566 1.705504
v 0.128560 0.327977 1.714510
v 0.048025 0.434787 1.712704
v 0.020146 -0.323508 1.710327
v 0.138228 0.067248 1.820166
v 0.174199 0.058004 1.612160
v 0.134226 0.019308 1.766124
v 0.111570 0.189427 1.765462
v 0.152212 0.014124 1.665184
v 0.129555 0.188715 1.662429
v 0.118896 0.053096 1.714926
v 0.168131 0.162697 1.613923
v 0.154817 0.034049 1.813103
v 0.138588 0.165670 1.818590
v 0.190788 0.028542 1.622625
v 0.154143 -0.003813 1.715135
v 0.104430 0.586631 1.037979
v 0.000000 0.588702 1.076660
v 0.048025 -0.498147 1.141052
v 0.201712 -0.080565 0.945260
v 0.174876 -0.299944 0.950585
v 0.179055 0.260819 0.948769
v 0.206743 0.006671 1.081833
v 0.076836 -0.450331 1.091849
v 0.182041 -0.236600 1.085819
v 0.064222 0.587482 1.085586
v 0.141743 0.421536 1.084513
v 0.030988 -0.572688 0.852603
v 0.045349 0.147833 -0.961435
v 0.000000 0.149207 -1.020415
v 0.030321 -0.533672 0.389279
v 0.010505 -0.073234 -1.024103
v 0.103924 -0.001219 -0.966611
v 0.081267 -0.040491 -0.965153
v 0.081267 0.077413 -0.964023
v 0.059060 0.113670 -0.997711
v 0.093758 -0.010866 -0.999267
v 0.082429 0.055881 -0.998612
v 0.062826 -0.046670 -0.998422
v 0.010505 -0.073459 -0.998107
v 0.020677 0.152196 -0.992716
v 0.000000 0.180011 -0.984190
v 0.038645 0.625455 0.686187
v 0.040009 0.616161 0.186642
v 0.021226 0.411203 -0.523759
v 0.008519 0.182076 -0.971757
v 0.040726 0.521386 0.002684
v 0.000000 0.598029 1.065718
v 0.032194 0.413135 -0.339453
v 0.023174 0.609989 0.987332
v 0.018355 0.182372 -0.882386
v 0.028118 0.300566 -0.613664
v 0.033776 0.527528 -0.196854
v 0.018285 0.302024 -0.754719
v 0.036514 0.639646 0.726088
v 0.029314 0.611915 0.892558
v 0.011247 0.202023 -0.933420
v 0.012078 0.595905 1.029279
v 0.014606 0.160447 -0.946563
v 0.006092 0.156923 -0.973390
v 0.026769 0.154887 -0.982088
v 0.033186 0.161605 -0.925909
v 0.046570 0.243190 -0.728509
v 0.027947 0.697072 0.176857
v 0.034775 0.651200 0.680837
v 0.029623 0.684503 0.448787
v 0.031313 0.673154 0.707641
v 0.016323 0.586542 -0.214685
v 0.000000 0.529173 -0.379718
v 0.033059 0.622303 -0.012897
v 0.000000 0.825015 0.082978
v 0.006485 0.468227 -0.546194
v 0.022808 0.525596 -0.381161
v 0.004908 0.360776 -0.783255
v 0.005544 0.268184 -0.906094
v 0.011394 0.412662 -0.664815
v 0.000000 0.416341 -0.664634
v 0.002733 0.241884 -0.941696
v 0.000000 0.330607 -0.827129
v 0.000000 0.223397 -0.965639
v 0.026865 0.629746 0.886829
v 0.000000 0.614231 1.024703
v 0.011096 0.612114 1.023771
v 0.005160 0.223651 -0.958615
v 0.002427 0.205164 -0.982557
v 0.044443 -0.536089 0.451363
v 0.104430 0.573535 0.306277
v 0.028770 -0.072352 -0.932466
v 0.201712 -0.090500 0.295772
v 0.176723 -0.310312 0.287834
v 0.179055 0.245623 0.301024
v 0.044634 0.585219 0.306277
v 0.033290 0.661178 0.302573
v 0.023714 0.644656 -0.090054
v 0.016553 0.666442 0.416192
v 0.037914 0.630237 0.422208
v 0.207518 -0.004148 0.418102
v 0.078031 -0.479452 0.422559
v 0.182971 -0.256738 0.419240
v 0.073576 0.596399 0.427571
v 0.022178 -0.535131 0.423389
v 0.141743 0.423624 0.424866
v 0.013670 0.792979 0.262461
v 0.007392 0.706760 0.032362
v 0.018602 0.719426 0.099700
v 0.000000 0.752041 0.050185
v 0.021231 0.742187 0.243943
v 0.001437 0.868664 0.115899
v 0.010021 0.752514 0.324022
v 0.000000 0.648646 -0.092269
v 0.026574 0.706293 0.369658
v 0.000000 0.712664 0.370556
v 0.000866 0.793775 0.071994
v 0.005189 0.809530 0.104000
v 0.007973 0.831253 0.168047
v 0.003650 0.838854 0.202377
v 0.000000 0.798390 0.263938
v 0.015534 0.780461 0.149528
v 0.008257 0.748495 0.054171
v 0.000000 0.851823 0.097431
v 0.001437 0.857174 0.107071
v 0.000000 0.863314 0.106259
v 0.003119 0.863862 0.131092
v 0.000000 0.870159 0.131535
v 0.001683 0.865357 0.146728
v 0.000866 0.820583 0.086448
v 0.005332 0.848994 0.174515
v 0.000000 0.855217 0.174589
v 0.005760 0.846121 0.124623
v 0.000000 0.690312 0.446510
v 0.011096 0.620209 0.984772
v 0.027377 0.698287 0.661909
v 0.000000 0.708500 0.840870
v 0.000000 0.737550 0.496967
v 0.018263 0.681270 0.819649
v 0.013070 0.708373 0.479105
v 0.007365 0.704068 0.839006
v 0.006337 0.674358 0.896976
v 0.017433 0.645104 0.939905
v 0.000000 0.649463 0.941843
v 0.017740 0.760001 0.627787
v 0.006113 0.834272 0.552670
v 0.001029 0.767991 0.717283
v 0.008021 0.744855 0.730947
v 0.008683 0.763737 0.518963
v 0.000000 0.842849 0.550102
v 0.001029 0.738209 0.782900
v 0.021752 0.734560 0.501101
v 0.022690 0.728261 0.668270
v 0.011692 0.797988 0.597177
v 0.061828 0.211185 -0.781609
v 0.000000 0.814174 0.625247
v 0.003477 0.799123 0.636276
v 0.005720 0.801000 0.523707
v 0.009584 -0.642863 0.056244
v 0.000000 0.802167 0.653530
v 0.000000 0.772386 0.719147
v 0.000000 0.783636 0.519563
v 0.014402 0.781101 0.523107
v 0.014767 0.778651 0.627045
v 0.002982 0.839200 0.555016
v 0.000764 0.830957 0.582267
v 0.003515 0.830839 0.532341
v 0.000000 0.836436 0.582183
v 0.000000 0.829792 0.598534
v 0.000000 0.817785 0.626817
v 0.000000 0.817946 0.527212
v 0.009235 0.813893 0.528836
v 0.008848 0.816495 0.582433
v 0.029419 -0.081977 -0.884750
v 0.136730 -0.017547 -0.789194
v 0.113537 -0.071609 -0.787956
v 0.114073 0.100925 -0.785401
v 0.023219 0.223344 -0.783374
v 0.007719 0.327214 -0.826405
v 0.000000 0.270745 -0.905881
v 0.002811 0.297045 -0.870279
v 0.012652 0.248534 -0.855059
v 0.080505 0.145421 -0.836166
v 0.120732 -0.020745 -0.841400
v 0.113311 0.067043 -0.839060
v 0.085216 -0.059634 -0.839061
v 0.022512 -0.164721 -0.735919
v 0.038477 0.199550 -0.836474
v 0.017036 -0.521100 0.242843
v 0.000000 -0.771519 0.299965
v 0.015546 -0.228006 -0.747947
v 0.019762 -0.497958 -0.204560
v 0.018428 -0.468536 -0.025462
v 0.018476 -0.576425 0.093381
v 0.005648 -0.739360 0.139542
v 0.019561 -0.357065 -0.340184
v 0.016976 -0.615639 0.331957
v 0.000000 -0.622639 0.381575
v 0.017453 -0.225883 -0.617422
v 0.000000 -0.094137 -0.980625
v 0.009697 -0.145550 -0.845561
v 0.011930 -0.128162 -0.786477
v 0.026553 -0.072792 -0.960987
v 0.008592 -0.762134 0.208307
v 0.012379 -0.073346 -0.989412
v 0.020741 -0.355876 -0.518250
v 0.008143 -0.533672 0.381244
v 0.018901 -0.108497 -0.933697
v 0.018677 -0.081977 -0.884750
v 0.015312 -0.093911 -0.980816
v 0.010226 -0.568831 -0.227678
v 0.019810 -0.605847 -0.085717
v 0.010716 -0.424706 -0.537574
v 0.000000 -0.496769 -0.382626
v 0.020942 -0.496769 -0.382626
v 0.008118 -0.291292 -0.759975
v 0.000000 -0.357999 -0.648774
v 0.018834 -0.357999 -0.648774
v 0.004727 -0.144642 -0.934927
v 0.000000 -0.172069 -0.894507
v 0.013312 -0.245394 -0.807031
v 0.007660 -0.129615 -0.953525
v 0.000000 -0.129728 -0.953430
v 0.002933 -0.114701 -0.972028
v 0.011777 -0.741937 0.292909
v 0.008834 -0.704606 0.332288
v 0.000000 -0.245394 -0.807031
v 0.009921 -0.172069 -0.894507
v 0.005194 -0.199497 -0.854087
v 0.002944 -0.769529 0.297294
v 0.015232 -0.691160 0.097893
v 0.000000 -0.691063 0.097893
v 0.000000 -0.732198 0.336673
v 0.008762 -0.765109 0.160604
v 0.002944 -0.786798 0.279743
v 0.003114 -0.790564 0.181665
v 0.004793 -0.814507 0.203877
v 0.000000 -0.817968 0.204056
v 0.001679 -0.841911 0.226268
v 0.000000 -0.817178 0.254431
v 0.004623 -0.811532 0.251580
v 0.000000 -0.764816 0.160604
v 0.146765 -0.358652 0.149328
v 0.148611 -0.328748 1.266786
v 0.121576 -0.171091 1.845089
v 0.139310 -0.373812 0.721897
v 0.146425 -0.262200 1.563789
v 0.106811 -0.113606 2.022484
v 0.145204 -0.300398 -0.183765
v 0.128296 -0.195611 -0.500474
v 0.071625 -0.050519 -0.931951
v 0.100311 -0.111860 -0.736112
v 0.057399 -0.043354 -1.050288
v 0.017131 -0.095295 -1.195220
v 0.086477 -0.045613 2.137843
v 0.059923 0.005682 2.189626
v 0.000000 0.005682 2.189626
v 0.136552 -0.216646 1.704439
v 0.140335 -0.343465 1.088834
v 0.034948 -0.064529 -0.998212
v 0.144215 -0.368095 0.420900
v 0.048170 -0.080947 -0.837710
v 0.071990 -0.099885 -0.787216
v 0.114257 -0.416436 0.282394
v 0.053184 -0.056698 -0.965220
v 0.105029 -0.409633 0.953248
v 0.117437 -0.277945 1.636526
v 0.000000 -0.201364 -1.232343
v 0.095300 -0.169163 1.933626
v 0.079528 -0.098101 2.081434
v 0.106050 -0.226588 1.776278
v 0.123182 -0.341984 1.417586
v 0.105739 -0.430012 0.680731
v 0.120071 -0.383461 1.234985
v 0.059197 -0.031618 2.167429
v 0.024935 -0.004450 2.193088
v 0.028223 -0.079672 -1.122481
v 0.046956 -0.054419 -1.024271
v 0.062087 -0.064044 -0.885254
v 0.091950 -0.177785 -0.618003
v 0.113000 -0.284358 -0.341474
v 0.118098 -0.375862 -0.019966
v 0.104430 0.573304 1.139604
v 0.000000 0.581516 1.139604
v 0.201712 -0.074574 1.136422
v 0.174928 -0.286016 1.142737
v 0.179055 0.253471 1.138013
v 0.048164 -0.487347 1.238371
v 0.110902 -0.391737 1.145894
v 0.082705 -0.438865 1.203098
v 0.206588 0.008203 1.191806
v 0.145495 -0.334288 1.199797
v 0.181206 -0.229712 1.196497
v 0.052215 0.575550 1.193623
v 0.141743 0.413451 1.193104
v 0.007129 -0.491153 1.204748
v 0.047695 -0.533905 0.825854
v 0.104430 0.613720 0.773649
v 0.000000 -0.540172 0.771734
v 0.201712 -0.086278 0.762971
v 0.174060 -0.313225 0.767353
v 0.179055 0.267827 0.768310
v 0.036227 0.625931 0.761309
v 0.033293 0.645387 0.756834
v 0.025716 0.693678 0.717379
v 0.015893 0.756641 0.662481
v 0.009343 0.797998 0.614504
v 0.003746 0.834403 0.561225
v 0.000000 0.842398 0.559708
v 0.104820 -0.426699 0.769543
v 0.076367 -0.478625 0.817309
v 0.004241 0.815906 0.593296
v 0.000764 0.837601 0.565917
v 0.010469 0.775987 0.649941
v 0.018919 0.722057 0.711590
v 0.027696 0.665912 0.766573
v 0.033006 0.631672 0.792055
v 0.007455 -0.534882 0.818465
v 0.141743 0.441487 0.816535
v 0.069451 0.619435 0.806632
v 0.181128 -0.253599 0.812688
v 0.139570 -0.366112 0.814999
v 0.206898 0.002891 0.810441
v 0.000000 -0.517205 0.972546
v 0.013723 -0.498001 1.141172
v 0.006328 -0.503763 1.093356
v 0.000000 -0.499427 1.130385
v 0.007395 -0.493665 1.178201
v 0.013689 -0.518264 0.963223
v 0.007361 -0.531706 0.842412
v 0.059014 -0.606647 1.105905
v 0.000000 -0.532765 0.835100
v 0.000000 -0.493122 1.186080
v 0.048176 -0.491842 1.196748
v 0.031524 -0.491153 1.204748
v 0.014524 -0.491696 1.196868
v 0.031176 -0.492385 1.188869
v 0.048008 -0.518345 0.963300
v 0.031125 -0.532846 0.833166
v 0.031386 -0.534882 0.818465
v 0.014816 -0.533823 0.825777
v 0.077847 -0.663588 1.030392
v 0.045631 -0.610852 1.106025
v 0.046376 -0.613248 0.966500
v 0.051752 -0.606021 1.151046
v 0.059755 -0.608977 0.966577
v 0.053237 -0.610748 0.872193
v 0.029077 -0.558824 1.077120
v 0.054388 -0.556416 1.077120
v 0.053375 -0.570906 0.852757
v 0.030277 -0.550028 1.170077
v 0.052651 -0.548378 1.169837
v 0.095698 -0.719823 1.031545
v 0.098656 -0.728254 0.916330
v 0.082932 -0.725639 1.031665
v 0.079428 -0.718235 0.953669
v 0.090270 -0.724058 1.063311
v 0.092182 -0.712354 0.953747
v 0.083250 -0.709185 0.907516
v 0.074090 -0.657743 0.889932
v 0.062397 -0.662189 0.889777
v 0.063407 -0.669294 1.030392
v 0.076865 -0.662882 1.107058
v 0.065156 -0.667197 1.107298
v 0.120865 -0.775463 0.976304
v 0.111878 -0.773520 0.959008
v 0.108100 -0.781279 0.976424
v 0.100883 -0.765946 0.941960
v 0.117087 -0.783222 0.993721
v 0.113637 -0.760064 0.942038
v 0.102643 -0.752490 0.924990
v 0.087237 -0.733421 0.916176
v 0.097957 -0.756158 1.028636
v 0.109400 -0.751122 1.028396
v 0.093075 -0.750760 0.979454
v 0.107163 -0.744164 0.979454
v 0.104430 0.601099 0.563704
v 0.044873 -0.542360 0.636989
v 0.201712 -0.088809 0.552527
v 0.175424 -0.314308 0.556219
v 0.179055 0.260251 0.558115
v 0.040576 0.612483 0.563704
v 0.033985 0.656508 0.555807
v 0.045157 -0.544015 0.682745
v 0.026791 0.702224 0.576100
v 0.017563 0.761194 0.577436
v 0.006548 0.831351 0.543321
v 0.000000 0.840585 0.541550
v 0.011572 0.798790 0.562870
v 0.108565 -0.427058 0.558065
v 0.075869 -0.485782 0.639508
v 0.008957 0.815766 0.567414
v 0.003131 0.837921 0.547755
v 0.014665 0.779338 0.597920
v 0.030839 0.676334 0.635105
v 0.022427 0.730026 0.621426
v 0.071870 0.619453 0.644049
v 0.036906 0.637009 0.640936
v 0.207053 -0.000007 0.634086
v 0.140684 -0.372210 0.637552
v 0.181421 -0.258638 0.635596
v 0.005407 -0.542567 0.640426
v 0.141743 0.441365 0.641202
v 0.044651 -0.537055 0.484662
v 0.104430 0.589509 0.455465
v 0.000000 -0.536089 0.451363
v 0.201712 -0.089520 0.444571
v 0.176457 -0.312804 0.447967
v 0.179055 0.254100 0.450018
v 0.042282 0.601019 0.455465
v 0.033286 0.661199 0.445318
v 0.026273 0.705702 0.500271
v 0.017406 0.762249 0.532940
v 0.006932 0.828770 0.535061
v 0.000000 0.836085 0.534396
v 0.011467 0.799499 0.532553
v 0.111062 -0.424447 0.449665
v 0.141743 0.428196 0.480617
v 0.005017 -0.537047 0.479336
v 0.182571 -0.257228 0.474996
v 0.143305 -0.369156 0.476732
v 0.207053 -0.003081 0.473762
v 0.003416 0.834015 0.537116
v 0.077474 -0.481083 0.478468
v 0.009163 0.814376 0.538778
v 0.014470 0.780647 0.542386
v 0.029936 0.682398 0.496802
v 0.021926 0.733392 0.532109
v 0.073136 0.602340 0.483359
v 0.037654 0.631982 0.478575
v 0.000000 -0.539600 0.561775
v 0.005381 -0.542160 0.633495
v 0.010464 -0.539606 0.561760
v 0.005017 -0.537047 0.479336
v 0.021503 -0.585609 0.550323
v 0.000000 -0.537047 0.479336
v 0.044746 -0.539608 0.561740
v 0.000000 -0.542361 0.636993
v 0.027740 -0.542159 0.633491
v 0.027921 -0.542567 0.640426
v 0.010788 -0.542366 0.636928
v 0.000000 -0.537046 0.484693
v 0.027282 -0.537047 0.479336
v 0.010100 -0.537047 0.484683
v 0.005083 -0.537046 0.490039
v 0.027469 -0.537055 0.490008
v 0.034151 -0.579588 0.550303
v 0.028381 -0.583447 0.616425
v 0.027273 -0.581751 0.484201
v 0.016485 -0.564280 0.624957
v 0.039637 -0.561326 0.624959
v 0.039260 -0.557870 0.487084
v 0.015482 -0.560936 0.487126
v 0.043626 -0.632089 0.515804
v 0.056274 -0.626068 0.515784
v 0.043666 -0.615569 0.553617
v 0.056234 -0.642589 0.477970
v 0.042198 -0.596561 0.585022
v 0.048228 -0.609096 0.481065
v 0.029850 -0.602455 0.585020
v 0.035280 -0.615244 0.481107
v 0.005710 -0.247098 -1.311392
v 0.001734 0.268543 -1.384639
v 0.000000 -0.265754 -1.271756
v 0.005710 -0.580585 -1.528848
v 0.039834 0.067217 -1.479171
v 0.001734 0.447931 -1.757233
v 0.022749 0.034358 -1.495550
v 0.028506 -0.117319 -1.432429
v 0.000000 -0.117319 -1.432429
v 0.011421 -0.167878 -1.455094
v 0.013155 0.217169 -1.407338
v 0.039834 0.329604 -1.802176
v 0.003467 0.317603 -1.470546
v 0.017131 -0.198161 -1.403061
v 0.000000 -0.595879 -1.500138
v 0.011421 -0.311782 -1.394786
v 0.022842 -0.126181 -1.325398
v 0.045499 -0.003441 -1.346593
v 0.000000 -0.201364 -1.232343
v 0.022842 0.114015 -1.316548
v 0.195465 -0.145524 0.169995
v 0.194709 -0.122358 1.259841
v 0.160077 -0.013324 1.827789
v 0.194747 -0.144944 0.717755
v 0.193786 -0.037068 1.602087
v 0.140083 -0.018364 2.028033
v 0.194039 -0.131484 -0.186863
v 0.169785 -0.073698 -0.502539
v 0.102762 -0.011208 -0.933226
v 0.141131 -0.041380 -0.736369
v 0.086767 -0.010600 -1.050541
v 0.039834 -0.052051 -1.197152
v 0.104430 0.007078 2.122135
v 0.080617 0.046212 2.175781
v 0.000000 0.046212 2.175781
v 0.178062 -0.058237 1.710763
v 0.195155 -0.129734 1.082804
v 0.082429 -0.028782 -0.998774
v 0.195465 -0.145381 0.417580
v 0.109404 -0.039567 -0.840291
v 0.194877 -0.125135 1.193197
v 0.194851 -0.141085 0.810378
v 0.194948 -0.145067 0.633640
v 0.195332 -0.145300 0.473260
v 0.039834 -0.016201 -1.452657
v 0.000000 -0.016201 -1.452657
v 0.017085 -0.066760 -1.409764
v 0.189085 -0.201162 0.446269
v 0.188568 -0.201558 0.554373
v 0.187886 -0.199751 0.765162
v 0.188320 -0.180295 1.139579
v 0.125133 -0.044578 -0.788575
v 0.189218 -0.200406 0.291803
v 0.092595 -0.020855 -0.965882
v 0.188294 -0.190254 0.947922
v 0.179129 -0.105910 1.640275
v 0.187792 -0.186732 -0.010446
v 0.174775 -0.138944 -0.344055
v 0.149191 -0.081588 -0.619164
v 0.106083 -0.026021 -0.886795
v 0.084598 -0.019023 -1.024749
v 0.057636 -0.040542 -1.123574
v 0.038535 0.036080 2.179242
v 0.090750 0.014992 2.152652
v 0.187874 -0.175690 1.228212
v 0.187984 -0.202007 0.676704
v 0.186783 -0.139835 1.416798
v 0.163405 -0.082489 1.776438
v 0.119424 -0.024135 2.076354
v 0.144416 -0.050523 1.935495
v 0.034170 -0.064811 -1.303216
v 0.001734 0.366663 -1.556454
v 0.039834 0.203369 -1.643001
v 0.000000 0.407297 -1.656843
v 0.022749 0.181226 -1.654757
v 0.013155 0.318230 -1.582094
v 0.000000 0.248756 -1.729512
v 0.045499 0.248756 -1.729512
v 0.000000 0.317603 -1.470546
v 0.022842 0.217796 -1.518886
v 0.000000 0.107792 -1.575153
v 0.045499 0.107792 -1.575153
v 0.005710 -0.409574 -1.404371
v 0.022749 0.316286 -1.804266
v 0.013155 0.408744 -1.776569
v 0.000000 0.361465 -1.859056
v 0.045499 0.361465 -1.859056
v 0.022842 0.319678 -1.701820
v 0.003467 0.407297 -1.656843
v 0.001734 0.503829 -1.914720
v 0.039834 0.430047 -1.923943
v 0.000000 0.430047 -1.923943
v 0.022749 0.406643 -1.913846
v 0.013155 0.502043 -1.934477
v 0.000000 0.502043 -1.934477
v 0.011421 0.500258 -1.954234
v 0.022842 0.434908 -1.875070
v 0.003467 0.475880 -1.835977
v 0.000000 0.475880 -1.835977
v 0.000000 -0.424027 -1.370198
v 0.000000 -0.435611 -1.568917
v 0.011421 -0.340440 -1.528321
v 0.017131 -0.367781 -1.483432
v 0.022842 -0.435611 -1.568917
v 0.000000 -0.509953 -1.435168
v 0.022842 -0.254159 -1.491707
v 0.000000 -0.344891 -1.320977
v 0.000000 -0.344891 -1.320977
v 0.000000 -0.254159 -1.491708
v 0.000000 -0.617242 -1.523047
v 0.011421 -0.530782 -1.609513
v 0.017131 -0.548037 -1.583535
v 0.000000 -0.633673 -1.653013
v 0.011421 -0.642127 -1.597696
v 0.000000 -0.509953 -1.435168
v 0.011421 -0.480206 -1.498050
v 0.005710 -0.678784 -1.591895
v 0.000000 -0.638606 -1.545955
v 0.000000 -0.678784 -1.591895
v 0.011421 -0.736563 -1.696514
v 0.017131 -0.727763 -1.667174
v 0.000000 -0.727763 -1.667174
v 0.005710 -0.718963 -1.637835
v 0.022842 -0.633673 -1.653013
v 0.000000 -0.617242 -1.523047
v 0.194639 0.156224 0.178615
v 0.195165 0.168905 1.258382
v 0.163403 0.107784 1.825463
v 0.195259 0.180272 0.721072
v 0.198721 0.109345 1.614150
v 0.132280 0.111516 2.024564
v 0.193554 0.119502 -0.184629
v 0.166224 0.105101 -0.499233
v 0.091433 0.059629 -0.930727
v 0.137864 0.075571 -0.733638
v 0.075438 0.052971 -1.051319
v 0.028506 0.036367 -1.201704
v 0.091939 0.159896 2.119697
v 0.069538 0.174095 2.160892
v 0.000000 0.174095 2.160892
v 0.126900 0.132535 1.821661
v 0.162871 0.127763 1.611561
v 0.107568 0.157927 1.712769
v 0.195414 0.172617 1.082905
v 0.093758 0.017355 -0.999213
v 0.196189 0.166961 0.420808
v 0.124640 0.014792 -0.840990
v 0.195259 0.170302 1.192325
v 0.195569 0.178330 0.812879
v 0.195724 0.176542 0.636932
v 0.195724 0.169430 0.476504
v 0.028506 0.132935 -1.446414
v 0.028506 0.356239 -1.797996
v 0.028506 0.247655 -1.619490
v 0.028506 0.476854 -1.944137
v 0.000000 0.476854 -1.944137
v 0.017085 0.453451 -1.934040
v 0.034170 0.398186 -1.867063
v 0.034170 0.162794 -1.547019
v 0.034170 0.284217 -1.715666
v 0.034170 0.055287 -1.331570
v 0.212858 0.082290 0.447294
v 0.212393 0.085721 0.555321
v 0.211773 0.090775 0.765640
v 0.211618 0.089448 1.137217
v 0.137103 0.041689 -0.787298
v 0.211773 0.077562 0.298398
v 0.092595 0.038097 -0.965317
v 0.211928 0.090127 0.947014
v 0.185808 0.090181 1.615633
v 0.140884 0.096975 1.661902
v 0.122898 0.101035 1.768968
v 0.211369 0.089134 1.225178
v 0.211928 0.089603 0.677565
v 0.207178 0.089438 1.439165
v 0.150248 0.092192 1.823038
v 0.154701 0.080961 1.922117
v 0.118786 0.111050 2.072355
v 0.035502 0.169161 2.161283
v 0.083554 0.157550 2.141238
v 0.209138 0.061817 -0.004145
v 0.193386 0.052789 -0.343069
v 0.165020 0.049061 -0.617539
v 0.109990 0.040246 -0.885873
v 0.084598 0.035470 -1.024997
v 0.057636 0.022410 -1.125714
v 0.174559 0.181662 1.636372
v 0.156573 0.214214 1.748570
v 0.157408 0.147348 1.824713
v 0.168557 0.074420 1.823184
v 0.179230 -0.006517 1.737309
v 0.197216 0.021475 1.646349
v 0.204258 0.072447 1.622855
v 0.186709 0.144601 1.612104
v 0.104430 0.601354 0.904672
v 0.064292 0.602045 0.990598
v 0.012007 0.587482 1.085586
v 0.024084 0.594684 1.038205
v -0.085684 -0.459542 0.136789
v -0.085530 -0.431943 1.270259
v -0.104430 0.563737 1.226234
v -0.023769 -0.483541 1.271995
v -0.049458 -0.522559 0.276954
v -0.052215 0.568347 1.258845
v -0.066302 -0.230729 1.847219
v -0.104430 0.614214 0.686187
v -0.046575 -0.540172 0.771734
v -0.075488 0.570566 0.184983
v -0.075027 -0.488245 0.723968
v -0.022644 -0.545462 0.725004
v -0.082436 -0.345046 1.569510
v -0.021015 -0.386468 1.572370
v -0.051289 0.488672 1.568811
v -0.036415 -0.292028 1.779306
v -0.103504 0.520298 1.413828
v -0.044784 -0.435005 1.422183
v -0.016268 -0.260548 1.848285
v -0.044762 0.380903 1.856597
v -0.032414 -0.222792 1.933304
v -0.099315 0.453518 1.640757
v -0.061411 -0.161227 2.019710
v -0.016145 -0.185037 2.018323
v -0.036633 0.288297 2.021803
v -0.081394 0.326389 1.939200
v -0.089554 -0.384856 -0.182216
v -0.104430 0.509884 0.002684
v -0.057140 -0.468536 -0.025462
v -0.083053 -0.256567 -0.499442
v -0.071205 0.628427 0.728325
v -0.022884 -0.073346 -0.993808
v -0.043336 -0.065074 -0.932294
v -0.039772 -0.287045 -0.498926
v -0.059607 -0.357065 -0.340184
v -0.091767 0.401656 -0.336239
v -0.053729 -0.147101 -0.735983
v -0.069668 0.468915 -0.179614
v -0.036173 -0.509988 0.130519
v -0.053307 0.170572 -0.879998
v -0.072745 0.288500 -0.610922
v -0.039396 -0.427084 -0.181442
v -0.044831 -0.225883 -0.617422
v -0.054293 0.354088 -0.496078
v -0.019326 -0.091603 -0.837035
v -0.038253 0.149207 -1.024811
v -0.018417 -0.670964 0.182495
v -0.029908 -0.128162 -0.786477
v -0.022512 -0.063124 -1.050162
v -0.017576 0.146219 -1.052510
v -0.025101 -0.072905 -0.965287
v -0.005710 -0.121540 -1.193833
v -0.001734 0.160670 -1.233698
v -0.019309 0.153445 -1.143104
v -0.205968 -0.008790 0.176068
v -0.206494 0.009128 1.258197
v -0.167462 0.047651 1.818442
v -0.206588 0.001606 0.718170
v -0.203574 0.043307 1.628913
v -0.143609 0.040803 2.026468
v -0.125089 0.061737 2.076802
v -0.204883 -0.019670 -0.186634
v -0.177553 0.006221 -0.501781
v -0.102762 0.019523 -0.932715
v -0.149193 0.009351 -0.735501
v -0.086767 0.015672 -1.050843
v -0.039834 -0.015371 -1.198992
v -0.068965 -0.022109 -1.124120
v -0.095926 -0.002442 -1.025059
v -0.117411 -0.005932 -0.887832
v -0.161725 -0.033490 -0.619744
v -0.189050 -0.066238 -0.345346
v -0.201712 -0.090276 -0.006421
v -0.155744 0.018835 1.920326
v -0.072874 0.005447 2.029420
v -0.170237 0.014779 1.786428
v -0.201712 -0.019591 1.445130
v -0.201712 -0.088004 0.674691
v -0.201712 -0.071804 1.224826
v -0.032574 0.229677 2.112220
v -0.100266 0.131984 2.122688
v -0.052215 0.118027 2.124183
v -0.069206 0.250775 2.067011
v -0.030681 0.198762 2.158935
v -0.072471 0.164228 2.161675
v -0.036968 0.159294 2.162066
v -0.089183 0.138661 2.143125
v -0.063255 0.206008 2.135578
v -0.050572 -0.071959 2.145697
v -0.016309 -0.085132 2.149624
v -0.094297 0.038298 2.145264
v -0.052215 0.020251 2.118208
v -0.125089 0.012849 2.073814
v -0.032455 -0.135084 2.083973
v -0.039816 -0.014583 2.196549
v -0.014881 -0.024715 2.200011
v -0.042082 0.056345 2.172320
v -0.031190 -0.054923 2.174817
v -0.182971 -0.253979 0.160397
v -0.180702 -0.225553 1.263314
v -0.148748 -0.100072 1.844185
v -0.180818 -0.259378 0.719826
v -0.177934 -0.163246 1.566473
v -0.128755 -0.065985 2.025259
v -0.178693 -0.215941 -0.185314
v -0.156582 -0.134654 -0.501507
v -0.091433 -0.032564 -0.932261
v -0.129267 -0.076620 -0.736240
v -0.075438 -0.025846 -1.050415
v -0.028506 -0.073673 -1.196186
v -0.104430 -0.019268 2.129989
v -0.073524 0.025947 2.182703
v -0.034989 0.015815 2.186165
v -0.087203 -0.008313 2.160040
v -0.174035 -0.279575 1.231598
v -0.174255 -0.316009 0.678718
v -0.171853 -0.248964 1.412989
v -0.152077 -0.161149 1.773250
v -0.113760 -0.061118 2.078894
v -0.133087 -0.115534 1.933948
v -0.003467 0.214606 -1.309169
v -0.046308 -0.058976 -1.123027
v -0.073270 -0.035604 -1.024440
v -0.094754 -0.046110 -0.885758
v -0.136658 -0.129686 -0.618583
v -0.160501 -0.211651 -0.342765
v -0.173872 -0.283188 -0.014471
v -0.141743 0.403745 0.182436
v -0.141743 0.408570 1.258660
v -0.122732 0.272898 1.837906
v -0.141743 0.448271 0.725424
v -0.140817 0.324521 1.592380
v -0.098178 0.217584 2.023707
v -0.141743 0.328260 -0.181620
v -0.116417 0.253422 -0.495411
v -0.067557 0.119787 -0.927746
v -0.095396 0.174900 -0.730844
v -0.052463 0.108920 -1.052034
v -0.013155 0.111453 -1.218379
v -0.076462 0.201764 2.115211
v -0.064717 0.188895 2.159718
v -0.077924 0.176440 2.139351
v -0.034036 0.179028 2.160501
v -0.105433 0.160362 2.071907
v -0.179055 0.213909 -0.001869
v -0.166393 0.171815 -0.340792
v -0.139068 0.131611 -0.615333
v -0.094754 0.086425 -0.883915
v -0.073270 0.073383 -1.024935
v -0.046308 0.066929 -1.127308
v -0.011421 -0.167274 -1.272882
v -0.139515 0.155882 1.922414
v -0.154008 0.186077 1.800020
v -0.179055 0.204582 1.437212
v -0.179055 0.267210 0.680439
v -0.179055 0.250072 1.225530
v -0.041162 -0.354988 1.641349
v -0.092787 0.399634 1.784650
v -0.188223 0.000501 1.686769
v -0.165539 -0.200901 1.631703
v -0.165566 0.212060 1.686555
v -0.131487 0.216786 1.714638
v -0.076163 -0.287887 1.708365
v -0.166734 -0.143566 1.705504
v -0.128560 0.327977 1.714510
v -0.048025 0.434787 1.712704
v -0.020146 -0.323508 1.710327
v -0.138228 0.067248 1.820166
v -0.174199 0.058004 1.612160
v -0.134226 0.019308 1.766124
v -0.111570 0.189427 1.765462
v -0.152212 0.014124 1.665184
v -0.129555 0.188715 1.662429
v -0.118896 0.053096 1.714926
v -0.168131 0.162697 1.613923
v -0.154817 0.034049 1.813103
v -0.138588 0.165670 1.818590
v -0.190788 0.028542 1.622625
v -0.154143 -0.003813 1.715135
v -0.104430 0.586631 1.037979
v -0.048025 -0.498147 1.141052
v -0.201712 -0.080565 0.945260
v -0.174876 -0.299944 0.950585
v -0.179055 0.260819 0.948769
v -0.206743 0.006671 1.081833
v -0.076836 -0.450331 1.091849
v -0.182041 -0.236600 1.085819
v -0.064222 0.587482 1.085586
v -0.141743 0.421536 1.084513
v -0.030988 -0.572688 0.852603
v -0.045349 0.147833 -0.961435
v -0.030321 -0.533672 0.389279
v -0.010505 -0.073234 -1.024103
v -0.103924 -0.001219 -0.966611
v -0.081267 -0.040491 -0.965153
v -0.081267 0.077413 -0.964023
v -0.059060 0.113670 -0.997711
v -0.093758 -0.010866 -0.999267
v -0.082429 0.055881 -0.998612
v -0.062826 -0.046670 -0.998422
v -0.010505 -0.073459 -0.998107
v -0.020677 0.152196 -0.992716
v -0.038645 0.625455 0.686187
v -0.040009 0.616161 0.186642
v -0.021226 0.411203 -0.523759
v -0.008519 0.182076 -0.971757
v -0.040726 0.521386 0.002684
v -0.032194 0.413135 -0.339453
v -0.023174 0.609989 0.987332
v -0.018355 0.182372 -0.882386
v -0.028118 0.300566 -0.613664
v -0.033776 0.527528 -0.196854
v -0.018285 0.302024 -0.754719
v -0.036514 0.639646 0.726088
v -0.029314 0.611915 0.892558
v -0.011247 0.202023 -0.933420
v -0.012078 0.595905 1.029279
v -0.014606 0.160447 -0.946563
v -0.006092 0.156923 -0.973390
v -0.026769 0.154887 -0.982088
v -0.033186 0.161605 -0.925909
v -0.046570 0.243190 -0.728509
v -0.027947 0.697072 0.176857
v -0.034775 0.651200 0.680837
v -0.029623 0.684503 0.448787
v -0.031313 0.673154 0.707641
v -0.016323 0.586542 -0.214685
v -0.033059 0.622303 -0.012897
v -0.006485 0.468227 -0.546194
v -0.022808 0.525596 -0.381161
v -0.004908 0.360776 -0.783255
v -0.005544 0.268184 -0.906094
v -0.011394 0.412662 -0.664815
v -0.002733 0.241884 -0.941696
v -0.026865 0.629746 0.886829
v -0.011096 0.612114 1.023771
v -0.005160 0.223651 -0.958615
v -0.002427 0.205164 -0.982557
v -0.044443 -0.536089 0.451363
v -0.104430 0.573535 0.306277
v -0.028770 -0.072352 -0.932466
v -0.201712 -0.090500 0.295772
v -0.176723 -0.310312 0.287834
v -0.179055 0.245623 0.301024
v -0.044634 0.585219 0.306277
v -0.033290 0.661178 0.302573
v -0.023714 0.644656 -0.090054
v -0.016553 0.666442 0.416192
v -0.037914 0.630237 0.422208
v -0.207518 -0.004148 0.418102
v -0.078031 -0.479452 0.422559
v -0.182971 -0.256738 0.419240
v -0.073576 0.596399 0.427571
v -0.022178 -0.535131 0.423389
v -0.141743 0.423624 0.424866
v -0.013670 0.792979 0.262461
v -0.007392 0.706760 0.032362
v -0.018602 0.719426 0.099700
v -0.021231 0.742187 0.243943
v -0.001437 0.868664 0.115899
v -0.010021 0.752514 0.324022
v -0.026574 0.706293 0.369658
v -0.000866 0.793775 0.071994
v -0.005189 0.809530 0.104000
v -0.007973 0.831253 0.168047
v -0.003650 0.838854 0.202377
v -0.015534 0.780461 0.149528
v -0.008257 0.748495 0.054171
v -0.001437 0.857174 0.107071
v -0.003119 0.863862 0.131092
v -0.001683 0.865357 0.146728
v -0.000866 0.820583 0.086448
v -0.005332 0.848994 0.174515
v -0.005760 0.846121 0.124623
v -0.011096 0.620209 0.984772
v -0.027377 0.698287 0.661909
v -0.018263 0.681270 0.819649
v -0.013070 0.708373 0.479105
v -0.007365 0.704068 0.839006
v -0.006337 0.674358 0.896976
v -0.017433 0.645104 0.939905
v -0.017740 0.760001 0.627787
v -0.006113 0.834272 0.552670
v -0.001029 0.767991 0.717283
v -0.008021 0.744855 0.730947
v -0.008683 0.763737 0.518963
v -0.001029 0.738209 0.782900
v -0.021752 0.734560 0.501101
v -0.022690 0.728261 0.668270
v -0.011692 0.797988 0.597177
v -0.061828 0.211185 -0.781609
v -0.003477 0.799123 0.636276
v -0.005720 0.801000 0.523707
v -0.009584 -0.642863 0.056244
v -0.014402 0.781101 0.523107
v -0.014767 0.778651 0.627045
v -0.002982 0.839200 0.555016
v -0.000764 0.830957 0.582267
v -0.003515 0.830839 0.532341
v -0.009235 0.813893 0.528836
v -0.008848 0.816495 0.582433
v -0.029419 -0.081977 -0.884750
v -0.136730 -0.017547 -0.789194
v -0.113537 -0.071609 -0.787956
v -0.114073 0.100925 -0.785401
v -0.023219 0.223344 -0.783374
v -0.007719 0.327214 -0.826405
v -0.002811 0.297045 -0.870279
v -0.012652 0.248534 -0.855059
v -0.080505 0.145421 -0.836166
v -0.120732 -0.020745 -0.841400
v -0.113311 0.067043 -0.839060
v -0.085216 -0.059634 -0.839061
v -0.022512 -0.164721 -0.735919
v -0.038477 0.199550 -0.836474
v -0.017036 -0.521100 0.242843
v -0.015546 -0.228006 -0.747947
v -0.019762 -0.497958 -0.204560
v -0.018428 -0.468536 -0.025462
v -0.018476 -0.576425 0.093381
v -0.005648 -0.739360 0.139542
v -0.019561 -0.357065 -0.340184
v -0.016976 -0.615639 0.331957
v -0.017453 -0.225883 -0.617422
v -0.009697 -0.145550 -0.845561
v -0.011930 -0.128162 -0.786477
v -0.026553 -0.072792 -0.960987
v -0.008592 -0.762134 0.208307
v -0.012379 -0.073346 -0.989412
v -0.020741 -0.355876 -0.518250
v -0.008143 -0.533672 0.381244
v -0.018901 -0.108497 -0.933697
v -0.018677 -0.081977 -0.884750
v -0.015312 -0.093911 -0.980816
v -0.010226 -0.568831 -0.227678
v -0.019810 -0.605847 -0.085717
v -0.010716 -0.424706 -0.537574
v -0.020942 -0.496769 -0.382626
v -0.008118 -0.291292 -0.759975
v -0.018834 -0.357999 -0.648774
v -0.004727 -0.144642 -0.934927
v -0.013312 -0.245394 -0.807031
v -0.007660 -0.129615 -0.953525
v -0.002933 -0.114701 -0.972028
v -0.011777 -0.741937 0.292909
v -0.008834 -0.704606 0.332288
v -0.009921 -0.172069 -0.894507
v -0.005194 -0.199497 -0.854087
v -0.002944 -0.769529 0.297294
v -0.015232 -0.691160 0.097893
v -0.008762 -0.765109 0.160604
v -0.002944 -0.786798 0.279743
v -0.003114 -0.790564 0.181665
v -0.004793 -0.814507 0.203877
v -0.001679 -0.841911 0.226268
v -0.004623 -0.811532 0.251580
v -0.146765 -0.358652 0.149328
v -0.148611 -0.328748 1.266786
v -0.121576 -0.171091 1.845089
v -0.139310 -0.373812 0.721897
v -0.146425 -0.262200 1.563789
v -0.106811 -0.113606 2.022484
v -0.145204 -0.300398 -0.183765
v -0.128296 -0.195611 -0.500474
v -0.071625 -0.050519 -0.931951
v -0.100311 -0.111860 -0.736112
v -0.057399 -0.043354 -1.050288
v -0.017131 -0.095295 -1.195219
v -0.086477 -0.045613 2.137843
v -0.059923 0.005682 2.189626
v -0.136552 -0.216646 1.704439
v -0.140335 -0.343465 1.088834
v -0.034948 -0.064529 -0.998212
v -0.144215 -0.368095 0.420900
v -0.048170 -0.080947 -0.837710
v -0.071990 -0.099885 -0.787216
v -0.114257 -0.416436 0.282394
v -0.053184 -0.056698 -0.965220
v -0.105029 -0.409633 0.953248
v -0.117437 -0.277945 1.636526
v -0.095300 -0.169163 1.933626
v -0.079528 -0.098101 2.081434
v -0.106050 -0.226588 1.776278
v -0.123182 -0.341984 1.417586
v -0.105739 -0.430012 0.680731
v -0.120071 -0.383461 1.234985
v -0.059197 -0.031618 2.167429
v -0.024935 -0.004450 2.193088
v -0.028223 -0.079672 -1.122481
v -0.046956 -0.054419 -1.024271
v -0.062087 -0.064044 -0.885254
v -0.091950 -0.177785 -0.618003
v -0.113000 -0.284358 -0.341474
v -0.118098 -0.375862 -0.019966
v -0.104430 0.573304 1.139604
v -0.201712 -0.074574 1.136422
v -0.174928 -0.286016 1.142737
v -0.179055 0.253471 1.138013
v -0.048164 -0.487347 1.238371
v -0.110902 -0.391737 1.145894
v -0.082705 -0.438865 1.203098
v -0.206588 0.008203 1.191806
v -0.145495 -0.334288 1.199797
v -0.181206 -0.229712 1.196497
v -0.052215 0.575550 1.193623
v -0.141743 0.413451 1.193104
v -0.007129 -0.491153 1.204748
v -0.047695 -0.533905 0.825854
v -0.104430 0.613720 0.773649
v -0.201712 -0.086278 0.762971
v -0.174060 -0.313225 0.767353
v -0.179055 0.267827 0.768310
v -0.036227 0.625931 0.761309
v -0.033293 0.645387 0.756834
v -0.025716 0.693678 0.717379
v -0.015893 0.756641 0.662481
v -0.009343 0.797998 0.614504
v -0.003746 0.834403 0.561225
v -0.104820 -0.426699 0.769543
v -0.076367 -0.478625 0.817309
v -0.004241 0.815906 0.593296
v -0.000764 0.837601 0.565917
v -0.010469 0.775987 0.649941
v -0.018919 0.722057 0.711590
v -0.027696 0.665912 0.766573
v -0.033006 0.631672 0.792055
v -0.007455 -0.534882 0.818465
v -0.141743 0.441487 0.816535
v -0.069451 0.619435 0.806632
v -0.181128 -0.253599 0.812688
v -0.139570 -0.366112 0.814999
v -0.206898 0.002891 0.810441
v -0.013723 -0.498001 1.141172
v -0.006328 -0.503763 1.093356
v -0.007395 -0.493665 1.178201
v -0.013689 -0.518264 0.963223
v -0.007361 -0.531706 0.842412
v -0.059014 -0.606647 1.105905
v -0.048176 -0.491842 1.196748
v -0.031524 -0.491153 1.204748
v -0.014524 -0.491696 1.196868
v -0.031176 -0.492385 1.188869
v -0.048008 -0.518345 0.963300
v -0.031125 -0.532846 0.833166
v -0.031386 -0.534882 0.818465
v -0.014816 -0.533823 0.825777
v -0.077847 -0.663588 1.030392
v -0.045631 -0.610852 1.106025
v -0.046376 -0.613248 0.966500
v -0.051752 -0.606021 1.151046
v -0.059755 -0.608977 0.966577
v -0.053237 -0.610748 0.872193
v -0.029077 -0.558824 1.077120
v -0.054388 -0.556416 1.077120
v -0.053375 -0.570906 0.852757
v -0.030277 -0.550028 1.170077
v -0.052651 -0.548378 1.169837
v -0.095698 -0.719823 1.031545
v -0.098656 -0.728254 0.916330
v -0.082932 -0.725639 1.031665
v -0.079428 -0.718235 0.953669
v -0.090270 -0.724058 1.063311
v -0.092182 -0.712354 0.953747
v -0.083250 -0.709185 0.907516
v -0.074090 -0.657743 0.889932
v -0.062397 -0.662189 0.889777
v -0.063407 -0.669294 1.030392
v -0.076865 -0.662882 1.107058
v -0.065156 -0.667197 1.107298
v -0.120865 -0.775463 0.976304
v -0.111878 -0.773520 0.959008
v -0.108100 -0.781279 0.976424
v -0.100883 -0.765946 0.941960
v -0.117087 -0.783222 0.993721
v -0.113637 -0.760064 0.942038
v -0.102643 -0.752490 0.924990
v -0.087237 -0.733421 0.916176
v -0.097957 -0.756158 1.028636
v -0.109400 -0.751122 1.028396
v -0.093075 -0.750760 0.979454
v -0.107163 -0.744164 0.979454
v -0.104430 0.601099 0.563704
v -0.044873 -0.542360 0.636989
v -0.201712 -0.088809 0.552527
v -0.175424 -0.314308 0.556219
v -0.179055 0.260251 0.558115
v -0.040576 0.612483 0.563704
v -0.033985 0.656508 0.555807
v -0.045157 -0.544015 0.682745
v -0.026791 0.702224 0.576100
v -0.017563 0.761194 0.577436
v -0.006548 0.831351 0.543321
v -0.011572 0.798790 0.562870
v -0.108565 -0.427058 0.558065
v -0.075869 -0.485782 0.639508
v -0.008957 0.815766 0.567414
v -0.003131 0.837921 0.547755
v -0.014665 0.779338 0.597920
v -0.030839 0.676334 0.635105
v -0.022427 0.730026 0.621426
v -0.071870 0.619453 0.644049
v -0.036906 0.637009 0.640936
v -0.207053 -0.000007 0.634086
v -0.140684 -0.372210 0.637552
v -0.181421 -0.258638 0.635596
v -0.005407 -0.542567 0.640426
v -0.141743 0.441365 0.641202
v -0.044651 -0.537055 0.484662
v -0.104430 0.589509 0.455465
v -0.201712 -0.089520 0.444571
v -0.176457 -0.312804 0.447967
v -0.179055 0.254100 0.450018
v -0.042282 0.601019 0.455465
v -0.033286 0.661199 0.445318
v -0.026273 0.705702 0.500271
v -0.017406 0.762249 0.532940
v -0.006932 0.828770 0.535061
v -0.011467 0.799499 0.532553
v -0.111062 -0.424447 0.449665
v -0.141743 0.428196 0.480617
v -0.005017 -0.537047 0.479336
v -0.182571 -0.257228 0.474996
v -0.143305 -0.369156 0.476732
v -0.207053 -0.003081 0.473762
v -0.003416 0.834015 0.537116
v -0.077474 -0.481083 0.478468
v -0.009163 0.814376 0.538778
v -0.014470 0.780647 0.542386
v -0.029936 0.682398 0.496802
v -0.021926 0.733392 0.532109
v -0.073136 0.602340 0.483359
v -0.037654 0.631982 0.478575
v -0.005381 -0.542160 0.633495
v -0.010464 -0.539606 0.561760
v -0.005017 -0.537047 0.479336
v -0.021503 -0.585609 0.550323
v -0.044746 -0.539608 0.561740
v -0.027740 -0.542159 0.633491
v -0.027921 -0.542567 0.640426
v -0.010788 -0.542366 0.636928
v -0.027282 -0.537047 0.479336
v -0.010100 -0.537047 0.484683
v -0.005083 -0.537046 0.490039
v -0.027469 -0.537055 0.490008
v -0.034151 -0.579588 0.550303
v -0.028381 -0.583447 0.616425
v -0.027273 -0.581751 0.484201
v -0.016485 -0.564280 0.624957
v -0.039637 -0.561326 0.624959
v -0.039260 -0.557870 0.487084
v -0.015482 -0.560936 0.487126
v -0.043626 -0.632089 0.515804
v -0.056274 -0.626068 0.515784
v -0.043666 -0.615569 0.553617
v -0.056234 -0.642589 0.477970
v -0.042198 -0.596561 0.585022
v -0.048228 -0.609096 0.481065
v -0.029850 -0.602455 0.585020
v -0.035280 -0.615244 0.481107
v -0.005710 -0.247098 -1.311392
v -0.001734 0.268543 -1.384639
v -0.005710 -0.580585 -1.528848
v -0.039834 0.067217 -1.479171
v -0.001734 0.447931 -1.757233
v -0.022749 0.034358 -1.495550
v -0.028506 -0.117319 -1.432429
v -0.011421 -0.167878 -1.455094
v -0.013155 0.217169 -1.407338
v -0.039834 0.329604 -1.802176
v -0.003467 0.317603 -1.470546
v -0.017131 -0.198160 -1.403061
v -0.011421 -0.311782 -1.394786
v -0.022842 -0.126181 -1.325398
v -0.045499 -0.003441 -1.346593
v -0.022842 0.114015 -1.316548
v -0.195465 -0.145524 0.169995
v -0.194709 -0.122358 1.259841
v -0.160077 -0.013324 1.827789
v -0.194747 -0.144944 0.717755
v -0.193786 -0.037068 1.602087
v -0.140083 -0.018364 2.028033
v -0.194039 -0.131484 -0.186863
v -0.169785 -0.073698 -0.502539
v -0.102762 -0.011208 -0.933226
v -0.141131 -0.041380 -0.736369
v -0.086767 -0.010600 -1.050541
v -0.039834 -0.052051 -1.197152
v -0.104430 0.007078 2.122135
v -0.080617 0.046212 2.175781
v -0.178062 -0.058237 1.710763
v -0.195155 -0.129734 1.082804
v -0.082429 -0.028782 -0.998774
v -0.195465 -0.145381 0.417580
v -0.109404 -0.039567 -0.840291
v -0.194877 -0.125135 1.193197
v -0.194851 -0.141085 0.810378
v -0.194948 -0.145067 0.633640
v -0.195332 -0.145300 0.473260
v -0.039834 -0.016201 -1.452657
v -0.017085 -0.066760 -1.409764
v -0.189085 -0.201162 0.446269
v -0.188568 -0.201558 0.554373
v -0.187886 -0.199751 0.765162
v -0.188320 -0.180295 1.139579
v -0.125133 -0.044578 -0.788575
v -0.189218 -0.200406 0.291803
v -0.092595 -0.020855 -0.965882
v -0.188294 -0.190254 0.947922
v -0.179129 -0.105910 1.640275
v -0.187792 -0.186732 -0.010446
v -0.174775 -0.138944 -0.344055
v -0.149191 -0.081588 -0.619164
v -0.106083 -0.026021 -0.886795
v -0.084598 -0.019023 -1.024749
v -0.057636 -0.040542 -1.123574
v -0.038535 0.036080 2.179242
v -0.090750 0.014992 2.152652
v -0.187874 -0.175690 1.228212
v -0.187984 -0.202007 0.676704
v -0.186783 -0.139835 1.416798
v -0.163405 -0.082489 1.776438
v -0.119424 -0.024135 2.076354
v -0.144416 -0.050523 1.935495
v -0.034170 -0.064811 -1.303216
v -0.001734 0.366663 -1.556454
v -0.039834 0.203369 -1.643001
v -0.022749 0.181226 -1.654757
v -0.013155 0.318230 -1.582094
v -0.045499 0.248756 -1.729512
v -0.022842 0.217796 -1.518886
v -0.045499 0.107792 -1.575153
v -0.005710 -0.409574 -1.404371
v -0.022749 0.316286 -1.804266
v -0.013155 0.408744 -1.776569
v -0.045499 0.361465 -1.859056
v -0.022842 0.319678 -1.701820
v -0.003467 0.407297 -1.656843
v -0.001734 0.503829 -1.914720
v -0.039834 0.430047 -1.923943
v -0.022749 0.406643 -1.913846
v -0.013155 0.502043 -1.934477
v -0.011421 0.500258 -1.954234
v -0.022842 0.434908 -1.875070
v -0.003467 0.475880 -1.835977
v -0.011421 -0.340440 -1.528321
v -0.017131 -0.367781 -1.483432
v -0.022842 -0.435611 -1.568917
v -0.022842 -0.254159 -1.491708
v -0.011421 -0.530782 -1.609513
v -0.017131 -0.548037 -1.583535
v -0.011421 -0.642127 -1.597696
v -0.011421 -0.480206 -1.498050
v -0.005710 -0.678784 -1.591895
v -0.011421 -0.736563 -1.696514
v -0.017131 -0.727763 -1.667174
v -0.005710 -0.718963 -1.637835
v -0.022842 -0.633673 -1.653013
v -0.194639 0.156224 0.178615
v -0.195165 0.168905 1.258382
v -0.163403 0.107784 1.825463
v -0.195259 0.180272 0.721072
v -0.198721 0.109345 1.614150
v -0.132280 0.111516 2.024564
v -0.193554 0.119502 -0.184629
v -0.166224 0.105101 -0.499233
v -0.091433 0.059629 -0.930727
v -0.137864 0.075571 -0.733638
v -0.075438 0.052971 -1.051319
v -0.028506 0.036367 -1.201704
v -0.091939 0.159896 2.119697
v -0.069538 0.174095 2.160892
v -0.126900 0.132535 1.821661
v -0.162871 0.127763 1.611561
v -0.107568 0.157927 1.712769
v -0.195414 0.172617 1.082905
v -0.093758 0.017355 -0.999213
v -0.196189 0.166961 0.420808
v -0.124640 0.014792 -0.840990
v -0.195259 0.170302 1.192325
v -0.195569 0.178330 0.812879
v -0.195724 0.176542 0.636932
v -0.195724 0.169430 0.476504
v -0.028506 0.132935 -1.446414
v -0.028506 0.356239 -1.797996
v -0.028506 0.247655 -1.619490
v -0.028506 0.476854 -1.944137
v -0.017085 0.453451 -1.934040
v -0.034170 0.398186 -1.867063
v -0.034170 0.162794 -1.547019
v -0.034170 0.284217 -1.715666
v -0.034170 0.055287 -1.331570
v -0.212858 0.082290 0.447294
v -0.212393 0.085721 0.555321
v -0.211773 0.090775 0.765640
v -0.211618 0.089448 1.137217
v -0.137103 0.041689 -0.787298
v -0.211773 0.077562 0.298398
v -0.092595 0.038097 -0.965317
v -0.211928 0.090127 0.947014
v -0.185808 0.090181 1.615633
v -0.140884 0.096975 1.661902
v -0.122898 0.101035 1.768968
v -0.211369 0.089134 1.225178
v -0.211928 0.089603 0.677565
v -0.207178 0.089438 1.439165
v -0.150248 0.092192 1.823038
v -0.154701 0.080961 1.922117
v -0.118786 0.111050 2.072355
v -0.035502 0.169161 2.161283
v -0.083554 0.157550 2.141238
v -0.209138 0.061817 -0.004145
v -0.193386 0.052789 -0.343069
v -0.165020 0.049061 -0.617539
v -0.109990 0.040246 -0.885873
v -0.084598 0.035470 -1.024997
v -0.057636 0.022410 -1.125714
v -0.174559 0.181662 1.636372
v -0.156573 0.214214 1.748570
v -0.157408 0.147348 1.824713
v -0.168557 0.074420 1.823184
v -0.179230 -0.006517 1.737309
v -0.197216 0.021475 1.646349
v -0.204258 0.072447 1.622855
v -0.186709 0.144601 1.612104
v -0.104430 0.601354 0.904672
v -0.064292 0.602045 0.990598
v -0.012007 0.587482 1.085586
v -0.024084 0.594684 1.038205
v 0.022117 -0.488108 1.231647
v 0.141743 0.411010 1.225882
v 0.050432 0.298639 -0.612293
v 0.051752 0.528509 1.413828
v 0.052215 0.571949 1.226234
v 0.035831 0.180578 -0.881192
v 0.141743 0.444818 0.683313
v 0.020226 -0.543725 0.674269
v 0.018207 -0.292028 1.779306
v 0.022392 -0.435005 1.422183
v 0.141280 0.366546 1.425520
v 0.016207 -0.222792 1.933304
v 0.046394 0.407845 1.784650
v 0.130932 0.281802 1.777131
v 0.034603 0.258987 2.067011
v 0.110455 0.245241 1.930807
v 0.040697 0.334600 1.939200
v 0.015160 -0.534401 0.402317
v 0.087619 -0.422199 -0.022714
v 0.037784 -0.468536 -0.025462
v 0.013385 0.154559 -0.983053
v 0.086303 -0.320711 -0.340829
v 0.074532 0.583483 0.306277
v 0.064257 0.594763 1.038092
v 0.011442 -0.073402 -0.993760
v 0.068391 -0.201834 -0.617713
v 0.019126 0.149207 -1.022613
v 0.031142 -0.225883 -0.617422
v 0.045753 -0.073010 -0.885002
v 0.000000 -0.104991 -1.121514
v 0.005252 -0.073234 -1.024103
v 0.028730 -0.063827 -1.024187
v 0.000000 -0.201364 -1.232343
v 0.014111 -0.092332 -1.121997
v 0.009655 0.153445 -1.143104
v 0.063301 0.000151 -1.124917
v 0.028506 -0.095496 -1.314307
v 0.090262 0.016514 -1.025028
v 0.113701 0.017157 -0.886852
v 0.163373 0.007786 -0.618641
v 0.191218 -0.006725 -0.344208
v 0.205425 -0.014230 -0.005283
v 0.150080 -0.015844 1.927911
v 0.122256 -0.005643 2.075084
v 0.170202 -0.029158 1.767745
v 0.194247 -0.079713 1.430964
v 0.194848 -0.145005 0.675698
v 0.194793 -0.123747 1.226519
v 0.044592 0.138661 2.143125
v 0.062544 0.061737 2.076802
v 0.087320 0.209674 2.069459
v 0.032359 0.188895 2.159718
v 0.070590 0.195330 2.137464
v 0.031628 0.214219 2.135578
v 0.092523 0.026645 2.148958
v 0.062544 0.012849 2.073813
v 0.016227 -0.135084 2.083973
v 0.040308 0.046212 2.175781
v 0.047148 0.038298 2.145264
v 0.015595 -0.054923 2.174817
v 0.029962 0.005682 2.189626
v 0.073200 -0.019966 2.163734
v 0.147053 -0.331518 1.233292
v 0.139997 -0.373011 0.679725
v 0.147518 -0.295474 1.415288
v 0.129064 -0.193869 1.774764
v 0.096644 -0.079609 2.080163
v 0.114193 -0.142348 1.933787
v 0.017131 -0.146728 -1.299140
v 0.051972 -0.049759 -1.123300
v 0.078934 -0.027314 -1.024594
v 0.100418 -0.036065 -0.886276
v 0.142925 -0.105637 -0.618873
v 0.167638 -0.175298 -0.343410
v 0.180832 -0.234960 -0.012458
v 0.080739 0.166995 2.140295
v 0.034769 0.174095 2.160892
v 0.112110 0.135706 2.072130
v 0.141743 0.366002 0.000408
v 0.129080 0.290841 -0.338516
v 0.105907 0.214161 -0.613128
v 0.074031 0.132604 -0.881956
v 0.055761 0.111295 -1.024873
v 0.032809 0.110187 -1.135206
v 0.001734 0.214606 -1.309169
v 0.149462 0.120698 1.903854
v 0.155862 0.063112 1.819587
v 0.193366 0.143374 1.472203
v 0.195492 0.178407 0.679002
v 0.195212 0.169603 1.225354
v 0.153860 0.192384 1.662783
v 0.141488 -0.239423 1.634114
v 0.187283 -0.035848 1.657248
v 0.141763 0.301590 1.654115
v 0.049657 0.461729 1.640757
v 0.020581 -0.354988 1.641349
v 0.117234 0.145231 1.767215
v 0.135219 0.142845 1.662165
v 0.176516 0.012166 1.667212
v 0.138445 0.194435 1.769456
v 0.158531 0.011561 1.763620
v 0.180448 0.126917 1.613474
v 0.195492 0.175473 0.947892
v 0.139952 -0.354789 0.951916
v 0.195003 -0.135410 0.946591
v 0.070328 0.623931 0.767479
v 0.134280 0.465650 0.958494
v 0.031255 -0.533864 0.825816
v 0.063308 0.116729 -0.962729
v 0.086931 -0.030673 -0.965517
v 0.098260 0.018439 -0.965964
v 0.039142 -0.064802 -0.965253
v 0.033247 -0.521830 0.259899
v 0.061981 0.411501 -0.337846
v 0.038962 0.623199 0.304425
v 0.004259 0.181043 -0.977973
v 0.036893 0.571844 -0.005106
v 0.009883 0.192049 -0.952588
v 0.019756 0.356614 -0.639239
v 0.011587 0.604009 1.026525
v 0.011950 0.225278 -0.894240
v 0.072578 0.519740 0.002684
v 0.029978 0.158246 -0.953999
v 0.011857 0.646651 -0.091162
v 0.014812 0.687408 0.447649
v 0.005697 0.414501 -0.664724
v 0.011404 0.527384 -0.380439
v 0.002772 0.269465 -0.905988
v 0.007397 0.615518 1.011082
v 0.002580 0.223524 -0.962126
v 0.027501 0.469366 -0.360307
v 0.034760 0.635659 0.759072
v 0.025830 0.670864 0.043401
v 0.037784 0.631109 0.450392
v 0.195414 0.161592 0.299711
v 0.145490 -0.363374 0.285114
v 0.195465 -0.145453 0.293788
v 0.073356 0.599370 0.455465
v 0.039584 -0.357065 -0.340184
v 0.141743 0.413685 0.303651
v 0.014602 0.786720 0.205995
v 0.006835 0.795684 0.263199
v 0.013287 0.709478 0.370107
v 0.027260 0.701683 0.273258
v 0.002666 0.852106 0.174552
v 0.000433 0.822799 0.084713
v 0.011896 0.764478 0.101850
v 0.004129 0.750268 0.052178
v 0.000718 0.860244 0.106665
v 0.001560 0.867011 0.131313
v 0.005546 0.847557 0.149569
v 0.003313 0.833352 0.105535
v 0.029504 0.669533 0.737107
v 0.021839 0.733976 0.516605
v 0.010876 0.736055 0.499034
v 0.008716 0.647284 0.940874
v 0.029780 0.683451 0.472795
v 0.007201 0.782368 0.521335
v 0.000514 0.770188 0.718215
v 0.020804 0.725159 0.689930
v 0.003683 0.706284 0.839938
v 0.004618 0.815920 0.528024
v 0.000000 0.815979 0.626032
v 0.014436 0.780874 0.532747
v 0.012618 0.777319 0.638493
v 0.003056 0.838560 0.551386
v 0.000382 0.833696 0.582225
v 0.009199 0.814134 0.533807
v 0.006544 0.816200 0.587864
v 0.003860 0.328911 -0.826767
v 0.015469 0.275279 -0.804890
v 0.087951 0.160161 -0.783505
v 0.119335 -0.058093 -0.788266
v 0.136916 0.012071 -0.788246
v 0.050949 -0.114024 -0.786847
v 0.020919 -0.128162 -0.786477
v 0.042523 0.221370 -0.782492
v 0.017107 -0.101204 -0.957256
v 0.012621 -0.186778 -0.796754
v 0.014299 -0.127023 -0.889628
v 0.019119 -0.537191 -0.055589
v 0.008488 -0.619139 0.356766
v 0.018143 -0.291941 -0.633098
v 0.007656 -0.094024 -0.980720
v 0.025827 -0.072849 -0.963137
v 0.024048 -0.081977 -0.884750
v 0.010471 -0.496769 -0.382626
v 0.009905 -0.605847 -0.085717
v 0.009417 -0.357999 -0.648774
v 0.004961 -0.172069 -0.894507
v 0.003830 -0.129672 -0.953477
v 0.007616 -0.691112 0.097893
v 0.006656 -0.245394 -0.807031
v 0.020251 -0.426917 -0.361405
v 0.017726 -0.596032 0.212669
v 0.001962 -0.775949 0.292334
v 0.013504 -0.716549 0.195401
v 0.005889 -0.737068 0.314791
v 0.002311 -0.814355 0.253005
v 0.002396 -0.816238 0.203967
v 0.004381 -0.764962 0.160604
v 0.006692 -0.788320 0.206092
v 0.092764 -0.085747 -0.787586
v 0.081857 -0.469497 0.279674
v 0.067226 -0.048594 -0.965187
v 0.070787 -0.478168 0.930312
v 0.079300 -0.316466 1.638937
v 0.005710 -0.184319 -1.252612
v 0.063857 -0.195978 1.933465
v 0.055991 -0.116593 2.082704
v 0.071233 -0.259308 1.777792
v 0.083983 -0.388494 1.419884
v 0.075448 -0.487013 0.681738
v 0.084117 -0.435404 1.236678
v 0.045194 -0.043271 2.171123
v 0.019908 -0.014583 2.196549
v 0.037265 -0.069324 -1.122754
v 0.060113 -0.045012 -1.024355
v 0.078421 -0.055077 -0.885506
v 0.114304 -0.153735 -0.618293
v 0.136750 -0.248005 -0.342120
v 0.145985 -0.329525 -0.017218
v 0.073329 -0.454184 1.155728
v 0.195337 0.171460 1.137615
v 0.142915 -0.338877 1.144316
v 0.195016 -0.127435 1.138000
v 0.046575 0.582709 1.128801
v 0.141743 0.417493 1.138809
v 0.053881 -0.563661 0.964939
v 0.075697 -0.483435 0.770639
v 0.002120 0.815040 0.609272
v 0.001873 0.838400 0.560467
v 0.005749 0.771989 0.683612
v 0.013142 0.713063 0.775298
v 0.022564 0.655508 0.853239
v 0.028090 0.620831 0.889693
v 0.021612 -0.539114 0.781080
v 0.141743 0.444879 0.770979
v 0.066872 0.610740 0.898615
v 0.194799 -0.143015 0.764066
v 0.139440 -0.369962 0.768448
v 0.195414 0.179301 0.766975
v 0.006845 -0.517735 0.967884
v 0.006861 -0.498714 1.135778
v 0.007262 -0.492409 1.191474
v 0.031350 -0.491769 1.196808
v 0.030032 -0.565756 0.964861
v 0.062902 -0.665742 0.960085
v 0.007408 -0.533294 0.830438
v 0.075968 -0.660665 0.960162
v 0.029677 -0.554426 1.123598
v 0.053519 -0.552397 1.123478
v 0.042181 -0.571797 0.852680
v 0.041464 -0.549203 1.169957
v 0.103678 -0.753640 1.028516
v 0.092946 -0.730838 0.916253
v 0.077356 -0.663235 1.068725
v 0.068244 -0.659966 0.889855
v 0.071011 -0.665040 1.107178
v 0.064281 -0.668245 1.068845
v 0.107260 -0.763005 0.941999
v 0.114483 -0.778371 0.976364
v 0.095516 -0.753459 1.004045
v 0.108282 -0.747643 1.003925
v 0.102909 -0.736209 0.947892
v 0.090156 -0.742090 0.947815
v 0.066030 -0.502158 0.559905
v 0.008902 0.816130 0.574923
v 0.003274 0.835968 0.542436
v 0.014716 0.778995 0.612482
v 0.031076 0.674744 0.671373
v 0.022559 0.729144 0.644848
v 0.071537 0.623940 0.686187
v 0.036710 0.638328 0.683512
v 0.195724 0.172986 0.556718
v 0.141995 -0.370683 0.557142
v 0.195140 -0.145184 0.553450
v 0.045213 -0.602828 0.533043
v 0.141743 0.434780 0.560909
v 0.141743 0.425910 0.452741
v 0.019784 -0.536281 0.456958
v 0.195398 -0.145341 0.445420
v 0.143760 -0.368626 0.448816
v 0.195957 0.168195 0.448656
v 0.003466 0.832427 0.534728
v 0.077752 -0.480268 0.450514
v 0.009060 0.815071 0.553096
v 0.014567 0.779992 0.570153
v 0.030388 0.679366 0.565954
v 0.022177 0.731709 0.576768
v 0.072503 0.610896 0.563704
v 0.037280 0.634496 0.559755
v 0.005232 -0.539603 0.561767
v 0.027830 -0.542363 0.636958
v 0.005394 -0.542364 0.636960
v 0.028061 -0.562803 0.624958
v 0.027376 -0.537051 0.484672
v 0.005050 -0.537047 0.484688
v 0.039449 -0.559598 0.556021
v 0.027371 -0.559403 0.487105
v 0.015984 -0.562608 0.556041
v 0.049950 -0.629079 0.515794
v 0.036024 -0.599508 0.585021
v 0.032565 -0.608849 0.533063
v 0.041754 -0.612170 0.481086
v 0.013155 0.267700 -1.494716
v 0.019917 -0.016201 -1.452657
v 0.000000 -0.344891 -1.320977
v 0.001734 0.317603 -1.470546
v 0.017131 -0.282971 -1.443246
v 0.039834 0.025923 -1.339081
v 0.013155 0.164311 -1.312858
v 0.014253 -0.117319 -1.432429
v 0.182771 -0.256983 0.447118
v 0.181996 -0.257933 0.555296
v 0.180973 -0.256488 0.766257
v 0.181624 -0.233156 1.141158
v 0.130932 -0.031062 -0.788885
v 0.182971 -0.255359 0.289818
v 0.098260 -0.011037 -0.966246
v 0.181585 -0.245099 0.949254
v 0.172334 -0.153406 1.635989
v 0.194752 -0.138504 -0.008434
v 0.181912 -0.102591 -0.344701
v 0.155458 -0.057539 -0.619454
v 0.111747 -0.015977 -0.887313
v 0.090262 -0.010733 -1.024904
v 0.063301 -0.031326 -1.123847
v 0.036762 0.025947 2.182703
v 0.088977 0.003340 2.156346
v 0.180954 -0.227632 1.229905
v 0.181119 -0.259008 0.677711
v 0.179318 -0.194399 1.414894
v 0.157741 -0.121819 1.774844
v 0.116592 -0.042626 2.077624
v 0.138751 -0.083028 1.934721
v 0.039834 -0.034126 -1.324904
v 0.039834 0.266486 -1.722589
v 0.022749 0.248756 -1.729512
v 0.022749 0.107792 -1.575153
v 0.039834 0.135293 -1.561086
v 0.039834 0.379825 -1.863060
v 0.022749 0.361465 -1.859056
v 0.013155 0.363487 -1.679332
v 0.001734 0.407297 -1.656843
v 0.006577 0.502043 -1.934477
v 0.014253 0.476854 -1.944137
v 0.013155 0.455394 -1.855523
v 0.001734 0.475880 -1.835976
v 0.000000 -0.509953 -1.435168
v 0.011421 -0.435611 -1.568917
v 0.005710 -0.328336 -1.357881
v 0.011421 -0.254159 -1.491708
v 0.011421 -0.633673 -1.653013
v 0.017131 -0.637900 -1.625355
v 0.005710 -0.495080 -1.466609
v 0.017131 -0.457909 -1.533483
v 0.008566 -0.727763 -1.667174
v 0.002855 -0.678784 -1.591895
v 0.005710 -0.629685 -1.560371
v 0.000000 -0.617242 -1.523046
v 0.019917 0.430047 -1.923943
v 0.028506 0.416547 -1.871066
v 0.028506 0.190295 -1.532952
v 0.028506 0.301947 -1.708743
v 0.028506 0.084651 -1.324059
v 0.207285 -0.003615 0.445932
v 0.207053 -0.001544 0.553924
v 0.206743 0.002248 0.764306
v 0.206665 0.007437 1.136819
v 0.125588 0.071307 -0.786349
v 0.206743 -0.006469 0.297085
v 0.086931 0.057755 -0.964670
v 0.206820 0.004781 0.946137
v 0.191725 0.058496 1.620437
v 0.146548 0.055550 1.663543
v 0.128562 0.060172 1.767546
v 0.206541 0.008665 1.225002
v 0.206820 0.000800 0.676128
v 0.204643 0.038946 1.478852
v 0.147309 0.129106 1.822693
v 0.158015 0.052534 1.902107
v 0.121937 0.086393 2.074578
v 0.036235 0.164228 2.161674
v 0.086368 0.148106 2.142181
v 0.194097 0.137863 -0.003007
v 0.179889 0.112302 -0.341931
v 0.152044 0.090336 -0.616436
v 0.102372 0.063336 -0.884894
v 0.078934 0.054426 -1.024966
v 0.051972 0.044669 -1.126511
v 0.012042 0.591693 1.057432
v -0.022117 -0.488108 1.231647
v -0.141743 0.411010 1.225882
v -0.050432 0.298639 -0.612293
v -0.051752 0.528509 1.413828
v -0.052215 0.571949 1.226234
v -0.035831 0.180578 -0.881192
v -0.141743 0.444818 0.683313
v -0.020226 -0.543725 0.674269
v -0.018207 -0.292028 1.779306
v -0.022392 -0.435005 1.422183
v -0.141280 0.366546 1.425520
v -0.016207 -0.222792 1.933304
v -0.046394 0.407845 1.784650
v -0.130932 0.281802 1.777131
v -0.034603 0.258987 2.067011
v -0.110455 0.245241 1.930807
v -0.040697 0.334600 1.939200
v -0.015160 -0.534401 0.402317
v -0.087619 -0.422199 -0.022714
v -0.037784 -0.468536 -0.025462
v -0.013385 0.154559 -0.983053
v -0.086303 -0.320711 -0.340829
v -0.074532 0.583483 0.306277
v -0.064257 0.594763 1.038092
v -0.011442 -0.073402 -0.993760
v -0.068391 -0.201834 -0.617713
v -0.019126 0.149207 -1.022613
v -0.031142 -0.225883 -0.617422
v -0.045753 -0.073010 -0.885002
v -0.005252 -0.073234 -1.024103
v -0.028730 -0.063827 -1.024187
v -0.014111 -0.092332 -1.121997
v -0.009655 0.153445 -1.143104
v -0.063301 0.000151 -1.124917
v -0.028506 -0.095496 -1.314307
v -0.090262 0.016514 -1.025028
v -0.113701 0.017157 -0.886852
v -0.163373 0.007786 -0.618641
v -0.191218 -0.006725 -0.344208
v -0.205425 -0.014230 -0.005283
v -0.150080 -0.015844 1.927911
v -0.122256 -0.005643 2.075083
v -0.170202 -0.029158 1.767745
v -0.194247 -0.079713 1.430964
v -0.194848 -0.145005 0.675698
v -0.194793 -0.123747 1.226519
v -0.044592 0.138661 2.143125
v -0.062544 0.061737 2.076802
v -0.087320 0.209674 2.069459
v -0.032359 0.188895 2.159718
v -0.070590 0.195330 2.137465
v -0.031628 0.214219 2.135578
v -0.092523 0.026645 2.148958
v -0.062544 0.012849 2.073813
v -0.016227 -0.135084 2.083973
v -0.040308 0.046212 2.175781
v -0.047148 0.038298 2.145263
v -0.015595 -0.054923 2.174817
v -0.029962 0.005682 2.189626
v -0.073200 -0.019966 2.163734
v -0.147053 -0.331518 1.233292
v -0.139997 -0.373011 0.679725
v -0.147518 -0.295474 1.415288
v -0.129064 -0.193869 1.774764
v -0.096644 -0.079609 2.080163
v -0.114193 -0.142348 1.933787
v -0.017131 -0.146728 -1.299140
v -0.051972 -0.049759 -1.123300
v -0.078934 -0.027314 -1.024594
v -0.100418 -0.036065 -0.886276
v -0.142925 -0.105637 -0.618873
v -0.167638 -0.175298 -0.343410
v -0.180832 -0.234960 -0.012458
v -0.080739 0.166995 2.140295
v -0.034769 0.174095 2.160892
v -0.112110 0.135706 2.072131
v -0.141743 0.366002 0.000408
v -0.129080 0.290841 -0.338516
v -0.105907 0.214161 -0.613128
v -0.074031 0.132604 -0.881956
v -0.055761 0.111295 -1.024873
v -0.032809 0.110187 -1.135206
v -0.001734 0.214606 -1.309169
v -0.149462 0.120698 1.903854
v -0.155862 0.063112 1.819587
v -0.193366 0.143374 1.472203
v -0.195492 0.178407 0.679002
v -0.195212 0.169603 1.225354
v -0.153860 0.192384 1.662783
v -0.141488 -0.239423 1.634114
v -0.187283 -0.035848 1.657249
v -0.141763 0.301590 1.654115
v -0.049657 0.461730 1.640757
v -0.020581 -0.354988 1.641349
v -0.117234 0.145231 1.767215
v -0.135219 0.142845 1.662165
v -0.176516 0.012166 1.667212
v -0.138445 0.194435 1.769456
v -0.158531 0.011561 1.763620
v -0.180448 0.126917 1.613474
v -0.195492 0.175473 0.947892
v -0.139952 -0.354789 0.951916
v -0.195003 -0.135410 0.946591
v -0.070328 0.623931 0.767479
v -0.134280 0.465650 0.958494
v -0.031256 -0.533864 0.825816
v -0.063308 0.116729 -0.962729
v -0.086931 -0.030673 -0.965517
v -0.098260 0.018439 -0.965964
v -0.039142 -0.064802 -0.965253
v -0.033247 -0.521830 0.259899
v -0.061981 0.411501 -0.337846
v -0.038962 0.623199 0.304425
v -0.004259 0.181043 -0.977973
v -0.036893 0.571844 -0.005106
v -0.009883 0.192049 -0.952588
v -0.019756 0.356614 -0.639239
v -0.011587 0.604009 1.026525
v -0.011950 0.225278 -0.894240
v -0.072578 0.519740 0.002684
v -0.029978 0.158246 -0.953999
v -0.011857 0.646651 -0.091161
v -0.014812 0.687408 0.447649
v -0.005697 0.414501 -0.664724
v -0.011404 0.527384 -0.380439
v -0.002772 0.269465 -0.905988
v -0.007397 0.615518 1.011082
v -0.002580 0.223524 -0.962126
v -0.027501 0.469366 -0.360307
v -0.034760 0.635659 0.759072
v -0.025830 0.670864 0.043402
v -0.037784 0.631109 0.450392
v -0.195414 0.161592 0.299711
v -0.145490 -0.363374 0.285114
v -0.195465 -0.145453 0.293787
v -0.073356 0.599370 0.455465
v -0.039584 -0.357065 -0.340184
v -0.141743 0.413685 0.303651
v -0.014602 0.786720 0.205995
v -0.006835 0.795684 0.263199
v -0.013287 0.709478 0.370107
v -0.027260 0.701683 0.273258
v -0.002666 0.852106 0.174552
v -0.000433 0.822799 0.084713
v -0.011896 0.764478 0.101850
v -0.004129 0.750268 0.052178
v -0.000718 0.860244 0.106665
v -0.001560 0.867011 0.131313
v -0.005546 0.847557 0.149569
v -0.003313 0.833352 0.105535
v -0.029504 0.669533 0.737107
v -0.021839 0.733976 0.516605
v -0.010876 0.736055 0.499034
v -0.008716 0.647284 0.940874
v -0.029780 0.683451 0.472795
v -0.007201 0.782369 0.521335
v -0.000514 0.770188 0.718215
v -0.020804 0.725159 0.689930
v -0.003683 0.706284 0.839938
v -0.004618 0.815920 0.528024
v -0.014436 0.780874 0.532747
v -0.012618 0.777319 0.638493
v -0.003056 0.838560 0.551386
v -0.000382 0.833696 0.582225
v -0.009199 0.814134 0.533807
v -0.006544 0.816200 0.587864
v -0.003860 0.328911 -0.826767
v -0.015469 0.275279 -0.804890
v -0.087951 0.160161 -0.783505
v -0.119335 -0.058093 -0.788266
v -0.136916 0.012071 -0.788246
v -0.050949 -0.114024 -0.786847
v -0.020919 -0.128162 -0.786477
v -0.042523 0.221370 -0.782492
v -0.017107 -0.101204 -0.957256
v -0.012621 -0.186778 -0.796754
v -0.014299 -0.127023 -0.889629
v -0.019119 -0.537191 -0.055589
v -0.008488 -0.619139 0.356766
v -0.018143 -0.291941 -0.633098
v -0.007656 -0.094024 -0.980720
v -0.025827 -0.072849 -0.963137
v -0.024048 -0.081977 -0.884750
v -0.010471 -0.496769 -0.382626
v -0.009905 -0.605847 -0.085717
v -0.009417 -0.357999 -0.648774
v -0.004961 -0.172069 -0.894507
v -0.003830 -0.129672 -0.953477
v -0.007616 -0.691112 0.097893
v -0.006656 -0.245394 -0.807031
v -0.020251 -0.426917 -0.361405
v -0.017726 -0.596032 0.212669
v -0.001962 -0.775949 0.292334
v -0.013504 -0.716549 0.195401
v -0.005889 -0.737068 0.314791
v -0.002311 -0.814355 0.253005
v -0.002396 -0.816238 0.203967
v -0.004381 -0.764962 0.160604
v -0.006692 -0.788320 0.206092
v -0.092764 -0.085747 -0.787586
v -0.081857 -0.469497 0.279674
v -0.067226 -0.048594 -0.965186
v -0.070787 -0.478168 0.930312
v -0.079300 -0.316466 1.638937
v -0.005710 -0.184319 -1.252612
v -0.063857 -0.195978 1.933465
v -0.055991 -0.116593 2.082703
v -0.071233 -0.259308 1.777792
v -0.083983 -0.388494 1.419884
v -0.075448 -0.487013 0.681738
v -0.084117 -0.435404 1.236678
v -0.045194 -0.043271 2.171123
v -0.019908 -0.014583 2.196549
v -0.037265 -0.069324 -1.122754
v -0.060113 -0.045012 -1.024355
v -0.078421 -0.055077 -0.885506
v -0.114304 -0.153735 -0.618293
v -0.136750 -0.248005 -0.342120
v -0.145985 -0.329525 -0.017218
v -0.073329 -0.454184 1.155728
v -0.195337 0.171460 1.137615
v -0.142915 -0.338877 1.144316
v -0.195016 -0.127435 1.138000
v -0.046575 0.582709 1.128801
v -0.141743 0.417493 1.138809
v -0.053881 -0.563661 0.964939
v -0.075697 -0.483435 0.770639
v -0.002120 0.815040 0.609272
v -0.001873 0.838400 0.560467
v -0.005749 0.771989 0.683612
v -0.013142 0.713063 0.775298
v -0.022564 0.655508 0.853239
v -0.028090 0.620831 0.889693
v -0.021612 -0.539114 0.781080
v -0.141743 0.444879 0.770979
v -0.066872 0.610740 0.898615
v -0.194799 -0.143015 0.764066
v -0.139440 -0.369962 0.768448
v -0.195414 0.179301 0.766975
v -0.006845 -0.517735 0.967884
v -0.006861 -0.498714 1.135778
v -0.007262 -0.492409 1.191474
v -0.031350 -0.491769 1.196808
v -0.030032 -0.565756 0.964861
v -0.062902 -0.665742 0.960085
v -0.007408 -0.533294 0.830438
v -0.075968 -0.660665 0.960162
v -0.029677 -0.554426 1.123598
v -0.053519 -0.552397 1.123478
v -0.042181 -0.571797 0.852680
v -0.041464 -0.549203 1.169957
v -0.103678 -0.753640 1.028516
v -0.092946 -0.730838 0.916253
v -0.077356 -0.663235 1.068725
v -0.068244 -0.659966 0.889855
v -0.071011 -0.665040 1.107178
v -0.064281 -0.668245 1.068845
v -0.107260 -0.763005 0.941999
v -0.114483 -0.778371 0.976364
v -0.095516 -0.753459 1.004045
v -0.108282 -0.747643 1.003925
v -0.102909 -0.736209 0.947892
v -0.090156 -0.742091 0.947815
v -0.066030 -0.502158 0.559905
v -0.008902 0.816130 0.574923
v -0.003274 0.835968 0.542436
v -0.014716 0.778995 0.612482
v -0.031076 0.674744 0.671373
v -0.022559 0.729144 0.644848
v -0.071537 0.623940 0.686187
v -0.036710 0.638328 0.683512
v -0.195724 0.172986 0.556718
v -0.141995 -0.370683 0.557142
v -0.195140 -0.145184 0.553450
v -0.045213 -0.602828 0.533043
v -0.141743 0.434780 0.560909
v -0.141743 0.425910 0.452741
v -0.019784 -0.536281 0.456958
v -0.195398 -0.145341 0.445420
v -0.143760 -0.368626 0.448816
v -0.195957 0.168195 0.448656
v -0.003466 0.832427 0.534728
v -0.077752 -0.480268 0.450514
v -0.009060 0.815071 0.553096
v -0.014567 0.779992 0.570153
v -0.030388 0.679366 0.565954
v -0.022177 0.731709 0.576768
v -0.072503 0.610896 0.563704
v -0.037280 0.634496 0.559755
v -0.005232 -0.539603 0.561767
v -0.027830 -0.542363 0.636958
v -0.005394 -0.542364 0.636960
v -0.028061 -0.562803 0.624958
v -0.027376 -0.537051 0.484672
v -0.005050 -0.537047 0.484688
v -0.039449 -0.559598 0.556021
v -0.027371 -0.559403 0.487105
v -0.015984 -0.562608 0.556041
v -0.049950 -0.629079 0.515794
v -0.036024 -0.599508 0.585021
v -0.032565 -0.608849 0.533063
v -0.041754 -0.612170 0.481086
v -0.013155 0.267700 -1.494716
v -0.019917 -0.016201 -1.452657
v -0.001734 0.317603 -1.470546
v -0.017131 -0.282971 -1.443246
v -0.039834 0.025923 -1.339081
v -0.013155 0.164311 -1.312858
v -0.014253 -0.117319 -1.432429
v -0.182771 -0.256983 0.447118
v -0.181996 -0.257933 0.555296
v -0.180973 -0.256488 0.766257
v -0.181624 -0.233156 1.141158
v -0.130932 -0.031062 -0.788885
v -0.182971 -0.255359 0.289818
v -0.098260 -0.011037 -0.966246
v -0.181585 -0.245099 0.949254
v -0.172334 -0.153406 1.635989
v -0.194752 -0.138504 -0.008434
v -0.181912 -0.102591 -0.344701
v -0.155458 -0.057539 -0.619454
v -0.111747 -0.015977 -0.887313
v -0.090262 -0.010733 -1.024904
v -0.063301 -0.031326 -1.123847
v -0.036762 0.025947 2.182703
v -0.088977 0.003340 2.156346
v -0.180954 -0.227632 1.229905
v -0.181119 -0.259008 0.677711
v -0.179318 -0.194399 1.414893
v -0.157741 -0.121819 1.774844
v -0.116592 -0.042626 2.077624
v -0.138751 -0.083028 1.934721
v -0.039834 -0.034126 -1.324904
v -0.039834 0.266486 -1.722589
v -0.022749 0.248756 -1.729512
v -0.022749 0.107792 -1.575153
v -0.039834 0.135293 -1.561086
v -0.039834 0.379825 -1.863060
v -0.022749 0.361465 -1.859056
v -0.013155 0.363487 -1.679332
v -0.001734 0.407297 -1.656843
v -0.006577 0.502043 -1.934477
v -0.014253 0.476854 -1.944137
v -0.013155 0.455394 -1.855523
v -0.001734 0.475880 -1.835977
v -0.011421 -0.435611 -1.568917
v -0.005710 -0.328336 -1.357881
v -0.011421 -0.254159 -1.491708
v -0.011421 -0.633673 -1.653013
v -0.017131 -0.637900 -1.625355
v -0.005710 -0.495080 -1.466609
v -0.017131 -0.457909 -1.533483
v -0.008566 -0.727763 -1.667174
v -0.002855 -0.678784 -1.591895
v -0.005710 -0.629685 -1.560371
v -0.019917 0.430047 -1.923942
v -0.028506 0.416547 -1.871066
v -0.028506 0.190295 -1.532952
v -0.028506 0.301947 -1.708743
v -0.028506 0.084651 -1.324059
v -0.207285 -0.003615 0.445932
v -0.207053 -0.001544 0.553924
v -0.206743 0.002248 0.764306
v -0.206665 0.007437 1.136819
v -0.125588 0.071307 -0.786349
v -0.206743 -0.006469 0.297085
v -0.086931 0.057755 -0.964670
v -0.206820 0.004781 0.946137
v -0.191725 0.058496 1.620437
v -0.146548 0.055550 1.663543
v -0.128562 0.060172 1.767546
v -0.206541 0.008665 1.225002
v -0.206820 0.000800 0.676128
v -0.204643 0.038946 1.478852
v -0.147309 0.129106 1.822693
v -0.158015 0.052534 1.902107
v -0.121938 0.086393 2.074578
v -0.036235 0.164228 2.161674
v -0.086368 0.148106 2.142181
v -0.194097 0.137863 -0.003007
v -0.179889 0.112302 -0.341931
v -0.152044 0.090336 -0.616436
v -0.102372 0.063336 -0.884894
v -0.078934 0.054426 -1.024966
v -0.051972 0.044669 -1.126511
v -0.012042 0.591693 1.057432
vn -0.0000 -0.9937 0.1125
vn 0.9743 0.2250 0.0127
vn 0.9714 0.2364 0.0218
vn 0.9710 0.2381 0.0220
vn 0.9739 0.2266 0.0128
vn 0.3920 0.8246 -0.4079
vn 0.4056 0.8190 -0.4059
vn 0.0943 0.8966 -0.4328
vn 0.1125 0.8947 -0.4323
vn 0.1512 0.9572 0.2467
vn -0.0000 0.9685 0.2490
vn 0.1525 0.9570 0.2467
vn 0.1544 0.9820 0.1085
vn -0.0000 0.9940 0.1098
vn 0.4770 0.7979 -0.3687
vn 0.4849 0.7936 -0.3675
vn 0.1109 0.9111 -0.3970
vn 0.1296 0.9087 -0.3968
vn 0.9784 0.2064 -0.0143
vn 0.9762 0.2160 -0.0204
vn 0.9765 0.2148 -0.0203
vn 0.9786 0.2052 -0.0143
vn -0.0001 -0.9994 -0.0342
vn -0.0000 -0.9994 -0.0341
vn 0.0001 -0.9994 -0.0342
vn -0.0000 -0.9994 -0.0342
vn -0.0000 -0.9097 0.4152
vn -0.0000 -0.9515 0.3075
vn 0.9717 0.2289 0.0584
vn 0.9684 0.2406 0.0654
vn 0.9672 0.2450 0.0665
vn 0.9707 0.2327 0.0594
vn -0.0000 -0.9139 0.4059
vn 0.1605 0.9225 0.3509
vn -0.0000 0.9365 0.3507
vn 0.1660 0.9216 0.3508
vn 0.9410 0.2860 0.1812
vn 0.9381 0.3017 0.1702
vn 0.9435 0.2901 0.1599
vn 0.9482 0.2656 0.1742
vn 0.9404 0.2766 0.1981
vn 0.1886 0.8182 0.5432
vn -0.0000 0.8391 0.5440
vn 0.1995 0.8160 0.5425
vn 0.9436 0.2718 0.1889
vn 0.9305 0.2860 0.2287
vn 0.9111 0.3312 0.2455
vn 0.9320 0.3064 0.1937
vn 0.1643 0.8552 0.4915
vn -0.0000 0.8723 0.4890
vn 0.1810 0.8521 0.4910
vn 0.0050 -0.9991 -0.0415
vn 0.0099 -0.9996 -0.0275
vn 0.0369 -0.9987 -0.0339
vn 0.0167 -0.9988 -0.0460
vn 0.8433 -0.5268 -0.1068
vn 0.8426 -0.5252 -0.1191
vn 0.8211 -0.5564 -0.1272
vn 0.8224 -0.5575 -0.1138
vn -0.0000 -0.9665 -0.2568
vn 0.1799 0.9241 -0.3372
vn -0.0413 0.9466 -0.3197
vn 0.0541 0.9602 -0.2742
vn 0.0193 0.9827 -0.1841
vn 0.7852 -0.5693 -0.2436
vn 0.7841 -0.5686 -0.2487
vn 0.7707 -0.5840 -0.2550
vn 0.7719 -0.5848 -0.2492
vn 0.3087 0.9459 -0.0998
vn 0.3198 0.9423 -0.0994
vn 0.0598 0.9927 -0.1047
vn 0.0556 0.9929 -0.1048
vn 0.1959 0.9692 0.1493
vn -0.0023 0.9885 0.1509
vn -0.0008 0.9885 0.1509
vn 0.1972 0.9689 0.1493
vn 0.0026 -1.0000 0.0062
vn 0.0026 -0.9998 0.0188
vn 0.0072 -0.9998 0.0173
vn 0.0072 -1.0000 0.0057
vn 0.7047 -0.6142 -0.3552
vn 0.6960 -0.6071 -0.3834
vn 0.6025 -0.6848 -0.4098
vn 0.6115 -0.6947 -0.3788
vn -0.0158 0.9953 -0.0956
vn 0.2054 0.9784 0.0214
vn -0.0062 0.9947 -0.1027
vn -0.0057 0.9954 -0.0958
vn -0.0000 -0.8886 -0.4587
vn 0.4805 -0.8613 -0.1656
vn 0.4797 -0.8603 -0.1724
vn 0.4629 -0.8693 -0.1736
vn 0.4635 -0.8705 -0.1657
vn -1.0000 -0.0000 -0.0000
vn 1.0000 -0.0000 -0.0000
vn -0.0000 1.0000 -0.0000
vn -0.0000 -1.0000 -0.0087
vn 0.4919 -0.8639 -0.1085
vn 0.4871 -0.8562 -0.1720
vn 0.4226 -0.8935 -0.1519
vn 0.4256 -0.8994 -0.0994
vn 0.5127 -0.8273 0.2298
vn 0.5009 -0.8061 0.3150
vn 0.8064 -0.5595 0.1917
vn 0.8164 -0.5722 0.0782
vn -0.0000 0.9968 0.0795
vn 0.9110 0.2439 -0.3325
vn 0.9067 0.2423 -0.3452
vn 0.9189 0.2011 -0.3394
vn 0.9225 0.2025 -0.3285
vn 0.9624 -0.2700 0.0286
vn 0.9574 -0.2797 0.0717
vn 0.9873 -0.1541 0.0395
vn 0.9894 -0.1443 0.0153
vn 0.9492 0.2825 -0.1387
vn 0.9494 0.2826 -0.1368
vn 0.9487 0.2850 -0.1368
vn 0.9485 0.2849 -0.1387
vn 0.9618 0.1166 -0.2478
vn 0.9726 0.1160 -0.2014
vn 0.9576 0.2168 -0.1896
vn 0.9458 0.2166 -0.2418
vn 0.9927 -0.0277 -0.1177
vn 0.9919 -0.0275 -0.1238
vn 0.9911 -0.0469 -0.1247
vn 0.9920 -0.0472 -0.1172
vn 0.9950 -0.0396 -0.0915
vn 0.9954 -0.0397 -0.0876
vn 0.9958 -0.0286 -0.0864
vn 0.9954 -0.0284 -0.0910
vn 0.9987 -0.0502 -0.0021
vn 0.9987 -0.0502 -0.0009
vn 0.9989 -0.0472 -0.0009
vn 0.9989 -0.0472 -0.0022
vn 0.9885 -0.1075 0.1066
vn 0.9898 -0.1139 0.0859
vn 0.9802 -0.1814 0.0799
vn 0.9781 -0.1780 0.1077
vn 0.9115 -0.1841 0.3677
vn 0.8918 -0.1803 0.4150
vn 0.9201 -0.0181 0.3912
vn 0.9436 -0.0303 0.3297
vn 0.9780 -0.1091 0.1780
vn 0.9724 -0.1235 0.1978
vn 0.9675 -0.1132 0.2262
vn 0.9785 -0.0670 0.1949
vn 0.9820 -0.0800 0.1714
vn 0.9906 -0.1322 0.0353
vn 0.9906 -0.1323 0.0359
vn 0.9908 -0.1306 0.0355
vn 0.9908 -0.1304 0.0349
vn 0.9929 -0.1189 0.0034
vn 0.9929 -0.1189 0.0017
vn 0.9928 -0.1202 0.0017
vn 0.9928 -0.1201 0.0034
vn 0.9914 -0.1305 0.0099
vn 0.9914 -0.1306 0.0060
vn 0.9911 -0.1331 0.0061
vn 0.9911 -0.1329 0.0100
vn -0.0000 -0.6762 0.7367
vn -0.0000 -0.6763 0.7367
vn -0.0000 -0.6440 0.7650
vn 0.9058 0.3342 0.2604
vn 0.8771 0.3768 0.2980
vn 0.8424 0.4360 0.3166
vn 0.8971 0.3599 0.2561
vn -0.0000 0.0791 0.9969
vn 0.0186 0.1425 0.9896
vn 0.8591 0.3783 0.3448
vn 0.7589 0.5272 0.3822
vn 0.6396 0.6449 0.4184
vn 0.8685 0.3550 0.3461
vn 0.2072 0.8100 0.5486
vn -0.0000 0.8339 0.5519
vn 0.2132 0.8088 0.5482
vn 0.9164 0.0562 0.3962
vn 0.9346 0.0417 0.3532
vn 0.9016 -0.0806 0.4250
vn 0.8812 -0.0612 0.4687
vn -0.0000 0.9864 -0.1645
vn -0.0000 -0.7958 0.6055
vn -0.0000 0.3233 0.9463
vn -0.0000 0.8319 -0.5549
vn -0.0000 -0.6405 0.7680
vn 0.5303 -0.4650 0.7089
vn 0.5194 -0.4445 0.7299
vn 0.5732 -0.3976 0.7165
vn 0.5876 -0.4222 0.6902
vn 0.8808 -0.4728 -0.0243
vn 0.8815 -0.4717 0.0205
vn 0.8935 -0.4487 0.0185
vn 0.8927 -0.4498 -0.0272
vn 0.8577 -0.5142 0.0058
vn 0.8576 -0.5142 0.0026
vn 0.8566 -0.5160 0.0026
vn 0.8566 -0.5159 0.0057
vn 0.8894 -0.4435 0.1110
vn 0.8902 -0.4443 0.1009
vn 0.8757 -0.4710 0.1063
vn 0.8749 -0.4699 0.1173
vn 0.7981 -0.5417 0.2639
vn 0.7994 -0.5429 0.2575
vn 0.7917 -0.5529 0.2596
vn 0.7903 -0.5516 0.2666
vn 0.6940 -0.5492 0.4656
vn 0.7068 -0.5592 0.4333
vn 0.6324 -0.6254 0.4572
vn 0.6230 -0.6095 0.4904
vn 0.7907 -0.5602 0.2469
vn 0.7906 -0.5600 0.2477
vn 0.7922 -0.5580 0.2473
vn 0.7924 -0.5581 0.2463
vn 0.9598 -0.2609 0.1040
vn 0.9629 -0.2296 0.1420
vn 0.9910 -0.1140 0.0705
vn 0.9890 -0.1377 0.0549
vn 0.8256 -0.5572 -0.0890
vn 0.8265 -0.5576 -0.0772
vn 0.8632 -0.4925 -0.1111
vn 0.8620 -0.4922 -0.1213
vn 0.8266 -0.5461 -0.1361
vn 0.8249 -0.5452 -0.1495
vn 0.8046 -0.5748 -0.1488
vn 0.8064 -0.5759 -0.1347
vn 0.8407 -0.5009 -0.2059
vn 0.8420 -0.5013 -0.1992
vn 0.8556 -0.4774 -0.2002
vn 0.8543 -0.4770 -0.2066
vn 0.9596 -0.2289 -0.1635
vn 0.9581 -0.2287 -0.1727
vn 0.9428 -0.2776 -0.1844
vn 0.9449 -0.2781 -0.1726
vn 0.9759 -0.1860 -0.1143
vn 0.9755 -0.1860 -0.1178
vn 0.9718 -0.2019 -0.1219
vn 0.9723 -0.2019 -0.1178
vn 0.9917 -0.1264 -0.0218
vn 0.9916 -0.1258 -0.0306
vn 0.9866 -0.1591 -0.0348
vn 0.9869 -0.1593 -0.0247
vn 0.8773 0.3006 0.3742
vn 0.8778 0.3006 0.3729
vn 0.8787 0.2964 0.3743
vn 0.8778 0.2963 0.3765
vn 0.9329 0.2430 0.2658
vn 0.9297 0.2420 0.2775
vn 0.9255 0.2716 0.2640
vn 0.9301 0.2721 0.2467
vn 0.9687 0.2413 -0.0586
vn 0.9725 0.2295 -0.0395
vn 0.9677 0.2486 -0.0427
vn 0.9628 0.2624 -0.0637
vn 0.9416 0.2936 -0.1650
vn 0.9526 0.2774 -0.1251
vn 0.9369 0.3238 -0.1319
vn 0.9212 0.3455 -0.1791
vn 0.8947 0.3885 -0.2203
vn 0.9129 0.3597 -0.1929
vn 0.9025 0.3826 -0.1978
vn 0.8778 0.4194 -0.2315
vn 0.8464 0.4659 -0.2579
vn 0.8839 0.4040 -0.2354
vn 0.8816 0.4086 -0.2360
vn 0.8366 0.4811 -0.2620
vn 0.8855 0.4578 -0.0795
vn 0.8981 0.4150 -0.1454
vn 0.8981 0.4150 -0.1453
vn 0.9258 0.3362 -0.1727
vn 0.9118 0.3223 -0.2544
vn 0.9497 0.1725 -0.2614
vn 0.9629 0.1944 -0.1872
vn -0.0000 0.8136 0.5814
vn 0.9730 0.1843 0.1387
vn 0.9780 0.1509 0.1437
vn 0.9719 0.1700 0.1631
vn 0.9628 0.2161 0.1621
vn 0.9648 0.2188 0.1459
vn 0.0372 0.0301 -0.9989
vn 0.4104 0.1428 -0.9007
vn 0.0931 0.2876 -0.9532
vn -0.0454 0.1861 -0.9815
vn -0.0413 0.1339 -0.9901
vn 0.9770 0.2115 0.0281
vn 0.9743 0.2209 0.0437
vn 0.9532 0.2962 0.0599
vn 0.9457 0.3238 0.0277
vn 0.9722 0.2331 0.0205
vn 0.9830 0.1838 0.0012
vn 0.9829 0.1839 -0.0066
vn 0.9836 0.1803 -0.0064
vn 0.9836 0.1802 0.0013
vn 0.9805 0.1964 0.0045
vn 0.9805 0.1964 0.0066
vn 0.9803 0.1972 0.0066
vn 0.9803 0.1973 0.0045
vn 0.1518 -0.7760 0.6121
vn 0.5959 -0.6351 0.4915
vn 0.2379 -0.8685 0.4349
vn 0.1133 -0.8768 0.4672
vn 0.0016 -0.8807 0.4736
vn 0.8426 -0.4868 0.2304
vn 0.8467 -0.4910 0.2049
vn 0.8229 -0.5264 0.2140
vn 0.8183 -0.5219 0.2407
vn 0.9829 -0.1501 0.1066
vn 0.9780 -0.1592 0.1347
vn 0.9803 -0.1236 0.1540
vn 0.9854 -0.1220 0.1186
vn 0.9857 -0.1325 0.1045
vn 0.9688 0.2432 0.0467
vn 0.9574 0.2648 0.1154
vn 0.9492 0.2912 0.1193
vn 0.9551 0.2869 0.0745
vn 0.9612 0.2759 0.0051
vn 0.1503 0.9242 0.3512
vn 0.1552 0.9234 0.3511
vn 0.9816 0.1102 -0.1562
vn 0.9838 0.1107 -0.1409
vn 0.9821 0.1332 -0.1331
vn 0.9795 0.1314 -0.1529
vn 0.8819 0.1169 0.4567
vn 0.8896 0.1181 0.4412
vn 0.8885 0.0983 0.4482
vn 0.8821 0.0975 0.4609
vn 0.2223 0.8882 0.4021
vn 0.2423 0.8381 0.4888
vn -0.2358 0.9120 0.3356
vn -0.1057 0.9670 0.2318
vn 0.1480 0.9326 0.3292
vn 0.3273 -0.8927 -0.3097
vn 0.7706 -0.5746 -0.2758
vn 0.3244 -0.7589 -0.5646
vn 0.1320 -0.8781 -0.4598
vn 0.1895 -0.8936 -0.4068
vn 0.3341 0.8451 -0.4173
vn 0.6307 0.7475 -0.2086
vn 0.3130 0.9184 -0.2421
vn 0.2151 0.9183 -0.3324
vn 0.2001 0.9064 -0.3721
vn -0.0768 0.1283 0.9888
vn 0.3262 0.1651 0.9308
vn 0.0268 -0.0727 0.9970
vn -0.1417 -0.0455 0.9889
vn -0.1785 -0.0024 0.9839
vn 0.9824 0.1870 0.0032
vn 0.9823 0.1870 0.0059
vn 0.9815 0.1912 0.0060
vn 0.9815 0.1912 0.0032
vn 0.8470 -0.5297 0.0448
vn 0.8471 -0.5300 0.0381
vn 0.8394 -0.5422 0.0390
vn 0.8392 -0.5419 0.0459
vn 0.9926 -0.1212 0.0040
vn 0.9926 -0.1212 0.0039
vn 0.9926 -0.1215 0.0039
vn 0.9926 -0.1215 0.0040
vn 0.2609 0.9590 0.1106
vn 0.2726 0.9558 0.1103
vn 0.0406 0.9922 0.1182
vn 0.0332 0.9925 0.1179
vn 0.9775 0.2106 0.0120
vn 0.9756 0.2190 0.0158
vn 0.9750 0.2207 0.0244
vn 0.9735 0.2272 0.0255
vn 0.9764 0.2158 0.0129
vn -0.0042 -0.9910 0.1341
vn -0.0042 -0.9901 0.1402
vn -0.0014 -0.9901 0.1402
vn -0.0014 -0.9910 0.1341
vn 0.8543 0.4982 -0.1484
vn 0.8532 0.5000 -0.1484
vn 0.8643 -0.4835 -0.1385
vn 0.8626 -0.4830 -0.1502
vn 0.8444 -0.5143 -0.1499
vn 0.8461 -0.5150 -0.1374
vn 0.9508 0.2770 -0.1387
vn 0.9511 0.2770 -0.1369
vn 0.9502 0.2799 -0.1368
vn 0.9500 0.2799 -0.1387
vn 0.4780 -0.8748 -0.0796
vn 0.4786 -0.8762 -0.0565
vn 0.5189 -0.8526 -0.0617
vn 0.5180 -0.8512 -0.0842
vn 0.0221 -0.9959 -0.0875
vn 0.0733 -0.9936 -0.0858
vn 0.0854 -0.9920 -0.0929
vn 0.0254 -0.9952 -0.0941
vn 0.2798 0.8958 -0.3452
vn 0.3475 0.8733 -0.3414
vn 0.0887 0.9361 -0.3404
vn 0.0538 0.9388 -0.3402
vn 0.9890 0.1477 -0.0000
vn 0.9890 0.1478 -0.0000
vn 0.7730 -0.0334 -0.6335
vn 0.7740 -0.0890 -0.6269
vn 0.8822 -0.0547 -0.4677
vn 0.8783 0.0081 -0.4781
vn 0.9931 0.1060 -0.0507
vn 0.9987 0.0383 -0.0336
vn 0.9990 0.0420 -0.0177
vn 0.9937 0.1073 -0.0313
vn 0.9836 0.1216 -0.1332
vn 0.9836 0.1216 -0.1333
vn 0.9908 0.1172 -0.0682
vn 0.9909 0.1164 -0.0679
vn 0.9909 0.1166 -0.0675
vn 0.9908 0.1173 -0.0678
vn 0.9446 0.1187 0.3061
vn 0.9269 0.2053 0.3141
vn 0.9335 0.1996 0.2978
vn 0.9503 0.1140 0.2897
vn 0.9890 0.1207 -0.0859
vn 0.9880 0.1266 -0.0889
vn 0.9875 0.1248 -0.0961
vn 0.9887 0.1188 -0.0920
vn 0.3002 0.9183 -0.2580
vn 0.2719 0.9265 -0.2601
vn 0.0452 0.9619 -0.2697
vn 0.0546 0.9614 -0.2698
vn 0.5103 0.8462 -0.1533
vn 0.4945 0.8557 -0.1526
vn 0.0612 0.9891 -0.1339
vn 0.0908 0.9864 -0.1369
vn 0.1485 0.8929 -0.4251
vn 0.1485 0.8898 -0.4316
vn 0.2458 0.8729 -0.4216
vn 0.2454 0.8773 -0.4124
vn 0.2113 0.8166 -0.5372
vn 0.2119 0.8208 -0.5305
vn 0.1911 0.8241 -0.5333
vn 0.1910 0.8192 -0.5407
vn 0.1895 0.8955 -0.4027
vn 0.1873 0.8925 -0.4103
vn 0.3692 0.8437 -0.3898
vn 0.3692 0.8474 -0.3817
vn 0.1221 0.9337 -0.3366
vn 0.1221 0.9336 -0.3370
vn 0.1296 0.9325 -0.3370
vn 0.1297 0.9327 -0.3364
vn 0.2410 0.7714 -0.5889
vn 0.2360 0.7654 -0.5988
vn 0.4020 0.7210 -0.5644
vn 0.4034 0.7273 -0.5553
vn 0.1998 0.9594 0.1991
vn 0.5708 0.6171 -0.5417
vn 0.5795 0.5944 -0.5575
vn 0.7387 0.4901 -0.4628
vn 0.7203 0.5209 -0.4581
vn 0.9985 0.0375 -0.0411
vn 0.9940 0.0910 -0.0601
vn 0.9934 0.0836 -0.0781
vn 0.9977 0.0312 -0.0597
vn 0.9837 0.1650 0.0722
vn 0.9837 0.1649 0.0722
vn 0.9851 0.1672 -0.0394
vn 0.9719 0.2297 -0.0512
vn 0.9538 0.2874 -0.0876
vn 0.9813 0.1809 -0.0664
vn 0.9890 0.1479 -0.0000
vn 0.9819 0.1886 -0.0166
vn 0.9820 0.1885 -0.0127
vn 0.9809 0.1939 -0.0130
vn 0.9809 0.1940 -0.0168
vn 0.8612 -0.5082 -0.0103
vn 0.8611 -0.5083 -0.0088
vn 0.8627 -0.5056 -0.0088
vn 0.8627 -0.5055 -0.0102
vn 0.9935 -0.1137 -0.0003
vn 0.9935 -0.1137 0.0004
vn 0.9937 -0.1122 0.0004
vn 0.9937 -0.1122 -0.0003
vn 0.2998 0.9487 -0.1001
vn 0.3021 0.9480 -0.1000
vn 0.0532 0.9931 -0.1048
vn 0.0523 0.9931 -0.1049
vn -0.0000 -0.9149 -0.4036
vn 0.9756 0.2188 -0.0152
vn 0.9730 0.2297 -0.0217
vn 0.9740 0.2256 -0.0213
vn 0.9765 0.2151 -0.0149
vn 0.9891 0.1472 -0.0000
vn 0.3074 0.7804 0.5446
vn 0.3079 0.7866 0.5353
vn 0.4431 0.7466 0.4962
vn 0.4395 0.7384 0.5114
vn 0.1703 0.7225 0.6700
vn 0.1720 0.7296 0.6619
vn 0.2274 0.7242 0.6510
vn 0.2262 0.7153 0.6612
vn 0.6637 0.6794 0.3129
vn 0.6689 0.6846 0.2896
vn 0.8043 0.5522 0.2196
vn 0.7991 0.5478 0.2476
vn 0.9717 0.1121 -0.2079
vn 0.9710 0.1028 -0.2159
vn 0.9962 0.0412 -0.0763
vn 0.9969 0.0493 -0.0616
vn 0.9862 0.1317 -0.1006
vn 0.9785 0.1737 -0.1114
vn 0.9678 0.1865 -0.1688
vn 0.9818 0.1246 -0.1435
vn 0.3973 0.4185 -0.8167
vn 0.3931 0.3916 -0.8319
vn 0.7298 0.3047 -0.6120
vn 0.7334 0.3493 -0.5832
vn 0.9016 0.3070 -0.3048
vn 0.8740 0.2960 -0.3853
vn 0.9803 0.0700 -0.1849
vn 0.9894 0.0885 -0.1152
vn 0.9036 0.4271 0.0349
vn 0.9035 0.4264 0.0422
vn 0.8892 0.4552 0.0454
vn 0.8893 0.4557 0.0381
vn 0.9826 0.0792 -0.1678
vn 0.9789 0.0984 -0.1791
vn 0.9696 0.1084 -0.2192
vn 0.9781 0.0742 -0.1942
vn 0.9707 0.2254 0.0828
vn 0.9734 0.2140 0.0816
vn 0.9709 0.2212 0.0918
vn 0.9677 0.2341 0.0932
vn 0.9880 0.1547 0.0003
vn 0.9880 0.1548 0.0003
vn 0.9879 0.1548 0.0002
vn 0.9880 0.1548 0.0002
vn 0.2011 0.5901 -0.7819
vn 0.2008 0.5753 -0.7929
vn 0.2614 0.5685 -0.7800
vn 0.2608 0.5863 -0.7670
vn 0.2289 0.8309 0.5071
vn 0.2292 0.8370 0.4968
vn 0.3046 0.8219 0.4814
vn 0.3040 0.8142 0.4947
vn 0.9879 0.1552 0.0004
vn 0.2776 0.1355 -0.9511
vn 0.2792 0.1504 -0.9484
vn 0.2384 0.1504 -0.9594
vn 0.2354 0.1318 -0.9629
vn 0.9507 0.2795 0.1345
vn 0.9508 0.2822 0.1281
vn 0.9943 0.0997 0.0374
vn 0.9943 0.0968 0.0439
vn 0.9614 0.2526 0.1094
vn 0.9654 0.2374 0.1077
vn 0.9574 0.2564 0.1328
vn 0.9518 0.2753 0.1352
vn 0.4350 0.7902 0.4317
vn 0.4356 0.7979 0.4167
vn 0.7097 0.6346 0.3060
vn 0.7085 0.6228 0.3318
vn 0.2596 0.2950 -0.9195
vn 0.2552 0.2777 -0.9261
vn 0.3173 0.2746 -0.9077
vn 0.3281 0.2963 -0.8970
vn 0.9875 0.1574 0.0002
vn 0.9091 0.3739 0.1835
vn 0.9240 0.3374 0.1802
vn 0.8733 0.4127 0.2590
vn 0.8524 0.4559 0.2561
vn 0.8337 0.5425 -0.1030
vn 0.8299 0.5549 -0.0579
vn 0.8117 0.5808 -0.0612
vn 0.8143 0.5699 -0.1102
vn 0.9825 0.1725 0.0701
vn 0.9835 0.1714 0.0585
vn 0.9955 0.0873 0.0355
vn 0.9950 0.0851 0.0528
vn 0.9882 0.1530 -0.0000
vn 0.9882 0.1532 -0.0000
vn 0.9882 0.1533 -0.0008
vn 0.9882 0.1530 -0.0008
vn 0.7427 0.5890 0.3187
vn 0.7500 0.5780 0.3218
vn 0.6946 0.6233 0.3592
vn 0.6844 0.6361 0.3563
vn 0.4381 0.7171 -0.5421
vn 0.4385 0.7230 -0.5338
vn 0.2943 0.7718 -0.5636
vn 0.2895 0.7646 -0.5758
vn 0.9893 0.1006 -0.1060
vn 0.9884 0.1061 -0.1084
vn 0.9880 0.1037 -0.1145
vn 0.9889 0.0982 -0.1113
vn 0.8602 0.4436 -0.2517
vn 0.8874 0.3970 -0.2345
vn 0.8858 0.4002 -0.2349
vn 0.8541 0.4537 -0.2545
vn 0.8973 -0.3414 -0.2799
vn 0.8904 -0.3391 -0.3037
vn 0.8391 -0.4320 -0.3307
vn 0.8486 -0.4356 -0.3003
vn 0.9693 -0.0285 -0.2440
vn 0.9768 -0.0297 -0.2119
vn 0.9778 0.0346 -0.2066
vn 0.9694 0.0356 -0.2429
vn 0.5057 -0.7167 -0.4803
vn 0.4989 -0.7074 -0.5007
vn 0.4451 -0.7320 -0.5159
vn 0.4528 -0.7433 -0.4924
vn -0.0000 -0.8103 -0.5860
vn 0.4336 0.8214 -0.3705
vn 0.4602 0.8083 -0.3673
vn 0.1236 0.9183 -0.3760
vn 0.0992 0.9215 -0.3755
vn 0.9173 -0.3817 -0.1134
vn 0.9536 -0.2831 -0.1030
vn 0.9320 -0.2816 -0.2284
vn 0.8666 -0.4067 -0.2891
vn 0.9989 0.0195 -0.0435
vn 0.9989 0.0193 -0.0437
vn 0.9989 0.0193 -0.0434
vn 0.9989 0.0195 -0.0432
vn 0.9797 -0.1743 0.0989
vn 0.9890 -0.0554 0.1368
vn 0.9988 -0.0408 0.0267
vn 0.9855 -0.1647 -0.0413
vn 1.0000 0.0075 0.0062
vn 1.0000 0.0072 0.0061
vn 1.0000 0.0071 0.0063
vn 1.0000 0.0075 0.0064
vn 0.9498 -0.0796 0.3027
vn 0.9495 -0.0858 0.3020
vn 0.9428 -0.0912 0.3207
vn 0.9429 -0.0851 0.3219
vn 0.9998 0.0139 -0.0148
vn 0.9998 0.0141 -0.0147
vn 0.9998 0.0141 -0.0148
vn 0.9998 0.0139 -0.0150
vn -0.0044 -0.3871 -0.9220
vn -0.0044 -0.3862 -0.9224
vn -0.0084 -0.3850 -0.9229
vn -0.0084 -0.3867 -0.9222
vn -0.0334 0.9994 -0.0128
vn -0.3050 0.9522 0.0181
vn -0.1685 0.9857 -0.0021
vn -0.0324 0.9994 -0.0132
vn -0.0000 -0.9803 -0.1977
vn -0.0000 -0.9067 -0.4217
vn -0.0000 -0.9676 -0.2523
vn -0.0000 -0.8575 -0.5144
vn -0.0000 -0.8275 -0.5615
vn 0.0016 -0.7780 -0.6283
vn 0.0016 -0.7784 -0.6278
vn 0.0062 -0.7783 -0.6279
vn 0.0062 -0.7778 -0.6285
vn -0.0019 -0.6536 -0.7568
vn -0.0019 -0.6532 -0.7572
vn -0.0072 -0.6530 -0.7573
vn -0.0072 -0.6535 -0.7569
vn -0.0000 -0.7159 -0.6982
vn 0.9999 0.0080 0.0067
vn 0.9999 0.0077 0.0066
vn 0.9999 0.0077 0.0067
vn 0.9999 0.0080 0.0068
vn 1.0000 0.0063 0.0073
vn 0.7454 -0.4752 0.4675
vn 0.9948 -0.1014 -0.0132
vn 0.9925 -0.1206 -0.0178
vn 0.9926 -0.1209 -0.0085
vn 0.9955 -0.0942 -0.0007
vn 0.9246 -0.2395 0.2961
vn 0.9225 -0.2484 0.2953
vn 0.9116 -0.2622 0.3167
vn 0.9187 -0.2449 0.3099
vn 0.7682 -0.4577 0.4477
vn 0.7679 -0.4523 0.4536
vn 0.8201 -0.4048 0.4044
vn 0.8227 -0.4088 0.3950
vn 0.1646 -0.6352 -0.7546
vn 0.1729 -0.6633 -0.7281
vn 0.6537 -0.5220 -0.5479
vn 0.6283 -0.5050 -0.5918
vn -0.0155 -0.6354 -0.7721
vn -0.0155 -0.6342 -0.7730
vn -0.0289 -0.6334 -0.7733
vn -0.0290 -0.6350 -0.7720
vn 0.9966 -0.0821 0.0087
vn 0.9976 -0.0673 0.0146
vn 0.9979 -0.0636 0.0075
vn 0.9960 -0.0888 -0.0101
vn 0.5261 -0.7315 -0.4337
vn 0.5192 -0.7222 -0.4570
vn 0.4630 -0.7535 -0.4669
vn 0.4708 -0.7647 -0.4401
vn 0.8528 -0.5221 -0.0143
vn 0.8527 -0.5222 -0.0127
vn 0.8546 -0.5191 -0.0125
vn 0.8546 -0.5191 -0.0140
vn 0.4760 -0.8706 -0.1247
vn 0.4771 -0.8729 -0.1023
vn 0.5168 -0.8494 -0.1065
vn 0.5154 -0.8473 -0.1284
vn 0.8897 -0.4541 0.0479
vn 0.8895 -0.4548 0.0433
vn 0.8856 -0.4623 0.0444
vn 0.8839 -0.4652 0.0479
vn 0.8838 -0.4652 0.0506
vn 0.6893 -0.6571 0.3051
vn 0.6905 -0.6587 0.2989
vn 0.6838 -0.6648 0.3008
vn 0.6825 -0.6631 0.3075
vn 0.9583 -0.2119 0.1918
vn 0.9546 -0.1820 0.2357
vn 0.9867 -0.0995 0.1288
vn 0.9856 -0.1252 0.1133
vn 0.6254 -0.7151 0.3121
vn 0.6277 -0.7179 0.3009
vn 0.6059 -0.7342 0.3062
vn 0.6031 -0.7313 0.3186
vn 0.5365 -0.6693 0.5140
vn 0.5329 -0.6648 0.5235
vn 0.5596 -0.6485 0.5160
vn 0.5629 -0.6548 0.5044
vn 0.6638 -0.6697 0.3329
vn 0.6676 -0.6745 0.3150
vn 0.6448 -0.6938 0.3208
vn 0.6407 -0.6886 0.3396
vn 0.7746 -0.6014 0.1956
vn 0.7778 -0.6049 0.1706
vn 0.7341 -0.6538 0.1837
vn 0.7309 -0.6494 0.2097
vn 0.8808 -0.4734 -0.0120
vn 0.8809 -0.4732 0.0019
vn 0.8852 -0.4652 0.0022
vn 0.8850 -0.4654 -0.0117
vn 0.8303 -0.5550 0.0503
vn 0.8306 -0.5569 -0.0056
vn 0.8137 -0.5812 -0.0020
vn 0.8135 -0.5792 0.0531
vn 0.5514 -0.5062 0.6631
vn 0.5410 -0.4856 0.6867
vn 0.6017 -0.4470 0.6619
vn 0.6151 -0.4718 0.6317
vn 0.6862 -0.7256 0.0512
vn 0.6848 -0.7235 0.0872
vn 0.8203 -0.5720 -0.0022
vn 0.8188 -0.5725 -0.0429
vn 0.5553 -0.8219 -0.1267
vn 0.5575 -0.8247 -0.0950
vn 0.5997 -0.7943 -0.0971
vn 0.5973 -0.7915 -0.1295
vn 0.4818 -0.8631 -0.1515
vn 0.4812 -0.8622 -0.1586
vn 0.4642 -0.8716 -0.1576
vn 0.4648 -0.8727 -0.1494
vn 0.7436 -0.6048 -0.2849
vn 0.7352 -0.5985 -0.3182
vn 0.6341 -0.6934 -0.3422
vn 0.6428 -0.7026 -0.3053
vn 0.8246 -0.5240 -0.2131
vn 0.8230 -0.5231 -0.2213
vn 0.8030 -0.5499 -0.2297
vn 0.8049 -0.5510 -0.2204
vn 0.8585 -0.5047 -0.0904
vn 0.8584 -0.5043 -0.0941
vn 0.8521 -0.5145 -0.0960
vn 0.8524 -0.5148 -0.0920
vn 0.8730 -0.4862 0.0387
vn 0.8687 -0.4952 -0.0107
vn 0.8477 -0.5301 -0.0188
vn 0.8374 -0.5466 0.0069
vn 0.8507 -0.5226 0.0568
vn 0.9810 0.1941 0.0045
vn 0.9810 0.1940 0.0065
vn 0.9807 0.1954 0.0066
vn 0.9807 0.1954 0.0045
vn 0.8451 -0.5344 -0.0162
vn 0.8454 -0.5334 0.0260
vn 0.8655 -0.5005 0.0230
vn 0.8649 -0.5015 -0.0206
vn 0.9923 -0.1234 0.0095
vn 0.9923 -0.1236 0.0058
vn 0.9918 -0.1275 0.0059
vn 0.9918 -0.1273 0.0097
vn 0.1605 0.9775 0.1371
vn 0.1475 0.9838 0.1017
vn 0.9753 0.2205 0.0125
vn 0.9726 0.2314 0.0214
vn 0.9720 0.2341 0.0216
vn 0.9747 0.2230 0.0126
vn 0.9907 0.1353 -0.0162
vn 0.9925 0.1215 -0.0150
vn 0.9926 0.1207 -0.0092
vn 0.9905 0.1369 -0.0097
vn 0.8883 -0.4583 0.0309
vn 0.8881 -0.4580 0.0380
vn 0.8905 -0.4534 0.0375
vn 0.8907 -0.4536 0.0304
vn 0.9290 0.3330 0.1616
vn 0.9166 0.3667 0.1595
vn 0.9447 0.3055 0.1192
vn 0.9615 0.2499 0.1147
vn 0.7758 0.5419 0.3232
vn 0.8271 0.5394 0.1579
vn 0.9338 0.3295 0.1396
vn 0.8808 0.3444 0.3249
vn 0.9103 0.3766 0.1717
vn 0.9111 0.3748 0.1716
vn 0.9097 0.3773 0.1733
vn 0.9089 0.3793 0.1732
vn 0.9315 0.3433 0.1201
vn 0.9507 0.2881 0.1145
vn 0.9350 0.3232 0.1458
vn 0.9067 0.3927 0.1537
vn 0.9533 0.2895 0.0857
vn 0.9653 0.2483 0.0813
vn 0.9603 0.2626 0.0947
vn 0.9461 0.3082 0.0992
vn 0.9860 0.1528 0.0670
vn 0.9847 0.1607 0.0678
vn 0.9848 0.1605 0.0671
vn 0.9861 0.1525 0.0662
vn 0.9787 0.2051 0.0116
vn 0.9765 0.2145 0.0198
vn 0.9761 0.2164 0.0200
vn 0.9783 0.2069 0.0117
vn 0.2116 0.9731 0.0910
vn 0.2446 0.9654 0.0908
vn 0.0254 0.9948 0.0989
vn 0.0057 0.9952 0.0982
vn 0.9927 -0.1208 0.0040
vn 0.9927 -0.1208 0.0039
vn 0.9927 -0.1209 0.0039
vn 0.9927 -0.1209 0.0040
vn 0.8544 -0.5178 0.0438
vn 0.8546 -0.5180 0.0371
vn 0.8521 -0.5220 0.0374
vn 0.8520 -0.5218 0.0441
vn 0.9836 0.1801 -0.0028
vn 0.9837 0.1800 0.0037
vn 0.9830 0.1833 0.0038
vn 0.9830 0.1834 -0.0027
vn -0.0022 -0.9939 0.1106
vn -0.0021 -0.9939 0.1107
vn -0.0008 -0.9939 0.1107
vn -0.0008 -0.9939 0.1106
vn 0.0057 -0.9931 0.1173
vn 0.0050 -0.9929 0.1189
vn 0.0142 -0.9928 0.1187
vn 0.0159 -0.9930 0.1172
vn 0.0507 -0.9950 0.0856
vn 0.0175 -0.9962 0.0850
vn 0.0116 -0.9949 0.1005
vn 0.0341 -0.9944 0.1005
vn -0.0061 -0.9966 0.0819
vn -0.0020 -0.9967 0.0817
vn -0.0020 -0.9973 0.0730
vn -0.0062 -0.9973 0.0730
vn -0.9516 -0.3068 0.0193
vn -0.9385 -0.3446 0.0228
vn -0.9371 -0.3490 0.0023
vn -0.9525 -0.3044 0.0008
vn -0.9536 -0.3010 -0.0098
vn -0.9547 -0.2973 -0.0097
vn -0.9549 -0.2969 -0.0059
vn -0.9533 -0.3020 -0.0064
vn 0.0050 -0.9917 0.1285
vn 0.0074 -0.9907 0.1360
vn 0.0224 -0.9904 0.1361
vn 0.0150 -0.9916 0.1285
vn 0.9556 0.2945 -0.0086
vn 0.9521 0.3057 -0.0084
vn 0.9509 0.3089 -0.0187
vn 0.9558 0.2932 -0.0200
vn -0.9591 -0.2791 0.0470
vn -0.9552 -0.2920 0.0483
vn -0.9573 -0.2874 0.0310
vn -0.9612 -0.2742 0.0299
vn 0.9945 0.1050 0.0033
vn 0.9955 0.0942 0.0044
vn 0.9958 0.0901 0.0170
vn 0.9948 0.1009 0.0162
vn 0.0179 -0.4384 -0.8986
vn 0.0182 -0.4492 -0.8933
vn 0.0782 -0.4373 -0.8959
vn 0.0756 -0.4210 -0.9039
vn 0.0161 -0.3162 0.9485
vn 0.0159 -0.3101 0.9506
vn 0.0592 -0.3008 0.9518
vn 0.0606 -0.3102 0.9487
vn 0.3064 -0.6637 0.6824
vn 0.1530 -0.3101 -0.9383
vn 0.9533 0.3018 0.0101
vn 0.9530 0.3027 0.0101
vn 0.9527 0.3037 0.0086
vn 0.9530 0.3027 0.0086
vn 0.1169 -0.3025 -0.9459
vn 0.1176 -0.3046 -0.9452
vn 0.1368 -0.2985 -0.9446
vn 0.1360 -0.2965 -0.9453
vn 0.1980 -0.5436 0.8157
vn 0.1973 -0.5413 0.8174
vn 0.2308 -0.5295 0.8163
vn 0.2317 -0.5318 0.8146
vn -0.9447 -0.3268 0.0274
vn -0.9460 -0.3229 0.0272
vn -0.9446 -0.3266 0.0340
vn -0.9431 -0.3308 0.0340
vn 0.3491 -0.7520 -0.5592
vn 0.3508 -0.7511 -0.5592
vn 0.3507 -0.7508 -0.5597
vn 0.3489 -0.7516 -0.5598
vn 0.3986 -0.8652 -0.3043
vn 0.3859 -0.8709 -0.3043
vn 0.3867 -0.8724 -0.2989
vn 0.3992 -0.8666 -0.2995
vn -0.8952 -0.4443 0.0358
vn -0.8981 -0.4382 0.0364
vn -0.8944 -0.4449 0.0457
vn -0.8912 -0.4515 0.0441
vn 0.9159 0.4012 0.0141
vn 0.9165 0.3998 0.0140
vn 0.9172 0.3981 0.0159
vn 0.9165 0.3996 0.0162
vn 0.9126 0.4086 -0.0157
vn 0.9089 0.4168 -0.0139
vn 0.9072 0.4201 -0.0215
vn 0.9126 0.4079 -0.0272
vn -0.9157 -0.4012 -0.0215
vn -0.9115 -0.4106 -0.0235
vn -0.9109 -0.4111 -0.0365
vn -0.9172 -0.3974 -0.0301
vn 0.8621 -0.5067 -0.0106
vn 0.8666 -0.4991 0.0002
vn 0.8739 -0.4862 0.0003
vn 0.8772 -0.4800 -0.0121
vn 0.8669 -0.4981 -0.0197
vn 0.8691 -0.4943 -0.0174
vn 0.9884 0.1519 -0.0000
vn 0.9884 0.1520 -0.0000
vn 0.9885 0.1515 -0.0006
vn 0.9885 0.1512 -0.0005
vn 0.8060 0.5693 -0.1622
vn 0.8006 0.5601 -0.2131
vn 0.8315 0.5197 -0.1964
vn 0.8325 0.5336 -0.1492
vn 0.9879 0.1554 0.0004
vn 0.9879 0.1553 0.0004
vn 0.9880 0.1544 0.0003
vn 0.9880 0.1545 0.0003
vn 0.9880 0.1544 0.0002
vn 0.2805 0.9545 -0.1008
vn 0.2838 0.9536 -0.1007
vn 0.0464 0.9934 -0.1050
vn 0.0452 0.9934 -0.1050
vn 0.9889 0.1488 -0.0001
vn 0.9889 0.1485 -0.0001
vn 0.9889 0.1485 -0.0000
vn 0.9889 0.1489 -0.0000
vn 0.9820 0.1888 -0.0072
vn 0.9820 0.1888 -0.0096
vn 0.9824 0.1867 -0.0095
vn 0.9824 0.1867 -0.0071
vn 0.8612 -0.5083 0.0060
vn 0.8612 -0.5083 0.0028
vn 0.8592 -0.5117 0.0027
vn 0.8592 -0.5117 0.0059
vn 0.9934 -0.1145 0.0034
vn 0.9934 -0.1145 0.0016
vn 0.9931 -0.1170 0.0017
vn 0.9931 -0.1170 0.0034
vn 0.9030 0.4296 0.0005
vn 0.9032 0.4292 0.0005
vn 0.9034 0.4288 0.0009
vn 0.9030 0.4296 0.0007
vn 0.9775 0.2104 -0.0146
vn 0.9752 0.2205 -0.0208
vn 0.9757 0.2179 -0.0206
vn 0.9780 0.2081 -0.0145
vn 0.9770 0.2128 -0.0148
vn 0.9746 0.2231 -0.0211
vn 0.9748 0.2222 -0.0210
vn 0.9772 0.2120 -0.0147
vn 0.9937 -0.1119 0.0034
vn 0.9937 -0.1119 0.0016
vn 0.9936 -0.1128 0.0016
vn 0.9936 -0.1128 0.0034
vn 0.8632 -0.5047 0.0061
vn 0.8632 -0.5048 0.0029
vn 0.8625 -0.5060 0.0028
vn 0.8625 -0.5060 0.0061
vn 0.9809 0.1946 0.0049
vn 0.9808 0.1948 -0.0058
vn 0.9815 0.1915 -0.0056
vn 0.9815 0.1913 0.0050
vn 0.6630 0.6784 -0.3167
vn 0.6229 0.6096 -0.4903
vn 0.6965 0.5598 -0.4490
vn 0.7437 0.6076 -0.2787
vn 0.8570 -0.5151 -0.0134
vn 0.8572 -0.5150 0.0004
vn 0.8603 -0.5099 0.0006
vn 0.8601 -0.5100 -0.0132
vn 0.9883 0.1523 -0.0000
vn 0.9883 0.1527 -0.0000
vn 0.9883 0.1525 -0.0007
vn 0.9884 0.1518 -0.0006
vn 0.9880 0.1546 0.0003
vn 0.9880 0.1547 0.0002
vn 0.9880 0.1545 0.0002
vn 0.2886 0.9521 -0.1005
vn 0.2952 0.9502 -0.1003
vn 0.0506 0.9932 -0.1049
vn 0.0481 0.9933 -0.1049
vn 0.9890 0.1482 -0.0001
vn 0.9890 0.1480 -0.0001
vn 0.9890 0.1480 -0.0000
vn 0.9890 0.1482 -0.0000
vn -0.0005 -0.9994 -0.0356
vn -0.0008 -0.9994 -0.0356
vn 0.0003 -0.9983 -0.0590
vn 0.0002 -0.9983 -0.0589
vn 0.0003 -0.9983 -0.0585
vn -0.0008 -0.9983 -0.0585
vn -0.0008 -0.9983 -0.0587
vn -0.0009 -0.9983 -0.0588
vn -0.0009 -0.9983 -0.0585
vn 0.0205 -0.3959 0.9180
vn 0.0191 -0.3683 0.9295
vn 0.0892 -0.3583 0.9293
vn 0.1001 -0.4021 0.9101
vn -0.0003 -1.0000 -0.0011
vn -0.0003 -1.0000 -0.0004
vn -0.0001 -1.0000 -0.0004
vn -0.0001 -1.0000 -0.0011
vn -0.0001 -1.0000 0.0002
vn -0.0001 -1.0000 -0.0000
vn -0.0002 -1.0000 0.0001
vn -0.0002 -1.0000 0.0002
vn 0.9671 -0.2544 -0.0088
vn 0.9674 -0.2532 -0.0088
vn 0.9674 -0.2530 -0.0092
vn 0.9671 -0.2543 -0.0092
vn -0.0079 0.1237 -0.9923
vn -0.0085 0.1344 -0.9909
vn -0.0369 0.1380 -0.9897
vn -0.0326 0.1209 -0.9921
vn -0.9705 -0.2413 -0.0017
vn -0.9744 -0.2250 -0.0012
vn -0.9741 -0.2260 0.0046
vn -0.9700 -0.2431 0.0042
vn 0.4002 -0.8399 0.3665
vn 0.4006 -0.8398 0.3665
vn 0.4003 -0.8399 0.3665
vn 0.3748 -0.7853 0.4928
vn -0.9004 -0.4351 0.0053
vn -0.9022 -0.4314 0.0051
vn -0.9018 -0.4320 0.0072
vn -0.8985 -0.4388 0.0090
vn -0.0421 0.0819 -0.9957
vn 0.9851 0.1489 0.0856
vn 0.9851 0.1485 0.0864
vn 0.9849 0.1499 0.0872
vn 0.9849 0.1503 0.0864
vn -0.0000 -0.6469 -0.7626
vn -0.0000 0.8684 0.4959
vn 0.9952 -0.0402 0.0895
vn 0.9952 -0.0436 0.0874
vn 0.9945 -0.0467 0.0936
vn 0.9945 -0.0430 0.0958
vn 0.9791 0.1940 0.0615
vn 0.9794 0.1949 0.0533
vn 0.9857 0.1624 0.0444
vn 0.9858 0.1600 0.0508
vn 0.9706 0.2039 0.1282
vn 0.9742 0.2015 0.1014
vn 0.9827 0.1656 0.0833
vn 0.9818 0.1609 0.1011
vn -0.0000 0.4091 -0.9125
vn 0.9937 -0.1118 0.0070
vn 0.9937 -0.1119 0.0052
vn 0.9936 -0.1128 0.0052
vn 0.9936 -0.1127 0.0070
vn 0.9934 -0.1144 0.0070
vn 0.9934 -0.1145 0.0052
vn 0.9931 -0.1170 0.0052
vn 0.9931 -0.1169 0.0070
vn 0.9927 -0.1208 0.0043
vn 0.9927 -0.1208 0.0041
vn 0.9927 -0.1209 0.0041
vn 0.9927 -0.1209 0.0043
vn 0.9922 -0.1232 0.0170
vn 0.9923 -0.1233 0.0133
vn 0.9918 -0.1272 0.0135
vn 0.9917 -0.1271 0.0173
vn 0.9094 -0.3454 -0.2316
vn 0.9036 -0.3435 -0.2559
vn 0.8573 -0.4388 -0.2694
vn 0.8651 -0.4415 -0.2380
vn 0.9935 -0.1136 -0.0015
vn 0.9935 -0.1136 -0.0009
vn 0.9937 -0.1122 -0.0009
vn 0.9937 -0.1122 -0.0015
vn 0.8674 -0.4842 -0.1147
vn 0.8659 -0.4839 -0.1266
vn 0.8477 -0.5155 -0.1247
vn 0.8492 -0.5160 -0.1119
vn 0.9926 -0.1211 0.0043
vn 0.9926 -0.1212 0.0042
vn 0.9926 -0.1215 0.0042
vn 0.9926 -0.1215 0.0043
vn 0.9838 -0.1474 0.1018
vn 0.9842 -0.1472 0.0984
vn 0.9833 -0.1527 0.0987
vn 0.9828 -0.1530 0.1030
vn 0.9918 -0.1275 -0.0048
vn 0.9918 -0.1270 -0.0132
vn 0.9871 -0.1595 -0.0150
vn 0.9872 -0.1596 -0.0055
vn 0.9767 -0.1860 -0.1073
vn 0.9763 -0.1860 -0.1108
vn 0.9728 -0.2020 -0.1138
vn 0.9732 -0.2020 -0.1097
vn 0.9625 -0.2293 -0.1449
vn 0.9611 -0.2291 -0.1542
vn 0.9469 -0.2786 -0.1607
vn 0.9487 -0.2790 -0.1487
vn 0.8378 -0.4999 -0.2194
vn 0.8393 -0.5004 -0.2127
vn 0.8529 -0.4766 -0.2130
vn 0.8515 -0.4761 -0.2195
vn 0.8297 -0.5475 -0.1090
vn 0.8282 -0.5468 -0.1227
vn 0.8079 -0.5768 -0.1204
vn 0.8094 -0.5776 -0.1060
vn 0.8234 -0.5562 -0.1122
vn 0.8246 -0.5567 -0.1007
vn 0.8607 -0.4918 -0.1313
vn 0.8594 -0.4914 -0.1413
vn 0.8773 0.0825 0.4728
vn 0.8972 0.0698 0.4361
vn 0.8599 -0.0429 0.5086
vn 0.8382 -0.0257 0.5448
vn 0.9913 -0.1303 0.0175
vn 0.9914 -0.1304 0.0137
vn 0.9910 -0.1328 0.0138
vn 0.9910 -0.1327 0.0177
vn 0.9929 -0.1188 0.0069
vn 0.9929 -0.1188 0.0052
vn 0.9927 -0.1201 0.0052
vn 0.9927 -0.1201 0.0069
vn 0.9901 -0.1350 0.0374
vn 0.9902 -0.1350 0.0362
vn 0.9897 -0.1383 0.0369
vn 0.9896 -0.1384 0.0381
vn 0.9732 -0.1538 0.1706
vn 0.9718 -0.1541 0.1783
vn 0.9746 -0.1409 0.1743
vn 0.9758 -0.1409 0.1671
vn 0.9410 -0.1898 0.2803
vn 0.9278 -0.1872 0.3228
vn 0.9613 -0.0413 0.2725
vn 0.9742 -0.0511 0.2197
vn 0.9778 -0.1521 0.1444
vn 0.9799 -0.1522 0.1291
vn 0.9704 -0.2004 0.1348
vn 0.9674 -0.2005 0.1547
vn 0.9546 -0.2920 -0.0588
vn 0.9620 -0.2725 -0.0186
vn 0.9893 -0.1458 -0.0099
vn 0.9860 -0.1637 -0.0330
vn 0.9672 0.2039 0.1514
vn 0.9663 0.1966 0.1664
vn 0.9336 0.2735 0.2315
vn 0.9367 0.2811 0.2088
vn -0.0000 -0.7421 -0.6703
vn -0.0000 -0.7350 -0.6781
vn -0.0000 -0.7350 -0.6780
vn 0.9857 0.1324 0.1042
vn 0.9854 0.1283 0.1124
vn 0.9790 0.1535 0.1344
vn 0.9794 0.1586 0.1248
vn 0.8987 0.3382 0.2791
vn 0.8988 0.3383 0.2790
vn 0.8990 0.3379 0.2787
vn 0.8989 0.3380 0.2788
vn -0.0000 -0.7715 -0.6362
vn 0.9830 0.1683 0.0731
vn 0.9831 0.1640 0.0815
vn 0.9790 0.1827 0.0909
vn 0.9789 0.1875 0.0815
vn -0.0000 0.9269 0.3752
vn -0.0000 0.9959 -0.0900
vn -0.0000 -0.3961 -0.9182
vn 0.9643 0.2393 0.1132
vn 0.9649 0.2143 0.1518
vn 0.9037 0.3494 0.2475
vn 0.8856 0.4199 0.1986
vn -0.0000 0.9424 0.3345
vn -0.0000 0.3924 -0.9198
vn 0.9909 -0.0647 0.1181
vn 0.9908 -0.0692 0.1160
vn 0.9892 -0.0753 0.1261
vn 0.9892 -0.0703 0.1283
vn -0.0000 0.3906 -0.9205
vn -0.0000 0.3894 -0.9211
vn 0.9810 -0.0785 0.1774
vn 0.9809 -0.0858 0.1745
vn 0.9740 -0.0999 0.2032
vn 0.9751 -0.0897 0.2026
vn 0.9871 -0.0930 0.1303
vn 0.9870 -0.0957 0.1290
vn 0.9855 -0.1012 0.1364
vn 0.9856 -0.0983 0.1378
vn 0.9927 -0.0530 0.1084
vn 0.9928 -0.0637 0.1018
vn 0.9880 -0.0819 0.1310
vn 0.9878 -0.0683 0.1397
vn -0.0000 -0.9578 0.2873
vn -0.0001 -0.7527 0.6583
vn -0.0000 -0.7527 0.6583
vn 0.0001 -0.7527 0.6583
vn 0.9817 -0.0943 0.1657
vn 0.9784 -0.1265 0.1637
vn 0.9472 -0.1961 0.2538
vn 0.9709 -0.1183 0.2080
vn 0.8987 0.3382 0.2792
vn 0.8989 0.3380 0.2789
vn 0.8988 0.3380 0.2790
vn 0.9861 0.1408 0.0878
vn 0.9860 0.1366 0.0961
vn 0.9798 0.1637 0.1151
vn 0.9800 0.1689 0.1053
vn 0.9683 0.2173 0.1234
vn 0.9679 0.2107 0.1371
vn 0.9390 0.2882 0.1875
vn 0.9408 0.2947 0.1674
vn 0.9781 0.1916 0.0813
vn 0.9787 0.1928 0.0708
vn 0.9859 0.1573 0.0577
vn 0.9858 0.1543 0.0655
vn 0.9978 -0.0663 0.0050
vn 0.9977 -0.0664 0.0142
vn 0.9979 -0.0635 0.0141
vn 0.9980 -0.0633 0.0050
vn 0.9981 -0.0615 0.0008
vn 0.9981 -0.0615 0.0016
vn 0.9982 -0.0608 0.0015
vn 0.9982 -0.0607 0.0008
vn 0.9985 -0.0556 -0.0004
vn 0.9984 -0.0555 -0.0047
vn 0.9983 -0.0578 -0.0047
vn 0.9983 -0.0579 -0.0004
vn 0.9982 -0.0604 0.0021
vn 0.9982 -0.0604 0.0024
vn 0.9982 -0.0602 0.0024
vn 0.9982 -0.0602 0.0021
vn 0.9006 0.3656 -0.2349
vn 0.8986 0.3651 -0.2433
vn 0.9043 0.3504 -0.2440
vn 0.9065 0.3510 -0.2345
vn 0.9984 -0.0556 -0.0025
vn 0.9984 -0.0555 -0.0082
vn 0.9979 -0.0636 -0.0080
vn 0.9980 -0.0637 -0.0024
vn 0.9503 0.2770 -0.1422
vn 0.9506 0.2770 -0.1405
vn 0.9497 0.2798 -0.1405
vn 0.9495 0.2798 -0.1423
vn 0.9982 -0.0594 0.0016
vn 0.9982 -0.0594 0.0012
vn 0.9982 -0.0601 0.0012
vn 0.9982 -0.0601 0.0016
vn -0.5655 0.1438 0.8122
vn -0.3047 0.2007 0.9311
vn -0.2692 0.1096 0.9568
vn -0.3425 0.0222 0.9393
vn -0.5308 0.0022 0.8475
vn 0.8636 0.1491 0.4815
vn 0.8717 0.1498 0.4665
vn 0.8741 0.1283 0.4686
vn 0.8675 0.1280 0.4807
vn 0.9700 0.1183 -0.2124
vn 0.9767 0.1195 -0.1783
vn 0.9693 0.1684 -0.1791
vn 0.9598 0.1709 -0.2227
vn 0.9982 -0.0600 0.0021
vn 0.9982 -0.0600 0.0024
vn 0.9982 -0.0598 0.0024
vn 0.9982 -0.0598 0.0021
vn 0.9983 -0.0590 0.0035
vn 0.9982 -0.0591 0.0098
vn 0.9984 -0.0561 0.0097
vn 0.9984 -0.0560 0.0035
vn 0.9981 -0.0596 0.0164
vn 0.9986 -0.0504 0.0186
vn 0.9998 -0.0107 0.0149
vn 0.9997 -0.0240 -0.0028
vn 0.9971 -0.0747 0.0155
vn 0.1819 -0.1385 -0.9735
vn 0.5409 0.0661 -0.8385
vn 0.0828 0.0846 -0.9930
vn -0.0500 -0.0629 -0.9968
vn 0.0321 -0.1035 -0.9941
vn 0.9935 -0.0588 0.0976
vn 0.9887 -0.0645 0.1355
vn 0.9900 0.0380 0.1361
vn 0.9908 0.0513 0.1250
vn 0.9938 0.0310 0.1072
vn 0.9467 0.1096 0.3028
vn 0.9354 0.1114 0.3355
vn 0.9432 0.2039 0.2622
vn 0.9569 0.2014 0.2093
vn -0.0000 0.0790 0.9969
vn 0.8761 0.3005 0.3769
vn 0.8767 0.3006 0.3756
vn 0.8768 0.2962 0.3787
vn 0.8759 0.2961 0.3810
vn 0.9815 0.1899 -0.0240
vn 0.9816 0.1899 -0.0202
vn 0.9798 0.1990 -0.0210
vn 0.9797 0.1991 -0.0251
vn 0.9723 0.2125 -0.0979
vn 0.9730 0.2125 -0.0905
vn 0.9683 0.2330 -0.0904
vn 0.9674 0.2330 -0.0991
vn 0.9492 0.2707 -0.1602
vn 0.9526 0.2711 -0.1381
vn 0.9316 0.3349 -0.1414
vn 0.9275 0.3342 -0.1677
vn 0.9144 0.3287 -0.2363
vn 0.9104 0.3279 -0.2523
vn 0.9212 0.2952 -0.2536
vn 0.9259 0.2958 -0.2350
vn 0.9487 0.2824 -0.1423
vn 0.9489 0.2825 -0.1405
vn 0.9482 0.2849 -0.1406
vn 0.9480 0.2848 -0.1424
vn 0.9192 0.2468 -0.3070
vn 0.9152 0.2453 -0.3198
vn 0.9261 0.2038 -0.3176
vn 0.9295 0.2051 -0.3067
vn -0.0072 0.9894 0.1449
vn -0.0035 0.9888 0.1494
vn -0.0106 0.9887 0.1494
vn -0.0215 0.9892 0.1449
vn -0.9743 0.2250 0.0127
vn -0.9739 0.2266 0.0128
vn -0.9710 0.2381 0.0220
vn -0.9714 0.2364 0.0218
vn -0.3920 0.8246 -0.4079
vn -0.1125 0.8947 -0.4323
vn -0.0943 0.8966 -0.4328
vn -0.4056 0.8190 -0.4059
vn -0.1512 0.9572 0.2467
vn -0.1525 0.9570 0.2467
vn -0.1544 0.9820 0.1085
vn -0.4769 0.7979 -0.3687
vn -0.1296 0.9087 -0.3968
vn -0.1109 0.9111 -0.3970
vn -0.4849 0.7936 -0.3675
vn -0.9784 0.2064 -0.0143
vn -0.9786 0.2052 -0.0143
vn -0.9765 0.2148 -0.0203
vn -0.9762 0.2160 -0.0204
vn -0.9717 0.2289 0.0584
vn -0.9707 0.2327 0.0594
vn -0.9672 0.2450 0.0665
vn -0.9684 0.2406 0.0654
vn -0.1605 0.9225 0.3509
vn -0.1660 0.9216 0.3508
vn -0.9410 0.2860 0.1812
vn -0.9404 0.2766 0.1981
vn -0.9482 0.2656 0.1742
vn -0.9435 0.2901 0.1599
vn -0.9381 0.3017 0.1702
vn -0.1886 0.8182 0.5432
vn -0.1995 0.8160 0.5425
vn -0.9436 0.2718 0.1889
vn -0.9320 0.3064 0.1937
vn -0.9111 0.3312 0.2455
vn -0.9305 0.2860 0.2287
vn -0.1643 0.8552 0.4915
vn -0.1810 0.8521 0.4910
vn -0.0050 -0.9991 -0.0415
vn -0.0167 -0.9988 -0.0460
vn -0.0369 -0.9987 -0.0339
vn -0.0099 -0.9996 -0.0275
vn -0.8433 -0.5268 -0.1068
vn -0.8224 -0.5575 -0.1138
vn -0.8211 -0.5564 -0.1272
vn -0.8426 -0.5252 -0.1191
vn -0.1799 0.9241 -0.3372
vn -0.0193 0.9827 -0.1841
vn -0.0541 0.9602 -0.2742
vn 0.0413 0.9466 -0.3197
vn -0.7852 -0.5693 -0.2436
vn -0.7719 -0.5848 -0.2492
vn -0.7707 -0.5840 -0.2550
vn -0.7841 -0.5686 -0.2487
vn -0.3087 0.9459 -0.0998
vn -0.0556 0.9929 -0.1048
vn -0.0598 0.9927 -0.1047
vn -0.3198 0.9423 -0.0994
vn -0.1959 0.9692 0.1493
vn -0.1972 0.9689 0.1493
vn 0.0008 0.9885 0.1509
vn 0.0023 0.9885 0.1509
vn -0.0026 -1.0000 0.0062
vn -0.0072 -1.0000 0.0057
vn -0.0072 -0.9998 0.0173
vn -0.0026 -0.9998 0.0188
vn -0.7047 -0.6142 -0.3552
vn -0.6115 -0.6947 -0.3788
vn -0.6025 -0.6848 -0.4098
vn -0.6960 -0.6071 -0.3834
vn 0.0158 0.9953 -0.0956
vn 0.0057 0.9954 -0.0958
vn 0.0062 0.9947 -0.1027
vn -0.2054 0.9784 0.0214
vn -0.4805 -0.8613 -0.1656
vn -0.4635 -0.8705 -0.1657
vn -0.4629 -0.8693 -0.1736
vn -0.4797 -0.8603 -0.1724
vn -0.4919 -0.8639 -0.1085
vn -0.4256 -0.8994 -0.0994
vn -0.4226 -0.8935 -0.1519
vn -0.4871 -0.8562 -0.1720
vn -0.5127 -0.8273 0.2298
vn -0.8164 -0.5722 0.0782
vn -0.8064 -0.5595 0.1917
vn -0.5009 -0.8061 0.3150
vn -0.9110 0.2439 -0.3325
vn -0.9225 0.2024 -0.3285
vn -0.9189 0.2011 -0.3394
vn -0.9067 0.2423 -0.3452
vn -0.9624 -0.2700 0.0286
vn -0.9894 -0.1443 0.0153
vn -0.9873 -0.1541 0.0395
vn -0.9574 -0.2797 0.0717
vn -0.9492 0.2825 -0.1387
vn -0.9485 0.2849 -0.1387
vn -0.9487 0.2850 -0.1368
vn -0.9494 0.2826 -0.1368
vn -0.9618 0.1166 -0.2478
vn -0.9458 0.2166 -0.2418
vn -0.9576 0.2168 -0.1896
vn -0.9726 0.1160 -0.2014
vn -0.9927 -0.0277 -0.1177
vn -0.9920 -0.0472 -0.1172
vn -0.9911 -0.0469 -0.1247
vn -0.9919 -0.0275 -0.1238
vn -0.9950 -0.0396 -0.0915
vn -0.9954 -0.0284 -0.0910
vn -0.9958 -0.0286 -0.0864
vn -0.9954 -0.0397 -0.0876
vn -0.9987 -0.0502 -0.0021
vn -0.9989 -0.0472 -0.0022
vn -0.9989 -0.0472 -0.0009
vn -0.9987 -0.0502 -0.0009
vn -0.9885 -0.1075 0.1066
vn -0.9781 -0.1780 0.1077
vn -0.9802 -0.1814 0.0799
vn -0.9898 -0.1139 0.0859
vn -0.9115 -0.1841 0.3677
vn -0.9436 -0.0303 0.3297
vn -0.9201 -0.0181 0.3912
vn -0.8918 -0.1803 0.4150
vn -0.9780 -0.1091 0.1780
vn -0.9820 -0.0800 0.1714
vn -0.9785 -0.0670 0.1949
vn -0.9675 -0.1132 0.2262
vn -0.9724 -0.1235 0.1978
vn -0.9906 -0.1322 0.0353
vn -0.9908 -0.1304 0.0349
vn -0.9908 -0.1306 0.0355
vn -0.9906 -0.1323 0.0359
vn -0.9929 -0.1189 0.0034
vn -0.9928 -0.1201 0.0034
vn -0.9928 -0.1202 0.0017
vn -0.9929 -0.1189 0.0017
vn -0.9914 -0.1305 0.0099
vn -0.9911 -0.1329 0.0100
vn -0.9911 -0.1331 0.0061
vn -0.9914 -0.1306 0.0060
vn -0.9058 0.3342 0.2604
vn -0.8971 0.3599 0.2561
vn -0.8424 0.4360 0.3166
vn -0.8771 0.3768 0.2980
vn -0.0186 0.1425 0.9896
vn -0.8591 0.3783 0.3448
vn -0.8685 0.3550 0.3461
vn -0.6396 0.6449 0.4184
vn -0.7589 0.5272 0.3822
vn -0.2072 0.8100 0.5486
vn -0.2132 0.8088 0.5482
vn -0.9164 0.0562 0.3962
vn -0.8812 -0.0612 0.4687
vn -0.9016 -0.0806 0.4250
vn -0.9346 0.0417 0.3532
vn -0.5303 -0.4650 0.7089
vn -0.5876 -0.4222 0.6902
vn -0.5732 -0.3976 0.7165
vn -0.5194 -0.4445 0.7299
vn -0.8808 -0.4728 -0.0243
vn -0.8927 -0.4498 -0.0272
vn -0.8935 -0.4487 0.0185
vn -0.8815 -0.4717 0.0205
vn -0.8577 -0.5142 0.0058
vn -0.8566 -0.5159 0.0057
vn -0.8566 -0.5160 0.0026
vn -0.8576 -0.5142 0.0026
vn -0.8894 -0.4435 0.1110
vn -0.8749 -0.4699 0.1173
vn -0.8757 -0.4710 0.1063
vn -0.8902 -0.4443 0.1009
vn -0.7981 -0.5417 0.2639
vn -0.7903 -0.5516 0.2666
vn -0.7917 -0.5529 0.2596
vn -0.7994 -0.5429 0.2575
vn -0.6940 -0.5492 0.4656
vn -0.6230 -0.6095 0.4904
vn -0.6324 -0.6254 0.4572
vn -0.7068 -0.5592 0.4333
vn -0.7907 -0.5602 0.2469
vn -0.7924 -0.5581 0.2463
vn -0.7922 -0.5580 0.2473
vn -0.7906 -0.5600 0.2477
vn -0.9598 -0.2609 0.1040
vn -0.9890 -0.1377 0.0549
vn -0.9910 -0.1140 0.0705
vn -0.9629 -0.2296 0.1420
vn -0.8256 -0.5572 -0.0890
vn -0.8620 -0.4922 -0.1213
vn -0.8632 -0.4925 -0.1111
vn -0.8265 -0.5576 -0.0772
vn -0.8266 -0.5461 -0.1361
vn -0.8064 -0.5759 -0.1347
vn -0.8046 -0.5748 -0.1488
vn -0.8249 -0.5452 -0.1495
vn -0.8407 -0.5009 -0.2059
vn -0.8543 -0.4770 -0.2066
vn -0.8556 -0.4774 -0.2002
vn -0.8420 -0.5013 -0.1992
vn -0.9596 -0.2289 -0.1635
vn -0.9449 -0.2781 -0.1726
vn -0.9428 -0.2776 -0.1844
vn -0.9581 -0.2287 -0.1727
vn -0.9759 -0.1860 -0.1143
vn -0.9723 -0.2019 -0.1178
vn -0.9718 -0.2019 -0.1219
vn -0.9755 -0.1860 -0.1178
vn -0.9917 -0.1264 -0.0218
vn -0.9869 -0.1593 -0.0247
vn -0.9866 -0.1591 -0.0348
vn -0.9916 -0.1258 -0.0306
vn -0.8773 0.3006 0.3742
vn -0.8778 0.2963 0.3765
vn -0.8787 0.2964 0.3743
vn -0.8778 0.3006 0.3729
vn -0.9329 0.2430 0.2658
vn -0.9301 0.2721 0.2467
vn -0.9255 0.2716 0.2640
vn -0.9297 0.2420 0.2775
vn -0.9687 0.2413 -0.0586
vn -0.9628 0.2624 -0.0637
vn -0.9677 0.2486 -0.0427
vn -0.9725 0.2295 -0.0395
vn -0.9416 0.2936 -0.1650
vn -0.9212 0.3455 -0.1791
vn -0.9369 0.3238 -0.1319
vn -0.9526 0.2774 -0.1251
vn -0.8947 0.3885 -0.2203
vn -0.8778 0.4194 -0.2315
vn -0.9025 0.3826 -0.1978
vn -0.9129 0.3597 -0.1929
vn -0.8464 0.4659 -0.2579
vn -0.8366 0.4811 -0.2620
vn -0.8816 0.4086 -0.2360
vn -0.8839 0.4041 -0.2354
vn -0.8855 0.4578 -0.0795
vn -0.8981 0.4150 -0.1453
vn -0.8981 0.4150 -0.1454
vn -0.9258 0.3362 -0.1727
vn -0.9629 0.1944 -0.1872
vn -0.9497 0.1725 -0.2614
vn -0.9118 0.3223 -0.2544
vn -0.9730 0.1843 0.1387
vn -0.9648 0.2188 0.1459
vn -0.9628 0.2161 0.1621
vn -0.9719 0.1700 0.1631
vn -0.9780 0.1509 0.1437
vn -0.0372 0.0301 -0.9989
vn 0.0413 0.1339 -0.9901
vn 0.0454 0.1861 -0.9815
vn -0.0931 0.2876 -0.9532
vn -0.4104 0.1428 -0.9007
vn -0.9770 0.2115 0.0281
vn -0.9722 0.2331 0.0205
vn -0.9457 0.3238 0.0277
vn -0.9532 0.2962 0.0599
vn -0.9743 0.2209 0.0437
vn -0.9830 0.1838 0.0012
vn -0.9836 0.1802 0.0013
vn -0.9836 0.1803 -0.0064
vn -0.9829 0.1839 -0.0066
vn -0.9805 0.1964 0.0045
vn -0.9803 0.1973 0.0045
vn -0.9803 0.1972 0.0066
vn -0.9805 0.1964 0.0066
vn -0.1518 -0.7760 0.6121
vn -0.0016 -0.8807 0.4736
vn -0.1133 -0.8768 0.4672
vn -0.2379 -0.8685 0.4349
vn -0.5959 -0.6351 0.4915
vn -0.8426 -0.4868 0.2304
vn -0.8183 -0.5219 0.2407
vn -0.8229 -0.5264 0.2140
vn -0.8467 -0.4910 0.2049
vn -0.9829 -0.1501 0.1066
vn -0.9857 -0.1325 0.1045
vn -0.9854 -0.1220 0.1186
vn -0.9803 -0.1236 0.1540
vn -0.9780 -0.1592 0.1347
vn -0.9688 0.2432 0.0467
vn -0.9612 0.2759 0.0051
vn -0.9551 0.2869 0.0745
vn -0.9492 0.2912 0.1193
vn -0.9574 0.2648 0.1154
vn -0.1503 0.9242 0.3512
vn -0.1552 0.9234 0.3511
vn -0.9816 0.1102 -0.1562
vn -0.9795 0.1314 -0.1529
vn -0.9821 0.1332 -0.1331
vn -0.9838 0.1107 -0.1409
vn -0.8819 0.1169 0.4567
vn -0.8821 0.0975 0.4609
vn -0.8885 0.0983 0.4482
vn -0.8896 0.1181 0.4412
vn -0.2223 0.8882 0.4021
vn -0.1480 0.9326 0.3292
vn 0.1057 0.9670 0.2318
vn 0.2358 0.9120 0.3356
vn -0.2423 0.8381 0.4888
vn -0.3273 -0.8927 -0.3097
vn -0.1895 -0.8936 -0.4068
vn -0.1320 -0.8781 -0.4598
vn -0.3244 -0.7589 -0.5646
vn -0.7706 -0.5746 -0.2758
vn -0.3341 0.8451 -0.4173
vn -0.2001 0.9064 -0.3721
vn -0.2151 0.9183 -0.3324
vn -0.3130 0.9184 -0.2421
vn -0.6307 0.7475 -0.2086
vn 0.0768 0.1283 0.9888
vn 0.1785 -0.0024 0.9839
vn 0.1417 -0.0455 0.9889
vn -0.0268 -0.0727 0.9970
vn -0.3262 0.1651 0.9308
vn -0.9824 0.1870 0.0032
vn -0.9815 0.1912 0.0032
vn -0.9815 0.1912 0.0060
vn -0.9823 0.1870 0.0059
vn -0.8470 -0.5297 0.0448
vn -0.8392 -0.5419 0.0459
vn -0.8394 -0.5422 0.0390
vn -0.8471 -0.5300 0.0381
vn -0.9926 -0.1212 0.0040
vn -0.9926 -0.1215 0.0040
vn -0.9926 -0.1215 0.0039
vn -0.9926 -0.1212 0.0039
vn -0.2609 0.9590 0.1106
vn -0.0332 0.9925 0.1179
vn -0.0406 0.9922 0.1182
vn -0.2726 0.9558 0.1103
vn -0.9775 0.2106 0.0120
vn -0.9764 0.2158 0.0129
vn -0.9735 0.2272 0.0255
vn -0.9750 0.2207 0.0244
vn -0.9756 0.2190 0.0158
vn 0.0042 -0.9910 0.1341
vn 0.0014 -0.9910 0.1341
vn 0.0014 -0.9901 0.1402
vn 0.0042 -0.9901 0.1402
vn -0.8543 0.4982 -0.1484
vn -0.8532 0.5000 -0.1484
vn -0.8643 -0.4835 -0.1385
vn -0.8461 -0.5150 -0.1374
vn -0.8444 -0.5143 -0.1499
vn -0.8626 -0.4830 -0.1502
vn -0.9508 0.2770 -0.1387
vn -0.9500 0.2799 -0.1387
vn -0.9502 0.2799 -0.1368
vn -0.9511 0.2770 -0.1369
vn -0.4780 -0.8748 -0.0796
vn -0.5180 -0.8512 -0.0842
vn -0.5189 -0.8526 -0.0617
vn -0.4786 -0.8762 -0.0565
vn -0.0221 -0.9959 -0.0875
vn -0.0254 -0.9952 -0.0941
vn -0.0854 -0.9920 -0.0929
vn -0.0733 -0.9936 -0.0858
vn -0.2798 0.8958 -0.3452
vn -0.0538 0.9388 -0.3402
vn -0.0887 0.9361 -0.3404
vn -0.3475 0.8733 -0.3414
vn -0.9890 0.1477 -0.0000
vn -0.9890 0.1478 -0.0000
vn -0.7730 -0.0334 -0.6335
vn -0.8783 0.0081 -0.4781
vn -0.8822 -0.0547 -0.4677
vn -0.7740 -0.0890 -0.6269
vn -0.9931 0.1060 -0.0507
vn -0.9937 0.1073 -0.0313
vn -0.9990 0.0420 -0.0177
vn -0.9987 0.0383 -0.0336
vn -0.9836 0.1216 -0.1332
vn -0.9836 0.1216 -0.1333
vn -0.9908 0.1172 -0.0682
vn -0.9908 0.1173 -0.0678
vn -0.9909 0.1166 -0.0675
vn -0.9909 0.1164 -0.0679
vn -0.9446 0.1187 0.3061
vn -0.9503 0.1140 0.2897
vn -0.9335 0.1996 0.2978
vn -0.9269 0.2053 0.3141
vn -0.9890 0.1207 -0.0859
vn -0.9887 0.1188 -0.0920
vn -0.9875 0.1248 -0.0961
vn -0.9880 0.1266 -0.0889
vn -0.3002 0.9183 -0.2580
vn -0.0546 0.9614 -0.2698
vn -0.0452 0.9619 -0.2697
vn -0.2719 0.9265 -0.2601
vn -0.5103 0.8462 -0.1533
vn -0.0908 0.9864 -0.1369
vn -0.0612 0.9891 -0.1339
vn -0.4945 0.8557 -0.1526
vn -0.1485 0.8929 -0.4251
vn -0.2454 0.8773 -0.4124
vn -0.2458 0.8729 -0.4216
vn -0.1485 0.8898 -0.4316
vn -0.2113 0.8166 -0.5372
vn -0.1910 0.8192 -0.5407
vn -0.1911 0.8241 -0.5333
vn -0.2119 0.8208 -0.5305
vn -0.1895 0.8955 -0.4027
vn -0.3692 0.8474 -0.3817
vn -0.3692 0.8437 -0.3898
vn -0.1873 0.8925 -0.4103
vn -0.1221 0.9337 -0.3366
vn -0.1297 0.9327 -0.3364
vn -0.1296 0.9325 -0.3370
vn -0.1221 0.9336 -0.3370
vn -0.2410 0.7714 -0.5889
vn -0.4034 0.7273 -0.5553
vn -0.4020 0.7210 -0.5644
vn -0.2360 0.7654 -0.5988
vn -0.1998 0.9594 0.1991
vn -0.5708 0.6171 -0.5417
vn -0.7203 0.5209 -0.4581
vn -0.7387 0.4901 -0.4628
vn -0.5795 0.5944 -0.5575
vn -0.9985 0.0375 -0.0411
vn -0.9977 0.0312 -0.0597
vn -0.9934 0.0836 -0.0781
vn -0.9940 0.0910 -0.0601
vn -0.9837 0.1649 0.0722
vn -0.9837 0.1650 0.0722
vn -0.9851 0.1672 -0.0394
vn -0.9813 0.1809 -0.0664
vn -0.9538 0.2874 -0.0876
vn -0.9719 0.2297 -0.0512
vn -0.9890 0.1479 -0.0000
vn -0.9819 0.1886 -0.0166
vn -0.9809 0.1940 -0.0168
vn -0.9809 0.1939 -0.0130
vn -0.9820 0.1885 -0.0127
vn -0.8612 -0.5082 -0.0103
vn -0.8627 -0.5055 -0.0102
vn -0.8627 -0.5056 -0.0088
vn -0.8611 -0.5083 -0.0088
vn -0.9935 -0.1137 -0.0003
vn -0.9937 -0.1122 -0.0003
vn -0.9937 -0.1122 0.0004
vn -0.9935 -0.1137 0.0004
vn -0.2998 0.9487 -0.1001
vn -0.0523 0.9931 -0.1049
vn -0.0532 0.9931 -0.1048
vn -0.3022 0.9480 -0.1000
vn -0.9756 0.2188 -0.0152
vn -0.9765 0.2151 -0.0149
vn -0.9740 0.2256 -0.0213
vn -0.9730 0.2297 -0.0217
vn -0.9891 0.1472 -0.0000
vn -0.3074 0.7804 0.5446
vn -0.4395 0.7384 0.5114
vn -0.4431 0.7466 0.4962
vn -0.3080 0.7866 0.5353
vn -0.1703 0.7225 0.6700
vn -0.2262 0.7153 0.6612
vn -0.2274 0.7242 0.6510
vn -0.1720 0.7296 0.6619
vn -0.6637 0.6794 0.3129
vn -0.7991 0.5478 0.2476
vn -0.8043 0.5522 0.2196
vn -0.6689 0.6846 0.2896
vn -0.9717 0.1121 -0.2079
vn -0.9969 0.0493 -0.0616
vn -0.9962 0.0412 -0.0763
vn -0.9710 0.1028 -0.2159
vn -0.9862 0.1317 -0.1006
vn -0.9818 0.1245 -0.1435
vn -0.9678 0.1865 -0.1688
vn -0.9785 0.1737 -0.1114
vn -0.3974 0.4185 -0.8167
vn -0.7334 0.3493 -0.5832
vn -0.7298 0.3047 -0.6120
vn -0.3931 0.3916 -0.8319
vn -0.9016 0.3070 -0.3048
vn -0.9894 0.0885 -0.1152
vn -0.9803 0.0700 -0.1849
vn -0.8740 0.2960 -0.3853
vn -0.9036 0.4270 0.0349
vn -0.8893 0.4557 0.0381
vn -0.8892 0.4552 0.0454
vn -0.9035 0.4264 0.0422
vn -0.9826 0.0792 -0.1678
vn -0.9781 0.0742 -0.1942
vn -0.9696 0.1084 -0.2192
vn -0.9789 0.0984 -0.1791
vn -0.9707 0.2254 0.0828
vn -0.9677 0.2341 0.0932
vn -0.9709 0.2212 0.0918
vn -0.9734 0.2140 0.0816
vn -0.9880 0.1547 0.0003
vn -0.9880 0.1548 0.0002
vn -0.9879 0.1548 0.0002
vn -0.9880 0.1548 0.0003
vn -0.2011 0.5901 -0.7819
vn -0.2608 0.5863 -0.7670
vn -0.2614 0.5685 -0.7800
vn -0.2008 0.5753 -0.7929
vn -0.2289 0.8309 0.5071
vn -0.3040 0.8142 0.4947
vn -0.3046 0.8219 0.4814
vn -0.2292 0.8370 0.4968
vn -0.9879 0.1552 0.0004
vn -0.2776 0.1355 -0.9511
vn -0.2354 0.1318 -0.9629
vn -0.2384 0.1504 -0.9594
vn -0.2792 0.1504 -0.9484
vn -0.9507 0.2795 0.1345
vn -0.9943 0.0968 0.0439
vn -0.9943 0.0997 0.0374
vn -0.9508 0.2822 0.1281
vn -0.9614 0.2526 0.1094
vn -0.9518 0.2753 0.1352
vn -0.9574 0.2564 0.1328
vn -0.9654 0.2374 0.1077
vn -0.4351 0.7902 0.4317
vn -0.7085 0.6228 0.3318
vn -0.7097 0.6346 0.3060
vn -0.4356 0.7979 0.4167
vn -0.2596 0.2950 -0.9195
vn -0.3281 0.2963 -0.8970
vn -0.3173 0.2746 -0.9077
vn -0.2552 0.2777 -0.9261
vn -0.9875 0.1574 0.0002
vn -0.9091 0.3739 0.1835
vn -0.8524 0.4559 0.2561
vn -0.8733 0.4127 0.2590
vn -0.9240 0.3374 0.1802
vn -0.8337 0.5425 -0.1030
vn -0.8143 0.5699 -0.1102
vn -0.8117 0.5808 -0.0612
vn -0.8299 0.5549 -0.0579
vn -0.9825 0.1725 0.0701
vn -0.9950 0.0851 0.0528
vn -0.9955 0.0873 0.0355
vn -0.9835 0.1714 0.0585
vn -0.9882 0.1530 -0.0000
vn -0.9882 0.1530 -0.0008
vn -0.9882 0.1533 -0.0008
vn -0.9882 0.1532 -0.0000
vn -0.7427 0.5890 0.3187
vn -0.6844 0.6361 0.3563
vn -0.6946 0.6233 0.3592
vn -0.7500 0.5780 0.3218
vn -0.4381 0.7171 -0.5421
vn -0.2895 0.7646 -0.5758
vn -0.2943 0.7718 -0.5636
vn -0.4385 0.7230 -0.5338
vn -0.9893 0.1006 -0.1060
vn -0.9889 0.0982 -0.1113
vn -0.9880 0.1037 -0.1145
vn -0.9884 0.1061 -0.1084
vn -0.8602 0.4436 -0.2517
vn -0.8541 0.4537 -0.2545
vn -0.8858 0.4002 -0.2349
vn -0.8874 0.3970 -0.2345
vn -0.8973 -0.3414 -0.2799
vn -0.8486 -0.4356 -0.3003
vn -0.8391 -0.4320 -0.3307
vn -0.8904 -0.3391 -0.3037
vn -0.9693 -0.0285 -0.2440
vn -0.9694 0.0356 -0.2429
vn -0.9778 0.0346 -0.2066
vn -0.9768 -0.0297 -0.2119
vn -0.5057 -0.7167 -0.4803
vn -0.4528 -0.7433 -0.4924
vn -0.4451 -0.7320 -0.5159
vn -0.4989 -0.7074 -0.5007
vn -0.4336 0.8214 -0.3705
vn -0.0992 0.9215 -0.3755
vn -0.1236 0.9183 -0.3760
vn -0.4602 0.8083 -0.3673
vn -0.9173 -0.3817 -0.1134
vn -0.8666 -0.4067 -0.2891
vn -0.9320 -0.2816 -0.2284
vn -0.9536 -0.2831 -0.1030
vn -0.9989 0.0195 -0.0435
vn -0.9989 0.0195 -0.0432
vn -0.9989 0.0193 -0.0434
vn -0.9989 0.0193 -0.0437
vn -0.9797 -0.1743 0.0989
vn -0.9855 -0.1647 -0.0413
vn -0.9988 -0.0408 0.0267
vn -0.9890 -0.0554 0.1368
vn -1.0000 0.0075 0.0062
vn -1.0000 0.0075 0.0064
vn -1.0000 0.0071 0.0063
vn -1.0000 0.0072 0.0061
vn -0.9498 -0.0796 0.3027
vn -0.9429 -0.0851 0.3219
vn -0.9428 -0.0912 0.3207
vn -0.9495 -0.0858 0.3020
vn -0.9998 0.0139 -0.0148
vn -0.9998 0.0139 -0.0150
vn -0.9998 0.0141 -0.0148
vn -0.9998 0.0141 -0.0147
vn 0.0044 -0.3871 -0.9220
vn 0.0084 -0.3867 -0.9222
vn 0.0084 -0.3851 -0.9229
vn 0.0044 -0.3862 -0.9224
vn 0.0334 0.9994 -0.0128
vn 0.0324 0.9994 -0.0132
vn 0.1685 0.9857 -0.0021
vn 0.3053 0.9521 0.0181
vn -0.0016 -0.7780 -0.6283
vn -0.0062 -0.7778 -0.6285
vn -0.0062 -0.7783 -0.6279
vn -0.0016 -0.7784 -0.6278
vn 0.0019 -0.6536 -0.7568
vn 0.0072 -0.6535 -0.7569
vn 0.0072 -0.6530 -0.7573
vn 0.0019 -0.6532 -0.7572
vn -0.9999 0.0080 0.0067
vn -0.9999 0.0080 0.0068
vn -0.9999 0.0077 0.0067
vn -0.9999 0.0077 0.0066
vn -1.0000 0.0063 0.0073
vn -0.7454 -0.4752 0.4675
vn -0.9948 -0.1014 -0.0132
vn -0.9955 -0.0942 -0.0007
vn -0.9926 -0.1209 -0.0085
vn -0.9925 -0.1206 -0.0178
vn -0.9246 -0.2395 0.2961
vn -0.9187 -0.2449 0.3099
vn -0.9116 -0.2622 0.3167
vn -0.9225 -0.2484 0.2953
vn -0.7682 -0.4577 0.4477
vn -0.8227 -0.4088 0.3950
vn -0.8201 -0.4048 0.4044
vn -0.7679 -0.4523 0.4536
vn -0.1647 -0.6352 -0.7546
vn -0.6283 -0.5050 -0.5918
vn -0.6537 -0.5220 -0.5479
vn -0.1729 -0.6633 -0.7281
vn 0.0155 -0.6354 -0.7721
vn 0.0290 -0.6350 -0.7720
vn 0.0289 -0.6334 -0.7733
vn 0.0155 -0.6342 -0.7730
vn -0.9966 -0.0821 0.0087
vn -0.9960 -0.0888 -0.0101
vn -0.9979 -0.0636 0.0075
vn -0.9976 -0.0673 0.0146
vn -0.5261 -0.7315 -0.4337
vn -0.4708 -0.7647 -0.4401
vn -0.4630 -0.7535 -0.4669
vn -0.5192 -0.7222 -0.4570
vn -0.8528 -0.5221 -0.0143
vn -0.8546 -0.5191 -0.0140
vn -0.8546 -0.5191 -0.0125
vn -0.8527 -0.5222 -0.0127
vn -0.4760 -0.8706 -0.1247
vn -0.5154 -0.8473 -0.1284
vn -0.5168 -0.8494 -0.1065
vn -0.4771 -0.8729 -0.1023
vn -0.8897 -0.4541 0.0479
vn -0.8838 -0.4652 0.0506
vn -0.8839 -0.4652 0.0479
vn -0.8856 -0.4623 0.0444
vn -0.8895 -0.4548 0.0433
vn -0.6893 -0.6571 0.3051
vn -0.6825 -0.6631 0.3075
vn -0.6838 -0.6648 0.3008
vn -0.6905 -0.6587 0.2989
vn -0.9583 -0.2119 0.1918
vn -0.9856 -0.1252 0.1133
vn -0.9867 -0.0995 0.1288
vn -0.9546 -0.1820 0.2357
vn -0.6254 -0.7151 0.3121
vn -0.6031 -0.7313 0.3186
vn -0.6059 -0.7342 0.3062
vn -0.6277 -0.7179 0.3009
vn -0.5365 -0.6693 0.5140
vn -0.5629 -0.6548 0.5044
vn -0.5596 -0.6485 0.5160
vn -0.5329 -0.6648 0.5235
vn -0.6638 -0.6697 0.3329
vn -0.6407 -0.6886 0.3396
vn -0.6448 -0.6938 0.3208
vn -0.6676 -0.6745 0.3150
vn -0.7746 -0.6014 0.1956
vn -0.7309 -0.6494 0.2097
vn -0.7341 -0.6538 0.1837
vn -0.7778 -0.6049 0.1706
vn -0.8808 -0.4734 -0.0120
vn -0.8850 -0.4654 -0.0117
vn -0.8852 -0.4652 0.0022
vn -0.8809 -0.4732 0.0019
vn -0.8303 -0.5550 0.0503
vn -0.8135 -0.5792 0.0531
vn -0.8137 -0.5812 -0.0020
vn -0.8306 -0.5569 -0.0056
vn -0.5514 -0.5062 0.6631
vn -0.6151 -0.4718 0.6317
vn -0.6017 -0.4470 0.6619
vn -0.5410 -0.4856 0.6867
vn -0.6862 -0.7256 0.0512
vn -0.8188 -0.5725 -0.0429
vn -0.8203 -0.5720 -0.0022
vn -0.6848 -0.7235 0.0872
vn -0.5553 -0.8219 -0.1267
vn -0.5973 -0.7915 -0.1295
vn -0.5997 -0.7943 -0.0971
vn -0.5575 -0.8247 -0.0950
vn -0.4818 -0.8631 -0.1515
vn -0.4648 -0.8727 -0.1494
vn -0.4642 -0.8716 -0.1576
vn -0.4812 -0.8622 -0.1586
vn -0.7436 -0.6048 -0.2849
vn -0.6428 -0.7026 -0.3053
vn -0.6341 -0.6934 -0.3422
vn -0.7352 -0.5985 -0.3182
vn -0.8246 -0.5240 -0.2131
vn -0.8049 -0.5510 -0.2204
vn -0.8030 -0.5499 -0.2297
vn -0.8230 -0.5231 -0.2213
vn -0.8585 -0.5047 -0.0904
vn -0.8524 -0.5148 -0.0920
vn -0.8521 -0.5145 -0.0960
vn -0.8584 -0.5043 -0.0941
vn -0.8730 -0.4862 0.0387
vn -0.8507 -0.5226 0.0568
vn -0.8374 -0.5466 0.0069
vn -0.8477 -0.5301 -0.0188
vn -0.8687 -0.4952 -0.0107
vn -0.9810 0.1941 0.0045
vn -0.9807 0.1954 0.0045
vn -0.9807 0.1954 0.0066
vn -0.9810 0.1940 0.0065
vn -0.8451 -0.5344 -0.0162
vn -0.8649 -0.5015 -0.0206
vn -0.8655 -0.5005 0.0230
vn -0.8454 -0.5334 0.0260
vn -0.9923 -0.1234 0.0095
vn -0.9918 -0.1273 0.0097
vn -0.9918 -0.1275 0.0059
vn -0.9923 -0.1236 0.0058
vn -0.1605 0.9775 0.1371
vn -0.1475 0.9838 0.1017
vn -0.9753 0.2205 0.0125
vn -0.9747 0.2230 0.0126
vn -0.9720 0.2341 0.0216
vn -0.9726 0.2314 0.0214
vn -0.9907 0.1353 -0.0162
vn -0.9905 0.1369 -0.0097
vn -0.9927 0.1207 -0.0092
vn -0.9925 0.1215 -0.0150
vn -0.8883 -0.4583 0.0309
vn -0.8907 -0.4536 0.0304
vn -0.8905 -0.4534 0.0375
vn -0.8881 -0.4580 0.0380
vn -0.9290 0.3330 0.1616
vn -0.9615 0.2499 0.1147
vn -0.9447 0.3055 0.1192
vn -0.9166 0.3667 0.1595
vn -0.7758 0.5419 0.3232
vn -0.8808 0.3444 0.3249
vn -0.9338 0.3295 0.1396
vn -0.8271 0.5394 0.1579
vn -0.9103 0.3766 0.1717
vn -0.9089 0.3793 0.1732
vn -0.9097 0.3773 0.1733
vn -0.9111 0.3748 0.1716
vn -0.9315 0.3433 0.1201
vn -0.9067 0.3927 0.1537
vn -0.9350 0.3232 0.1458
vn -0.9507 0.2881 0.1145
vn -0.9533 0.2895 0.0857
vn -0.9461 0.3082 0.0992
vn -0.9603 0.2626 0.0947
vn -0.9653 0.2483 0.0813
vn -0.9860 0.1528 0.0670
vn -0.9861 0.1525 0.0662
vn -0.9848 0.1605 0.0671
vn -0.9847 0.1607 0.0678
vn -0.9787 0.2051 0.0116
vn -0.9783 0.2069 0.0117
vn -0.9761 0.2164 0.0200
vn -0.9765 0.2145 0.0198
vn -0.2116 0.9731 0.0910
vn -0.0057 0.9952 0.0982
vn -0.0254 0.9948 0.0989
vn -0.2446 0.9654 0.0908
vn -0.9927 -0.1208 0.0040
vn -0.9927 -0.1209 0.0040
vn -0.9927 -0.1209 0.0039
vn -0.9927 -0.1208 0.0039
vn -0.8544 -0.5178 0.0438
vn -0.8520 -0.5218 0.0441
vn -0.8521 -0.5220 0.0374
vn -0.8546 -0.5180 0.0371
vn -0.9836 0.1801 -0.0028
vn -0.9830 0.1834 -0.0027
vn -0.9830 0.1833 0.0038
vn -0.9837 0.1800 0.0037
vn 0.0022 -0.9939 0.1106
vn 0.0008 -0.9939 0.1106
vn 0.0008 -0.9939 0.1107
vn 0.0021 -0.9939 0.1107
vn -0.0057 -0.9931 0.1173
vn -0.0159 -0.9930 0.1172
vn -0.0142 -0.9928 0.1187
vn -0.0050 -0.9929 0.1189
vn -0.0507 -0.9950 0.0856
vn -0.0341 -0.9944 0.1005
vn -0.0116 -0.9949 0.1005
vn -0.0175 -0.9962 0.0850
vn 0.0061 -0.9966 0.0819
vn 0.0062 -0.9973 0.0730
vn 0.0020 -0.9973 0.0730
vn 0.0020 -0.9967 0.0817
vn 0.9516 -0.3068 0.0193
vn 0.9525 -0.3044 0.0008
vn 0.9371 -0.3490 0.0023
vn 0.9385 -0.3446 0.0228
vn 0.9536 -0.3010 -0.0098
vn 0.9533 -0.3020 -0.0064
vn 0.9549 -0.2969 -0.0059
vn 0.9547 -0.2973 -0.0097
vn -0.0050 -0.9917 0.1285
vn -0.0150 -0.9916 0.1285
vn -0.0224 -0.9904 0.1361
vn -0.0074 -0.9907 0.1360
vn -0.9556 0.2945 -0.0086
vn -0.9558 0.2932 -0.0200
vn -0.9509 0.3089 -0.0187
vn -0.9521 0.3057 -0.0084
vn 0.9591 -0.2791 0.0470
vn 0.9612 -0.2742 0.0299
vn 0.9573 -0.2874 0.0310
vn 0.9552 -0.2920 0.0483
vn -0.9945 0.1050 0.0033
vn -0.9948 0.1009 0.0162
vn -0.9958 0.0901 0.0170
vn -0.9955 0.0942 0.0044
vn -0.0179 -0.4384 -0.8986
vn -0.0756 -0.4210 -0.9039
vn -0.0782 -0.4373 -0.8959
vn -0.0182 -0.4492 -0.8933
vn -0.0161 -0.3162 0.9485
vn -0.0606 -0.3102 0.9487
vn -0.0592 -0.3008 0.9518
vn -0.0159 -0.3101 0.9506
vn -0.3064 -0.6637 0.6824
vn -0.1530 -0.3101 -0.9383
vn -0.9533 0.3018 0.0101
vn -0.9530 0.3027 0.0086
vn -0.9527 0.3037 0.0086
vn -0.9530 0.3027 0.0101
vn -0.1169 -0.3025 -0.9459
vn -0.1360 -0.2965 -0.9453
vn -0.1368 -0.2985 -0.9446
vn -0.1176 -0.3046 -0.9452
vn -0.1980 -0.5436 0.8157
vn -0.2317 -0.5318 0.8146
vn -0.2308 -0.5295 0.8163
vn -0.1973 -0.5413 0.8174
vn 0.9447 -0.3268 0.0274
vn 0.9431 -0.3308 0.0340
vn 0.9446 -0.3266 0.0340
vn 0.9460 -0.3229 0.0272
vn -0.3491 -0.7520 -0.5592
vn -0.3489 -0.7516 -0.5598
vn -0.3507 -0.7508 -0.5597
vn -0.3508 -0.7511 -0.5592
vn -0.3986 -0.8652 -0.3043
vn -0.3992 -0.8666 -0.2995
vn -0.3867 -0.8724 -0.2989
vn -0.3859 -0.8709 -0.3043
vn 0.8952 -0.4443 0.0358
vn 0.8912 -0.4515 0.0441
vn 0.8944 -0.4449 0.0457
vn 0.8981 -0.4382 0.0364
vn -0.9159 0.4012 0.0141
vn -0.9165 0.3996 0.0162
vn -0.9172 0.3981 0.0159
vn -0.9165 0.3998 0.0140
vn -0.9126 0.4086 -0.0157
vn -0.9126 0.4079 -0.0272
vn -0.9072 0.4201 -0.0215
vn -0.9089 0.4168 -0.0139
vn 0.9157 -0.4012 -0.0215
vn 0.9172 -0.3974 -0.0301
vn 0.9109 -0.4111 -0.0365
vn 0.9115 -0.4106 -0.0235
vn -0.8621 -0.5067 -0.0106
vn -0.8691 -0.4943 -0.0174
vn -0.8669 -0.4981 -0.0197
vn -0.8772 -0.4800 -0.0121
vn -0.8739 -0.4862 0.0003
vn -0.8666 -0.4991 0.0002
vn -0.9884 0.1519 -0.0000
vn -0.9885 0.1512 -0.0005
vn -0.9885 0.1515 -0.0006
vn -0.9884 0.1520 -0.0000
vn -0.8060 0.5693 -0.1622
vn -0.8325 0.5336 -0.1492
vn -0.8315 0.5197 -0.1964
vn -0.8006 0.5601 -0.2131
vn -0.9879 0.1554 0.0004
vn -0.9879 0.1553 0.0004
vn -0.9880 0.1544 0.0003
vn -0.9880 0.1544 0.0002
vn -0.9880 0.1545 0.0003
vn -0.2805 0.9545 -0.1008
vn -0.0452 0.9934 -0.1050
vn -0.0464 0.9934 -0.1050
vn -0.2838 0.9536 -0.1007
vn -0.9889 0.1488 -0.0001
vn -0.9889 0.1489 -0.0000
vn -0.9889 0.1485 -0.0000
vn -0.9889 0.1485 -0.0001
vn -0.9820 0.1888 -0.0072
vn -0.9824 0.1867 -0.0071
vn -0.9824 0.1867 -0.0095
vn -0.9820 0.1888 -0.0096
vn -0.8612 -0.5083 0.0060
vn -0.8592 -0.5117 0.0059
vn -0.8592 -0.5117 0.0027
vn -0.8612 -0.5083 0.0028
vn -0.9934 -0.1145 0.0034
vn -0.9931 -0.1170 0.0034
vn -0.9931 -0.1170 0.0017
vn -0.9934 -0.1145 0.0016
vn -0.9030 0.4296 0.0005
vn -0.9030 0.4296 0.0007
vn -0.9034 0.4288 0.0009
vn -0.9032 0.4292 0.0005
vn -0.9775 0.2104 -0.0146
vn -0.9780 0.2081 -0.0145
vn -0.9757 0.2179 -0.0206
vn -0.9752 0.2205 -0.0208
vn -0.9770 0.2128 -0.0148
vn -0.9772 0.2120 -0.0147
vn -0.9748 0.2222 -0.0210
vn -0.9746 0.2231 -0.0211
vn -0.9937 -0.1119 0.0034
vn -0.9936 -0.1128 0.0034
vn -0.9936 -0.1128 0.0016
vn -0.9937 -0.1119 0.0016
vn -0.8632 -0.5047 0.0061
vn -0.8625 -0.5060 0.0061
vn -0.8625 -0.5060 0.0028
vn -0.8632 -0.5048 0.0029
vn -0.9809 0.1946 0.0049
vn -0.9815 0.1913 0.0050
vn -0.9815 0.1915 -0.0056
vn -0.9808 0.1948 -0.0058
vn -0.6630 0.6784 -0.3167
vn -0.7437 0.6076 -0.2787
vn -0.6965 0.5598 -0.4490
vn -0.6229 0.6096 -0.4903
vn -0.8570 -0.5151 -0.0134
vn -0.8601 -0.5100 -0.0132
vn -0.8603 -0.5099 0.0006
vn -0.8572 -0.5150 0.0004
vn -0.9883 0.1523 -0.0000
vn -0.9884 0.1518 -0.0006
vn -0.9883 0.1525 -0.0007
vn -0.9883 0.1527 -0.0000
vn -0.9880 0.1546 0.0003
vn -0.9880 0.1545 0.0002
vn -0.9880 0.1547 0.0002
vn -0.2886 0.9521 -0.1005
vn -0.0481 0.9933 -0.1049
vn -0.0506 0.9932 -0.1049
vn -0.2952 0.9502 -0.1003
vn -0.9890 0.1482 -0.0001
vn -0.9890 0.1482 -0.0000
vn -0.9890 0.1480 -0.0000
vn -0.9890 0.1480 -0.0001
vn 0.0005 -0.9994 -0.0356
vn 0.0009 -0.9994 -0.0356
vn 0.0008 -0.9994 -0.0356
vn -0.0003 -0.9983 -0.0590
vn -0.0003 -0.9983 -0.0585
vn -0.0002 -0.9983 -0.0585
vn -0.0002 -0.9983 -0.0589
vn 0.0008 -0.9983 -0.0585
vn 0.0009 -0.9983 -0.0585
vn 0.0009 -0.9983 -0.0588
vn 0.0008 -0.9983 -0.0587
vn -0.0205 -0.3959 0.9180
vn -0.1001 -0.4021 0.9101
vn -0.0892 -0.3583 0.9293
vn -0.0191 -0.3683 0.9295
vn 0.0003 -1.0000 -0.0011
vn 0.0001 -1.0000 -0.0011
vn 0.0001 -1.0000 -0.0004
vn 0.0003 -1.0000 -0.0004
vn 0.0001 -1.0000 0.0002
vn 0.0002 -1.0000 0.0002
vn 0.0002 -1.0000 0.0001
vn -0.0000 -1.0000 -0.0000
vn -0.9671 -0.2544 -0.0088
vn -0.9671 -0.2543 -0.0092
vn -0.9674 -0.2530 -0.0092
vn -0.9674 -0.2532 -0.0088
vn 0.0079 0.1237 -0.9923
vn 0.0326 0.1209 -0.9921
vn 0.0369 0.1380 -0.9897
vn 0.0085 0.1344 -0.9909
vn 0.9705 -0.2413 -0.0017
vn 0.9700 -0.2431 0.0042
vn 0.9741 -0.2260 0.0046
vn 0.9744 -0.2250 -0.0012
vn -0.4002 -0.8399 0.3665
vn -0.4003 -0.8399 0.3665
vn -0.4006 -0.8398 0.3665
vn -0.3748 -0.7853 0.4928
vn 0.9004 -0.4351 0.0053
vn 0.8985 -0.4388 0.0090
vn 0.9018 -0.4320 0.0072
vn 0.9022 -0.4314 0.0051
vn 0.0421 0.0819 -0.9957
vn -0.9851 0.1489 0.0856
vn -0.9849 0.1503 0.0864
vn -0.9849 0.1499 0.0872
vn -0.9851 0.1485 0.0864
vn -0.0000 -0.6469 -0.7625
vn -0.9952 -0.0402 0.0895
vn -0.9945 -0.0430 0.0958
vn -0.9945 -0.0467 0.0936
vn -0.9952 -0.0436 0.0874
vn -0.9791 0.1940 0.0615
vn -0.9858 0.1600 0.0508
vn -0.9857 0.1624 0.0444
vn -0.9794 0.1949 0.0533
vn -0.9706 0.2039 0.1282
vn -0.9818 0.1609 0.1011
vn -0.9827 0.1656 0.0833
vn -0.9742 0.2015 0.1014
vn -0.9937 -0.1118 0.0070
vn -0.9936 -0.1127 0.0070
vn -0.9936 -0.1128 0.0052
vn -0.9937 -0.1119 0.0052
vn -0.9934 -0.1144 0.0070
vn -0.9931 -0.1169 0.0070
vn -0.9931 -0.1170 0.0052
vn -0.9934 -0.1145 0.0052
vn -0.9927 -0.1208 0.0043
vn -0.9927 -0.1209 0.0043
vn -0.9927 -0.1209 0.0041
vn -0.9927 -0.1208 0.0041
vn -0.9922 -0.1232 0.0170
vn -0.9917 -0.1271 0.0173
vn -0.9918 -0.1272 0.0135
vn -0.9923 -0.1233 0.0133
vn -0.9094 -0.3454 -0.2316
vn -0.8651 -0.4415 -0.2380
vn -0.8573 -0.4388 -0.2694
vn -0.9036 -0.3435 -0.2559
vn -0.9935 -0.1136 -0.0015
vn -0.9937 -0.1122 -0.0015
vn -0.9937 -0.1122 -0.0009
vn -0.9935 -0.1136 -0.0009
vn -0.8674 -0.4842 -0.1147
vn -0.8492 -0.5160 -0.1119
vn -0.8477 -0.5155 -0.1247
vn -0.8659 -0.4839 -0.1266
vn -0.9926 -0.1211 0.0043
vn -0.9926 -0.1215 0.0043
vn -0.9926 -0.1215 0.0042
vn -0.9926 -0.1212 0.0042
vn -0.9838 -0.1474 0.1018
vn -0.9828 -0.1530 0.1030
vn -0.9833 -0.1527 0.0987
vn -0.9842 -0.1472 0.0984
vn -0.9918 -0.1275 -0.0048
vn -0.9872 -0.1596 -0.0055
vn -0.9871 -0.1595 -0.0150
vn -0.9918 -0.1270 -0.0132
vn -0.9767 -0.1860 -0.1073
vn -0.9732 -0.2020 -0.1097
vn -0.9728 -0.2020 -0.1138
vn -0.9763 -0.1860 -0.1108
vn -0.9625 -0.2293 -0.1449
vn -0.9487 -0.2790 -0.1487
vn -0.9469 -0.2786 -0.1607
vn -0.9611 -0.2291 -0.1542
vn -0.8378 -0.4999 -0.2194
vn -0.8515 -0.4761 -0.2195
vn -0.8529 -0.4766 -0.2130
vn -0.8393 -0.5004 -0.2127
vn -0.8297 -0.5475 -0.1090
vn -0.8094 -0.5776 -0.1060
vn -0.8079 -0.5768 -0.1204
vn -0.8282 -0.5468 -0.1227
vn -0.8234 -0.5562 -0.1122
vn -0.8594 -0.4914 -0.1413
vn -0.8607 -0.4918 -0.1313
vn -0.8246 -0.5567 -0.1007
vn -0.8773 0.0825 0.4728
vn -0.8382 -0.0257 0.5448
vn -0.8599 -0.0429 0.5086
vn -0.8972 0.0698 0.4361
vn -0.9913 -0.1303 0.0175
vn -0.9910 -0.1327 0.0177
vn -0.9910 -0.1328 0.0138
vn -0.9914 -0.1304 0.0137
vn -0.9929 -0.1188 0.0069
vn -0.9927 -0.1201 0.0069
vn -0.9927 -0.1201 0.0052
vn -0.9929 -0.1188 0.0052
vn -0.9901 -0.1350 0.0374
vn -0.9896 -0.1384 0.0381
vn -0.9897 -0.1383 0.0369
vn -0.9902 -0.1350 0.0362
vn -0.9732 -0.1538 0.1706
vn -0.9758 -0.1409 0.1671
vn -0.9746 -0.1409 0.1743
vn -0.9718 -0.1541 0.1783
vn -0.9410 -0.1898 0.2803
vn -0.9742 -0.0511 0.2197
vn -0.9613 -0.0413 0.2725
vn -0.9278 -0.1872 0.3228
vn -0.9778 -0.1521 0.1444
vn -0.9674 -0.2005 0.1547
vn -0.9704 -0.2004 0.1348
vn -0.9799 -0.1522 0.1291
vn -0.9546 -0.2920 -0.0588
vn -0.9860 -0.1637 -0.0330
vn -0.9893 -0.1458 -0.0099
vn -0.9620 -0.2725 -0.0186
vn -0.9672 0.2039 0.1514
vn -0.9367 0.2811 0.2088
vn -0.9336 0.2735 0.2315
vn -0.9663 0.1966 0.1664
vn -0.9857 0.1324 0.1042
vn -0.9794 0.1586 0.1248
vn -0.9790 0.1535 0.1344
vn -0.9854 0.1283 0.1124
vn -0.8987 0.3382 0.2791
vn -0.8989 0.3380 0.2788
vn -0.8990 0.3379 0.2787
vn -0.8988 0.3382 0.2790
vn -0.9830 0.1683 0.0731
vn -0.9789 0.1875 0.0815
vn -0.9790 0.1827 0.0909
vn -0.9831 0.1640 0.0815
vn -0.9643 0.2393 0.1132
vn -0.8856 0.4199 0.1986
vn -0.9037 0.3494 0.2475
vn -0.9649 0.2143 0.1518
vn -0.9909 -0.0647 0.1181
vn -0.9892 -0.0703 0.1283
vn -0.9892 -0.0753 0.1261
vn -0.9908 -0.0692 0.1160
vn -0.9810 -0.0785 0.1774
vn -0.9751 -0.0897 0.2026
vn -0.9740 -0.0999 0.2032
vn -0.9809 -0.0858 0.1745
vn -0.9871 -0.0930 0.1303
vn -0.9856 -0.0983 0.1378
vn -0.9855 -0.1012 0.1364
vn -0.9870 -0.0957 0.1290
vn -0.9927 -0.0530 0.1084
vn -0.9878 -0.0683 0.1397
vn -0.9880 -0.0819 0.1310
vn -0.9928 -0.0637 0.1018
vn -0.9817 -0.0943 0.1657
vn -0.9709 -0.1183 0.2080
vn -0.9472 -0.1961 0.2538
vn -0.9784 -0.1265 0.1638
vn -0.8987 0.3382 0.2792
vn -0.8988 0.3380 0.2790
vn -0.8989 0.3380 0.2789
vn -0.9861 0.1408 0.0878
vn -0.9800 0.1689 0.1053
vn -0.9798 0.1637 0.1151
vn -0.9860 0.1366 0.0961
vn -0.9683 0.2173 0.1234
vn -0.9408 0.2947 0.1674
vn -0.9390 0.2882 0.1875
vn -0.9679 0.2107 0.1371
vn -0.9781 0.1916 0.0813
vn -0.9858 0.1543 0.0655
vn -0.9859 0.1573 0.0577
vn -0.9787 0.1928 0.0708
vn -0.9978 -0.0663 0.0050
vn -0.9980 -0.0633 0.0050
vn -0.9979 -0.0635 0.0141
vn -0.9977 -0.0664 0.0142
vn -0.9981 -0.0615 0.0008
vn -0.9982 -0.0607 0.0008
vn -0.9982 -0.0608 0.0015
vn -0.9981 -0.0615 0.0016
vn -0.9985 -0.0556 -0.0004
vn -0.9983 -0.0579 -0.0004
vn -0.9983 -0.0578 -0.0047
vn -0.9984 -0.0555 -0.0047
vn -0.9982 -0.0604 0.0021
vn -0.9982 -0.0602 0.0021
vn -0.9982 -0.0602 0.0024
vn -0.9982 -0.0604 0.0024
vn -0.9006 0.3656 -0.2349
vn -0.9065 0.3510 -0.2345
vn -0.9043 0.3504 -0.2440
vn -0.8986 0.3651 -0.2433
vn -0.9984 -0.0556 -0.0025
vn -0.9980 -0.0637 -0.0024
vn -0.9979 -0.0636 -0.0080
vn -0.9984 -0.0555 -0.0082
vn -0.9503 0.2770 -0.1422
vn -0.9495 0.2798 -0.1423
vn -0.9497 0.2798 -0.1405
vn -0.9506 0.2770 -0.1405
vn -0.9982 -0.0594 0.0016
vn -0.9982 -0.0601 0.0016
vn -0.9982 -0.0601 0.0012
vn -0.9982 -0.0594 0.0012
vn 0.5655 0.1438 0.8121
vn 0.5308 0.0022 0.8475
vn 0.3425 0.0222 0.9393
vn 0.2692 0.1096 0.9568
vn 0.3047 0.2007 0.9311
vn -0.8636 0.1491 0.4815
vn -0.8675 0.1280 0.4807
vn -0.8741 0.1283 0.4686
vn -0.8717 0.1498 0.4665
vn -0.9700 0.1183 -0.2124
vn -0.9598 0.1709 -0.2227
vn -0.9693 0.1684 -0.1791
vn -0.9767 0.1195 -0.1783
vn -0.9982 -0.0600 0.0021
vn -0.9982 -0.0598 0.0021
vn -0.9982 -0.0598 0.0024
vn -0.9982 -0.0600 0.0024
vn -0.9983 -0.0590 0.0035
vn -0.9984 -0.0560 0.0035
vn -0.9984 -0.0561 0.0097
vn -0.9982 -0.0591 0.0098
vn -0.9981 -0.0596 0.0164
vn -0.9971 -0.0747 0.0155
vn -0.9997 -0.0240 -0.0028
vn -0.9998 -0.0107 0.0149
vn -0.9986 -0.0504 0.0186
vn -0.1819 -0.1385 -0.9735
vn -0.0321 -0.1035 -0.9941
vn 0.0500 -0.0629 -0.9968
vn -0.0828 0.0846 -0.9930
vn -0.5409 0.0661 -0.8385
vn -0.9935 -0.0588 0.0976
vn -0.9938 0.0310 0.1072
vn -0.9908 0.0513 0.1250
vn -0.9900 0.0380 0.1361
vn -0.9887 -0.0645 0.1355
vn -0.9467 0.1096 0.3028
vn -0.9569 0.2014 0.2093
vn -0.9432 0.2039 0.2622
vn -0.9354 0.1114 0.3355
vn -0.8761 0.3005 0.3769
vn -0.8759 0.2961 0.3810
vn -0.8768 0.2962 0.3787
vn -0.8767 0.3006 0.3756
vn -0.9815 0.1899 -0.0240
vn -0.9797 0.1991 -0.0251
vn -0.9798 0.1990 -0.0210
vn -0.9816 0.1899 -0.0202
vn -0.9723 0.2125 -0.0979
vn -0.9674 0.2330 -0.0991
vn -0.9683 0.2330 -0.0904
vn -0.9730 0.2125 -0.0905
vn -0.9492 0.2707 -0.1602
vn -0.9275 0.3342 -0.1677
vn -0.9316 0.3349 -0.1414
vn -0.9526 0.2711 -0.1381
vn -0.9144 0.3287 -0.2363
vn -0.9259 0.2958 -0.2350
vn -0.9212 0.2952 -0.2536
vn -0.9104 0.3279 -0.2523
vn -0.9487 0.2824 -0.1423
vn -0.9480 0.2848 -0.1424
vn -0.9482 0.2849 -0.1406
vn -0.9489 0.2825 -0.1405
vn -0.9192 0.2468 -0.3070
vn -0.9295 0.2051 -0.3067
vn -0.9261 0.2038 -0.3176
vn -0.9152 0.2453 -0.3198
vn 0.0072 0.9894 0.1449
vn 0.0215 0.9892 0.1449
vn 0.0106 0.9887 0.1494
vn 0.0035 0.9888 0.1494
vt 0.909388 0.557336
vt 0.911080 0.557363
vt 0.914566 0.563750
vt 0.909301 0.565252
vt 0.912771 0.557389
vt 0.916868 0.557453
vt 0.920965 0.557517
vt 0.920729 0.565430
vt 0.920493 0.573343
vt 0.914853 0.573255
vt 0.909214 0.573167
vt 0.574119 0.747277
vt 0.613312 0.746711
vt 0.612894 0.754501
vt 0.573975 0.755101
vt 0.650567 0.746188
vt 0.649874 0.753945
vt 0.649180 0.761703
vt 0.612475 0.762292
vt 0.573832 0.762925
vt 0.956602 0.347062
vt 0.958198 0.319088
vt 0.963476 0.318750
vt 0.962473 0.346287
vt 0.959793 0.291113
vt 0.964478 0.291213
vt 0.969179 0.291321
vt 0.968769 0.318420
vt 0.968359 0.345519
vt 0.950421 0.762691
vt 0.962801 0.762676
vt 0.963003 0.799503
vt 0.950733 0.799518
vt 0.975196 0.762669
vt 0.975288 0.799496
vt 0.975380 0.836323
vt 0.963205 0.836330
vt 0.951045 0.836345
vt 0.950400 0.747202
vt 0.962780 0.747187
vt 0.962790 0.754932
vt 0.950411 0.754946
vt 0.975174 0.747180
vt 0.975185 0.754925
vt 0.962022 0.266166
vt 0.962992 0.255320
vt 0.967122 0.255025
vt 0.966465 0.265623
vt 0.963961 0.244474
vt 0.967779 0.244427
vt 0.971611 0.244388
vt 0.971267 0.254738
vt 0.970923 0.265088
vt 0.574636 0.615698
vt 0.617250 0.615607
vt 0.618268 0.625581
vt 0.575403 0.625670
vt 0.657927 0.615560
vt 0.659194 0.625535
vt 0.660461 0.635509
vt 0.619285 0.635555
vt 0.576170 0.635643
vt 0.910935 0.424333
vt 0.912218 0.424338
vt 0.915613 0.432429
vt 0.910784 0.434366
vt 0.913501 0.424344
vt 0.917560 0.424422
vt 0.921618 0.424499
vt 0.921499 0.434533
vt 0.921380 0.444567
vt 0.916007 0.444484
vt 0.910634 0.444400
vt 0.908795 0.674843
vt 0.913575 0.674918
vt 0.913090 0.690825
vt 0.908770 0.690757
vt 0.918355 0.674992
vt 0.917410 0.690892
vt 0.916465 0.706792
vt 0.912605 0.706731
vt 0.908745 0.706671
vt 0.914342 0.608174
vt 0.909029 0.608091
vt 0.919655 0.608257
vt 0.918817 0.643170
vt 0.913831 0.643093
vt 0.908844 0.643015
vt 0.603369 0.802110
vt 0.564255 0.805570
vt 0.640545 0.798693
vt 0.631910 0.835683
vt 0.594263 0.841928
vt 0.554679 0.848216
vt 0.912553 0.726360
vt 0.908707 0.726300
vt 0.916398 0.726420
vt 0.916332 0.746049
vt 0.912501 0.745989
vt 0.908670 0.745930
vt 0.952711 0.870552
vt 0.964096 0.870537
vt 0.964542 0.887641
vt 0.953544 0.887655
vt 0.975496 0.870531
vt 0.975554 0.887635
vt 0.975612 0.904739
vt 0.964987 0.904745
vt 0.954377 0.904758
vt 0.569959 0.871791
vt 0.595972 0.870945
vt 0.585315 0.886039
vt 0.568585 0.879502
vt 0.620046 0.870143
vt 0.614115 0.887373
vt 0.608183 0.904603
vt 0.583710 0.900545
vt 0.557300 0.896530
vt 0.562256 0.891872
vt 0.567212 0.887213
vt 0.958425 0.944059
vt 0.967106 0.944046
vt 0.967647 0.954805
vt 0.959448 0.954817
vt 0.975802 0.944041
vt 0.975861 0.954800
vt 0.975920 0.965559
vt 0.968187 0.965563
vt 0.960470 0.965575
vt 0.577936 0.922792
vt 0.556079 0.921141
vt 0.597854 0.924486
vt 0.587526 0.944370
vt 0.572161 0.945039
vt 0.554858 0.945752
vt 0.966046 0.924395
vt 0.956401 0.924408
vt 0.975707 0.924390
vt 0.922231 0.372952
vt 0.916969 0.372870
vt 0.915379 0.367840
vt 0.919024 0.364797
vt 0.911707 0.372788
vt 0.911734 0.370884
vt 0.911760 0.368980
vt 0.913789 0.362811
vt 0.915817 0.356642
vt 0.414759 0.502045
vt 0.403601 0.500970
vt 0.411600 0.462916
vt 0.421788 0.463180
vt 0.392442 0.499894
vt 0.401412 0.462651
vt 0.410382 0.425408
vt 0.419599 0.424861
vt 0.428817 0.424315
vt 0.928597 0.228208
vt 0.927195 0.265728
vt 0.922602 0.265656
vt 0.923775 0.228133
vt 0.925793 0.303247
vt 0.921430 0.303179
vt 0.917067 0.303111
vt 0.918010 0.265584
vt 0.918952 0.228058
vt 0.965862 0.227543
vt 0.970756 0.228576
vt 0.972484 0.230866
vt 0.969307 0.231097
vt 0.975665 0.229616
vt 0.975662 0.230636
vt 0.975659 0.231655
vt 0.974212 0.233157
vt 0.972766 0.234658
vt 0.434058 0.386900
vt 0.441968 0.386430
vt 0.426149 0.387370
vt 0.441915 0.349332
vt 0.448517 0.348938
vt 0.455119 0.348545
vt 0.950268 0.565336
vt 0.950276 0.536555
vt 0.957355 0.536542
vt 0.957574 0.565323
vt 0.950284 0.507774
vt 0.957136 0.507761
vt 0.964003 0.507756
vt 0.964449 0.536537
vt 0.964895 0.565318
vt 0.950326 0.698929
vt 0.959839 0.698969
vt 0.959867 0.710250
vt 0.950345 0.710236
vt 0.969367 0.699018
vt 0.969403 0.710272
vt 0.969439 0.721526
vt 0.959894 0.721531
vt 0.950365 0.721544
vt 0.919454 0.029628
vt 0.921947 0.029667
vt 0.922155 0.030700
vt 0.919439 0.030669
vt 0.924439 0.029706
vt 0.924870 0.030730
vt 0.925301 0.031754
vt 0.922363 0.031732
vt 0.919425 0.031711
vt 0.942095 0.150154
vt 0.936305 0.150607
vt 0.933577 0.121777
vt 0.939324 0.121467
vt 0.930514 0.151059
vt 0.927829 0.122088
vt 0.925144 0.093117
vt 0.930849 0.092948
vt 0.936554 0.092779
vt 0.971126 0.221481
vt 0.975667 0.222000
vt 0.966586 0.220962
vt 0.967324 0.214389
vt 0.971496 0.214387
vt 0.975668 0.214384
vt 0.924581 0.122037
vt 0.923327 0.093089
vt 0.925835 0.150986
vt 0.921156 0.150913
vt 0.921333 0.121987
vt 0.921510 0.093061
vt 0.934767 0.067679
vt 0.930300 0.067917
vt 0.929936 0.056593
vt 0.933871 0.056471
vt 0.925833 0.068154
vt 0.926001 0.056715
vt 0.926169 0.045275
vt 0.929572 0.045269
vt 0.932975 0.045262
vt 0.773074 0.456104
vt 0.773074 0.474679
vt 0.773074 0.474679
vt 0.773074 0.437565
vt 0.773074 0.456104
vt 0.773074 0.437565
vt 0.920788 0.023484
vt 0.922035 0.023504
vt 0.919542 0.023465
vt 0.919630 0.017302
vt 0.931171 0.029515
vt 0.927805 0.029610
vt 0.926421 0.023422
vt 0.930807 0.023341
vt 0.925036 0.017235
vt 0.930443 0.017168
vt 0.923092 0.000581
vt 0.926525 0.000346
vt 0.919660 0.000817
vt 0.486013 0.200664
vt 0.483380 0.200912
vt 0.475489 0.184136
vt 0.478985 0.183813
vt 0.488646 0.200417
vt 0.482480 0.183490
vt 0.973351 0.192873
vt 0.975643 0.192872
vt 0.971060 0.192875
vt 0.974796 0.171360
vt 0.975207 0.171360
vt 0.975619 0.171360
vt 0.514572 0.216508
vt 0.510030 0.216637
vt 0.506597 0.199252
vt 0.511989 0.198971
vt 0.505488 0.216767
vt 0.501206 0.199533
vt 0.496924 0.182300
vt 0.503165 0.181867
vt 0.509405 0.181434
vt 0.492109 0.182697
vt 0.489701 0.182895
vt 0.483983 0.154983
vt 0.491137 0.157425
vt 0.487293 0.183093
vt 0.476829 0.152541
vt 0.466365 0.121988
vt 0.478265 0.127071
vt 0.490166 0.132154
vt 0.515190 0.228842
vt 0.510500 0.228847
vt 0.510265 0.222742
vt 0.514881 0.222675
vt 0.505811 0.228852
vt 0.505649 0.222809
vt 0.516098 0.266358
vt 0.509883 0.266260
vt 0.510494 0.255416
vt 0.516041 0.255543
vt 0.503668 0.266162
vt 0.504948 0.255289
vt 0.506227 0.244417
vt 0.511106 0.244572
vt 0.515985 0.244727
vt 0.519812 0.346582
vt 0.508166 0.346548
vt 0.508329 0.318877
vt 0.518035 0.318912
vt 0.496521 0.346514
vt 0.498623 0.318843
vt 0.500726 0.291171
vt 0.508492 0.291206
vt 0.516257 0.291241
vt 0.519235 0.421191
vt 0.502886 0.421337
vt 0.505526 0.383943
vt 0.519524 0.383887
vt 0.486537 0.421484
vt 0.491529 0.383999
vt 0.526541 0.507180
vt 0.507168 0.507336
vt 0.505027 0.464337
vt 0.522888 0.464185
vt 0.487795 0.507493
vt 0.487166 0.464488
vt 0.504646 0.903690
vt 0.515175 0.899493
vt 0.515311 0.923309
vt 0.507304 0.925320
vt 0.525704 0.895296
vt 0.523318 0.921299
vt 0.520932 0.947302
vt 0.515447 0.947126
vt 0.509962 0.946950
vt 0.519121 0.958305
vt 0.514833 0.958718
vt 0.523408 0.957892
vt 0.525885 0.968482
vt 0.522794 0.969484
vt 0.519704 0.970486
vt 0.492397 0.871632
vt 0.503564 0.871881
vt 0.510897 0.885283
vt 0.498522 0.887661
vt 0.514731 0.872129
vt 0.515869 0.877899
vt 0.517007 0.883669
vt 0.521356 0.889482
vt 0.473855 0.765869
vt 0.485849 0.765150
vt 0.496747 0.805529
vt 0.482676 0.802522
vt 0.497844 0.764431
vt 0.510818 0.808536
vt 0.523793 0.852642
vt 0.507645 0.845909
vt 0.491498 0.839176
vt 0.464248 0.617250
vt 0.477477 0.616685
vt 0.477696 0.626664
vt 0.464419 0.627238
vt 0.490706 0.616119
vt 0.490973 0.626090
vt 0.491240 0.636062
vt 0.477915 0.636644
vt 0.464590 0.637226
vt 0.472707 0.750052
vt 0.484870 0.749350
vt 0.485359 0.757250
vt 0.473281 0.757960
vt 0.497032 0.748649
vt 0.497438 0.756540
vt 0.852179 0.813432
vt 0.852179 0.801037
vt 0.856644 0.802816
vt 0.856644 0.813402
vt 0.852179 0.788642
vt 0.856644 0.792231
vt 0.861110 0.795820
vt 0.861110 0.804596
vt 0.861110 0.813371
vt 0.827626 0.813586
vt 0.827626 0.796287
vt 0.839902 0.798662
vt 0.839902 0.813509
vt 0.827626 0.778988
vt 0.839902 0.783815
vt 0.570785 0.955987
vt 0.558706 0.956747
vt 0.580927 0.955272
vt 0.574327 0.966174
vt 0.569409 0.966936
vt 0.562553 0.967741
vt 0.865809 0.797212
vt 0.868158 0.798008
vt 0.868158 0.805689
vt 0.865809 0.805291
vt 0.868567 0.798805
vt 0.870508 0.806087
vt 0.870508 0.813370
vt 0.868158 0.813370
vt 0.865809 0.813371
vt 0.568144 0.972277
vt 0.563512 0.972792
vt 0.570839 0.971807
vt 0.567350 0.977440
vt 0.566879 0.977619
vt 0.564470 0.977842
vt 0.968443 0.971122
vt 0.960950 0.971134
vt 0.975951 0.971118
vt 0.975982 0.976677
vt 0.968699 0.976681
vt 0.961431 0.976693
vt 0.527839 0.975800
vt 0.525151 0.976747
vt 0.530527 0.974853
vt 0.535170 0.981224
vt 0.532883 0.982116
vt 0.530597 0.983007
vt 0.904383 0.778988
vt 0.904383 0.796287
vt 0.893851 0.798725
vt 0.893851 0.783878
vt 0.904383 0.813585
vt 0.893851 0.813572
vt 0.883320 0.813558
vt 0.883320 0.801163
vt 0.883320 0.788768
vt 0.912627 0.760862
vt 0.908776 0.760802
vt 0.916477 0.760922
vt 0.916623 0.775795
vt 0.912753 0.775735
vt 0.908883 0.775675
vt 0.738518 0.854845
vt 0.740988 0.854007
vt 0.740988 0.863575
vt 0.738518 0.863992
vt 0.743459 0.853168
vt 0.743459 0.863158
vt 0.743459 0.873147
vt 0.740988 0.873143
vt 0.738518 0.873140
vt 0.876914 0.802333
vt 0.876914 0.791141
vt 0.876914 0.813525
vt 0.870508 0.813492
vt 0.870508 0.803503
vt 0.870508 0.793513
vt 0.710509 0.873199
vt 0.710509 0.869328
vt 0.717102 0.869457
vt 0.717102 0.873159
vt 0.710509 0.865456
vt 0.717102 0.865755
vt 0.723695 0.866053
vt 0.723695 0.869585
vt 0.723695 0.873118
vt 0.728636 0.861287
vt 0.731107 0.858904
vt 0.731107 0.866016
vt 0.728636 0.867206
vt 0.733577 0.856521
vt 0.733577 0.864827
vt 0.733577 0.873132
vt 0.731107 0.873129
vt 0.728636 0.873125
vt 0.716908 0.856941
vt 0.720107 0.852683
vt 0.725607 0.855794
vt 0.722772 0.859114
vt 0.723306 0.848426
vt 0.728442 0.852473
vt 0.425160 0.753061
vt 0.436772 0.752257
vt 0.437547 0.760183
vt 0.425970 0.760986
vt 0.448383 0.751454
vt 0.449124 0.759380
vt 0.449866 0.767306
vt 0.438323 0.768109
vt 0.426780 0.768911
vt 0.412694 0.619763
vt 0.425242 0.619072
vt 0.425273 0.629086
vt 0.412681 0.629787
vt 0.437791 0.618381
vt 0.437865 0.628385
vt 0.437939 0.638390
vt 0.425304 0.639100
vt 0.412668 0.639810
vt 0.446917 0.803173
vt 0.436559 0.804078
vt 0.457275 0.802268
vt 0.464683 0.837230
vt 0.455510 0.838238
vt 0.446337 0.839246
vt 0.459399 0.872183
vt 0.467184 0.871415
vt 0.473084 0.888015
vt 0.465944 0.888655
vt 0.474969 0.870646
vt 0.480224 0.887375
vt 0.485480 0.904104
vt 0.478985 0.904615
vt 0.472490 0.905126
vt 0.488554 0.946343
vt 0.493773 0.946470
vt 0.502328 0.960022
vt 0.498397 0.960501
vt 0.498993 0.946597
vt 0.506258 0.959544
vt 0.932081 0.759498
vt 0.936267 0.759007
vt 0.934057 0.771618
vt 0.929698 0.772662
vt 0.927896 0.759989
vt 0.925340 0.773707
vt 0.486379 0.925543
vt 0.480522 0.925734
vt 0.492236 0.925351
vt 0.484887 0.183292
vt 0.472249 0.158907
vt 0.467668 0.165273
vt 0.452856 0.147056
vt 0.459611 0.134522
vt 0.502173 0.216930
vt 0.500516 0.217012
vt 0.495108 0.199953
vt 0.497141 0.199813
vt 0.498859 0.217094
vt 0.493076 0.200093
vt 0.501868 0.229116
vt 0.499896 0.229249
vt 0.500206 0.223130
vt 0.502021 0.223023
vt 0.497925 0.229381
vt 0.498392 0.223237
vt 0.499515 0.266578
vt 0.497438 0.266786
vt 0.498268 0.255897
vt 0.500494 0.255695
vt 0.495361 0.266994
vt 0.496041 0.256100
vt 0.496722 0.245206
vt 0.499098 0.245009
vt 0.501474 0.244811
vt 0.482469 0.347145
vt 0.475443 0.347460
vt 0.482069 0.319520
vt 0.487587 0.319294
vt 0.468417 0.347775
vt 0.476551 0.319745
vt 0.484686 0.291716
vt 0.488696 0.291580
vt 0.492706 0.291443
vt 0.466995 0.422372
vt 0.457224 0.422816
vt 0.466333 0.385138
vt 0.474732 0.384758
vt 0.447452 0.423259
vt 0.457935 0.385517
vt 0.462464 0.505850
vt 0.449799 0.505028
vt 0.453511 0.463922
vt 0.464730 0.464111
vt 0.437133 0.504207
vt 0.442293 0.463733
vt 0.555772 0.968561
vt 0.559162 0.968151
vt 0.561217 0.973053
vt 0.558922 0.973314
vt 0.563271 0.977954
vt 0.562072 0.978066
vt 0.863460 0.796516
vt 0.864634 0.796864
vt 0.864634 0.805117
vt 0.863460 0.804943
vt 0.864634 0.813371
vt 0.863460 0.813371
vt 0.537700 0.945545
vt 0.546279 0.945649
vt 0.552721 0.956900
vt 0.546736 0.957053
vt 0.644121 0.506895
vt 0.606169 0.506951
vt 0.596387 0.463960
vt 0.631289 0.463908
vt 0.566278 0.507051
vt 0.559547 0.464056
vt 0.552816 0.421061
vt 0.586605 0.420969
vt 0.618456 0.420922
vt 0.577337 0.383999
vt 0.604434 0.384123
vt 0.548301 0.383919
vt 0.543786 0.346777
vt 0.568069 0.347028
vt 0.590413 0.347324
vt 0.558500 0.319354
vt 0.576884 0.319636
vt 0.538177 0.319116
vt 0.532568 0.291456
vt 0.548931 0.291680
vt 0.563356 0.291948
vt 0.552824 0.267246
vt 0.541840 0.266915
vt 0.538757 0.256148
vt 0.548245 0.256506
vt 0.528918 0.266627
vt 0.527331 0.255833
vt 0.525743 0.245038
vt 0.535674 0.245381
vt 0.543666 0.245767
vt 0.541706 0.228915
vt 0.534106 0.228851
vt 0.533498 0.222434
vt 0.542884 0.222329
vt 0.524568 0.228832
vt 0.524112 0.222540
vt 0.523656 0.216249
vt 0.532889 0.216018
vt 0.542123 0.215786
vt 0.533280 0.196367
vt 0.543789 0.194325
vt 0.522771 0.198408
vt 0.521886 0.180567
vt 0.533671 0.176716
vt 0.545455 0.172864
vt 0.975100 0.153395
vt 0.975511 0.153395
vt 0.974688 0.153395
vt 0.974580 0.135430
vt 0.974992 0.135430
vt 0.975403 0.135429
vt 0.538331 0.897252
vt 0.543665 0.898282
vt 0.547437 0.916878
vt 0.538016 0.921399
vt 0.548998 0.899312
vt 0.553149 0.897921
vt 0.920215 0.835510
vt 0.919920 0.838142
vt 0.916497 0.840344
vt 0.916332 0.833275
vt 0.919625 0.840774
vt 0.918603 0.844429
vt 0.917581 0.848084
vt 0.915099 0.847197
vt 0.912616 0.846310
vt 0.912532 0.838675
vt 0.912448 0.831040
vt 0.535316 0.763581
vt 0.554574 0.763253
vt 0.549619 0.814132
vt 0.536386 0.806516
vt 0.550747 0.847352
vt 0.546815 0.846488
vt 0.542136 0.847970
vt 0.537456 0.849451
vt 0.532121 0.615807
vt 0.553378 0.615752
vt 0.554026 0.625726
vt 0.532649 0.625781
vt 0.554674 0.635699
vt 0.533178 0.635755
vt 0.535049 0.747865
vt 0.554584 0.747571
vt 0.554579 0.755412
vt 0.535182 0.755723
vt 0.885500 0.899541
vt 0.885085 0.904162
vt 0.880960 0.910773
vt 0.882880 0.899319
vt 0.884671 0.908783
vt 0.884449 0.915778
vt 0.884227 0.922774
vt 0.877185 0.923222
vt 0.870142 0.923671
vt 0.875202 0.911384
vt 0.880261 0.899097
vt 0.461347 0.854826
vt 0.452868 0.855714
vt 0.469826 0.853938
vt 0.508361 0.859021
vt 0.491947 0.855404
vt 0.521589 0.856084
vt 0.519385 0.859526
vt 0.517058 0.865828
vt 0.589124 0.856694
vt 0.559914 0.852970
vt 0.625978 0.852913
vt 0.567554 0.864757
vt 0.565150 0.857723
vt 0.963651 0.853434
vt 0.951878 0.853448
vt 0.975438 0.853427
vt 0.913703 0.659005
vt 0.908820 0.658929
vt 0.918586 0.659081
vt 0.684505 0.872711
vt 0.697507 0.872627
vt 0.694397 0.885538
vt 0.683827 0.886053
vt 0.710509 0.872543
vt 0.704967 0.885022
vt 0.699425 0.897501
vt 0.691287 0.898448
vt 0.683149 0.899395
vt 0.679832 0.848426
vt 0.688769 0.848426
vt 0.693138 0.860527
vt 0.682168 0.860568
vt 0.697707 0.848426
vt 0.704108 0.860485
vt 0.885974 0.922212
vt 0.886136 0.915884
vt 0.889756 0.911865
vt 0.892748 0.924084
vt 0.886298 0.909557
vt 0.885899 0.906030
vt 0.885500 0.902504
vt 0.888492 0.900800
vt 0.891485 0.899096
vt 0.895504 0.912526
vt 0.899523 0.925956
vt 0.883995 0.930587
vt 0.880184 0.936269
vt 0.564470 0.884647
vt 0.885500 0.947950
vt 0.881394 0.948249
vt 0.884631 0.943176
vt 0.877289 0.948548
vt 0.873716 0.936110
vt 0.885500 0.945862
vt 0.885640 0.939901
vt 0.889436 0.935144
vt 0.887952 0.946805
vt 0.885781 0.933940
vt 0.885878 0.928076
vt 0.894963 0.936853
vt 0.890404 0.947749
vt 0.735241 0.917552
vt 0.735454 0.912710
vt 0.739011 0.907859
vt 0.739257 0.916678
vt 0.735667 0.907867
vt 0.736824 0.903967
vt 0.737981 0.900066
vt 0.740436 0.899035
vt 0.742892 0.898005
vt 0.743082 0.906905
vt 0.743273 0.915805
vt 0.533527 0.657593
vt 0.554649 0.657492
vt 0.554625 0.689543
vt 0.534067 0.689713
vt 0.575771 0.657391
vt 0.575183 0.689374
vt 0.574595 0.721357
vt 0.554601 0.721595
vt 0.534607 0.721833
vt 0.415156 0.661883
vt 0.427561 0.661149
vt 0.430882 0.693575
vt 0.418817 0.694344
vt 0.439966 0.660415
vt 0.442947 0.692806
vt 0.445927 0.725196
vt 0.434202 0.726001
vt 0.422477 0.726805
vt 0.466167 0.659205
vt 0.479268 0.658600
vt 0.481257 0.690890
vt 0.468487 0.691529
vt 0.492368 0.657995
vt 0.494028 0.690251
vt 0.495687 0.722508
vt 0.483247 0.723180
vt 0.470807 0.723852
vt 0.950277 0.658228
vt 0.950262 0.647464
vt 0.958338 0.645985
vt 0.958559 0.655284
vt 0.950247 0.636701
vt 0.958117 0.636687
vt 0.966001 0.636681
vt 0.966428 0.644514
vt 0.966856 0.652347
vt 0.618121 0.657209
vt 0.624692 0.690799
vt 0.658534 0.657071
vt 0.657208 0.677445
vt 0.655882 0.697819
vt 0.654373 0.709154
vt 0.652864 0.720490
vt 0.614699 0.720901
vt 0.921632 0.470053
vt 0.917741 0.469972
vt 0.917789 0.468245
vt 0.921690 0.468316
vt 0.913849 0.469892
vt 0.913889 0.468174
vt 0.913929 0.466457
vt 0.917838 0.466518
vt 0.921748 0.466579
vt 0.534890 0.237116
vt 0.542686 0.237341
vt 0.525156 0.236935
vt 0.499497 0.237129
vt 0.501671 0.236964
vt 0.497323 0.237294
vt 0.510803 0.236709
vt 0.515587 0.236784
vt 0.506019 0.236634
vt 0.928688 0.037439
vt 0.932073 0.037388
vt 0.925304 0.037490
vt 0.924012 0.338099
vt 0.920227 0.333988
vt 0.916442 0.329876
vt 0.950421 0.421319
vt 0.953512 0.384191
vt 0.960564 0.383796
vt 0.958655 0.421305
vt 0.967632 0.383409
vt 0.966904 0.421299
vt 0.852746 0.148610
vt 0.849739 0.177407
vt 0.840743 0.175925
vt 0.844938 0.148235
vt 0.846733 0.206205
vt 0.836549 0.203615
vt 0.826366 0.201025
vt 0.831747 0.174442
vt 0.837129 0.147860
vt 0.884575 0.493478
vt 0.884271 0.494916
vt 0.878430 0.494783
vt 0.878599 0.493333
vt 0.883967 0.496353
vt 0.878261 0.496232
vt 0.872555 0.496112
vt 0.872589 0.494650
vt 0.872623 0.493188
vt 0.849328 0.250943
vt 0.837198 0.250248
vt 0.851924 0.295682
vt 0.837847 0.296882
vt 0.823770 0.298082
vt 0.825068 0.249553
vt 0.885397 0.483731
vt 0.884986 0.488604
vt 0.877278 0.488411
vt 0.875958 0.483490
vt 0.869570 0.488219
vt 0.866518 0.483249
vt 0.862388 0.375410
vt 0.869455 0.404641
vt 0.855046 0.407754
vt 0.848202 0.378302
vt 0.876523 0.433871
vt 0.861891 0.437205
vt 0.847259 0.440540
vt 0.840637 0.410867
vt 0.834016 0.381195
vt 0.885397 0.000000
vt 0.882389 0.008756
vt 0.880369 0.008994
vt 0.883425 0.000072
vt 0.879380 0.017512
vt 0.877312 0.017917
vt 0.875245 0.018322
vt 0.878349 0.009233
vt 0.881452 0.000144
vt 0.880990 0.461625
vt 0.883194 0.472678
vt 0.872547 0.473268
vt 0.869136 0.463047
vt 0.861899 0.473859
vt 0.857281 0.464469
vt 0.950353 0.464547
vt 0.957896 0.464533
vt 0.965454 0.464527
vt 0.964912 0.236009
vt 0.968543 0.237762
vt 0.972188 0.239523
vt 0.849227 0.675064
vt 0.853089 0.674763
vt 0.855241 0.703966
vt 0.852443 0.704346
vt 0.856951 0.674463
vt 0.858039 0.703586
vt 0.859126 0.732710
vt 0.857393 0.733169
vt 0.855660 0.733628
vt 0.827626 0.739314
vt 0.831544 0.739562
vt 0.831146 0.747009
vt 0.827626 0.746917
vt 0.835461 0.739810
vt 0.834666 0.747101
vt 0.833872 0.754391
vt 0.830749 0.754456
vt 0.827626 0.754520
vt 0.853965 0.596557
vt 0.852410 0.596140
vt 0.851542 0.568065
vt 0.852890 0.568029
vt 0.850856 0.595722
vt 0.850193 0.568100
vt 0.849530 0.540478
vt 0.850673 0.539989
vt 0.851815 0.539500
vt 0.852750 0.635452
vt 0.855458 0.635510
vt 0.850041 0.635393
vt 0.851115 0.519622
vt 0.850440 0.519383
vt 0.850152 0.510936
vt 0.850809 0.510933
vt 0.849765 0.519144
vt 0.849496 0.510939
vt 0.849227 0.502735
vt 0.849865 0.502490
vt 0.850502 0.502245
vt 0.874884 0.530710
vt 0.877476 0.531207
vt 0.877694 0.537516
vt 0.876508 0.540421
vt 0.880068 0.531704
vt 0.879100 0.540918
vt 0.878132 0.550133
vt 0.865766 0.483505
vt 0.866142 0.483377
vt 0.869365 0.489014
vt 0.869160 0.489808
vt 0.857156 0.335546
vt 0.843024 0.337592
vt 0.828893 0.339638
vt 0.865236 0.062250
vt 0.862719 0.069728
vt 0.860327 0.069758
vt 0.862843 0.062279
vt 0.860202 0.077206
vt 0.857810 0.077236
vt 0.855418 0.077265
vt 0.857935 0.069787
vt 0.860451 0.062309
vt 0.816477 0.234042
vt 0.817095 0.201811
vt 0.815859 0.266273
vt 0.807948 0.234465
vt 0.807886 0.218531
vt 0.807824 0.202598
vt 0.854129 0.135365
vt 0.853438 0.141988
vt 0.846132 0.141650
vt 0.847325 0.135065
vt 0.838825 0.141312
vt 0.840522 0.134765
vt 0.546410 0.507116
vt 0.548239 0.535817
vt 0.527991 0.535877
vt 0.568486 0.535758
vt 0.570695 0.564464
vt 0.550068 0.564519
vt 0.529441 0.564574
vt 0.425946 0.503126
vt 0.425516 0.535376
vt 0.413760 0.535158
vt 0.437272 0.535595
vt 0.437410 0.566983
vt 0.425085 0.567626
vt 0.412760 0.568270
vt 0.475130 0.506671
vt 0.475741 0.536044
vt 0.462918 0.535894
vt 0.488564 0.536194
vt 0.489333 0.564895
vt 0.476352 0.565417
vt 0.463371 0.565939
vt 0.950264 0.578574
vt 0.950266 0.571955
vt 0.957624 0.571942
vt 0.957674 0.578561
vt 0.964997 0.571936
vt 0.965100 0.578555
vt 0.929556 0.189634
vt 0.924805 0.189559
vt 0.920054 0.189485
vt 0.609097 0.535660
vt 0.647769 0.535606
vt 0.651417 0.564318
vt 0.612025 0.564369
vt 0.811870 0.165343
vt 0.809847 0.183970
vt 0.797524 0.190535
vt 0.798858 0.177115
vt 0.796189 0.203955
vt 0.784555 0.205313
vt 0.785201 0.197100
vt 0.785847 0.188888
vt 0.837527 0.718475
vt 0.835203 0.717865
vt 0.837375 0.703535
vt 0.838966 0.703874
vt 0.832879 0.717256
vt 0.835784 0.703196
vt 0.838689 0.689136
vt 0.839548 0.689204
vt 0.840406 0.689273
vt 0.691156 0.921296
vt 0.687226 0.922264
vt 0.688063 0.911089
vt 0.691216 0.910345
vt 0.830253 0.728285
vt 0.833373 0.728714
vt 0.688900 0.899914
vt 0.691276 0.899395
vt 0.820797 0.179206
vt 0.824500 0.156601
vt 0.784249 0.188547
vt 0.785048 0.188717
vt 0.780584 0.194518
vt 0.779805 0.194330
vt 0.781363 0.194706
vt 0.776879 0.200524
vt 0.776120 0.200318
vt 0.775360 0.200113
vt 0.789396 0.220681
vt 0.788926 0.221150
vt 0.782843 0.216776
vt 0.783451 0.216486
vt 0.788455 0.221619
vt 0.782235 0.217066
vt 0.776014 0.212514
vt 0.776760 0.212403
vt 0.777506 0.212292
vt 0.797431 0.215764
vt 0.798672 0.227573
vt 0.786975 0.212997
vt 0.710509 0.910887
vt 0.708756 0.910416
vt 0.707965 0.899782
vt 0.708943 0.900168
vt 0.707003 0.909945
vt 0.706987 0.899395
vt 0.798067 0.227906
vt 0.797463 0.228240
vt 0.773074 0.207072
vt 0.773820 0.207309
vt 0.775290 0.209856
vt 0.774544 0.209793
vt 0.774566 0.207546
vt 0.776036 0.209919
vt 0.774970 0.203814
vt 0.775722 0.204035
vt 0.774217 0.203593
vt 0.780462 0.200568
vt 0.779561 0.206430
vt 0.781506 0.211458
vt 0.851291 0.073147
vt 0.853547 0.066467
vt 0.849034 0.079828
vt 0.842651 0.082391
vt 0.844647 0.076508
vt 0.846643 0.070626
vt 0.832290 0.121824
vt 0.831110 0.126314
vt 0.825287 0.121097
vt 0.826193 0.117528
vt 0.829930 0.130804
vt 0.824381 0.124666
vt 0.818831 0.118528
vt 0.819464 0.115880
vt 0.820096 0.113233
vt 0.861527 0.777405
vt 0.858426 0.777012
vt 0.857887 0.770123
vt 0.860467 0.770443
vt 0.855326 0.776619
vt 0.855308 0.769804
vt 0.855290 0.762989
vt 0.857348 0.763235
vt 0.859407 0.763481
vt 0.879097 0.520875
vt 0.881126 0.521321
vt 0.877067 0.520429
vt 0.879251 0.510148
vt 0.880717 0.510543
vt 0.882184 0.510937
vt 0.834968 0.133813
vt 0.836406 0.128294
vt 0.833530 0.139332
vt 0.856996 0.758783
vt 0.858703 0.759054
vt 0.855288 0.758513
vt 0.855286 0.754037
vt 0.856643 0.754332
vt 0.858000 0.754627
vt 0.836551 0.058558
vt 0.837038 0.058875
vt 0.826430 0.072321
vt 0.825957 0.071992
vt 0.837525 0.059192
vt 0.826903 0.072650
vt 0.816282 0.086107
vt 0.815822 0.085766
vt 0.815363 0.085425
vt 0.835899 0.081291
vt 0.837647 0.076397
vt 0.834152 0.086186
vt 0.825653 0.089981
vt 0.827152 0.086074
vt 0.828650 0.082167
vt 0.882725 0.497111
vt 0.883567 0.497421
vt 0.881883 0.496800
vt 0.847304 0.047224
vt 0.847855 0.047586
vt 0.846753 0.046861
vt 0.856378 0.750727
vt 0.857473 0.751193
vt 0.855283 0.750260
vt 0.855279 0.746484
vt 0.856113 0.747121
vt 0.856947 0.747759
vt 0.811268 0.091474
vt 0.810890 0.091203
vt 0.811646 0.091744
vt 0.807010 0.097381
vt 0.806713 0.097181
vt 0.806416 0.096982
vt 0.815083 0.114985
vt 0.815615 0.112760
vt 0.814552 0.117211
vt 0.810272 0.115895
vt 0.810703 0.114091
vt 0.811133 0.112286
vt 0.821109 0.090598
vt 0.821935 0.087985
vt 0.820283 0.093212
vt 0.814914 0.096443
vt 0.815066 0.095123
vt 0.815219 0.093802
vt 0.803621 0.108466
vt 0.802389 0.108601
vt 0.802419 0.107727
vt 0.803545 0.107669
vt 0.801157 0.108736
vt 0.801294 0.107784
vt 0.801432 0.106832
vt 0.802450 0.106852
vt 0.803469 0.106872
vt 0.804299 0.104434
vt 0.803309 0.104378
vt 0.805011 0.100779
vt 0.805655 0.100907
vt 0.802318 0.104321
vt 0.804367 0.100651
vt 0.807332 0.113062
vt 0.807522 0.111896
vt 0.807142 0.114228
vt 0.804011 0.112561
vt 0.803961 0.112033
vt 0.803911 0.111505
vt 0.809475 0.100388
vt 0.809759 0.099118
vt 0.809191 0.101658
vt 0.803884 0.105653
vt 0.850556 0.529686
vt 0.851465 0.529561
vt 0.849648 0.529811
vt 0.878757 0.447748
vt 0.865513 0.450126
vt 0.852270 0.452504
vt 0.545385 0.279297
vt 0.558090 0.279597
vt 0.530743 0.279041
vt 0.493067 0.279183
vt 0.496110 0.279011
vt 0.490023 0.279355
vt 0.509187 0.278733
vt 0.516178 0.278800
vt 0.502197 0.278666
vt 0.930574 0.080432
vt 0.935660 0.080229
vt 0.925488 0.080636
vt 0.923356 0.080602
vt 0.923384 0.068116
vt 0.921223 0.080569
vt 0.920936 0.068077
vt 0.960908 0.278640
vt 0.965472 0.278418
vt 0.970051 0.278204
vt 0.819256 0.496800
vt 0.821565 0.503154
vt 0.815779 0.506205
vt 0.815583 0.500350
vt 0.823873 0.509507
vt 0.815975 0.512061
vt 0.808077 0.514615
vt 0.809993 0.509257
vt 0.811909 0.503900
vt 0.827626 0.532318
vt 0.823421 0.546536
vt 0.809554 0.548880
vt 0.814937 0.534684
vt 0.819215 0.560754
vt 0.804171 0.563076
vt 0.789128 0.565398
vt 0.795687 0.551224
vt 0.802247 0.537051
vt 0.825750 0.520912
vt 0.815456 0.523373
vt 0.805162 0.525833
vt 0.804611 0.705614
vt 0.807745 0.743797
vt 0.790076 0.742494
vt 0.787003 0.706055
vt 0.810879 0.781979
vt 0.793148 0.778932
vt 0.775418 0.775885
vt 0.772407 0.741191
vt 0.769395 0.706497
vt 0.823741 0.834002
vt 0.825684 0.839924
vt 0.804731 0.841216
vt 0.803333 0.835416
vt 0.827626 0.845846
vt 0.806128 0.847015
vt 0.784630 0.848183
vt 0.783778 0.842507
vt 0.782926 0.836831
vt 0.814918 0.592121
vt 0.798970 0.593846
vt 0.810622 0.623488
vt 0.793769 0.624617
vt 0.776915 0.625745
vt 0.783021 0.595572
vt 0.849167 0.740607
vt 0.849142 0.737668
vt 0.853893 0.738800
vt 0.853918 0.740617
vt 0.849117 0.734729
vt 0.853868 0.736982
vt 0.858618 0.739235
vt 0.858644 0.739931
vt 0.858669 0.740627
vt 0.847420 0.715960
vt 0.847320 0.723810
vt 0.847206 0.724337
vt 0.847091 0.717024
vt 0.847221 0.731661
vt 0.847320 0.731650
vt 0.847420 0.731638
vt 0.847091 0.724863
vt 0.846762 0.718087
vt 0.924727 0.056695
vt 0.926069 0.045274
vt 0.923452 0.056675
vt 0.925968 0.045272
vt 0.874419 0.679475
vt 0.871993 0.679493
vt 0.872167 0.641777
vt 0.874652 0.641758
vt 0.869566 0.679511
vt 0.869682 0.641795
vt 0.869798 0.604080
vt 0.872341 0.604061
vt 0.874884 0.604042
vt 0.874261 0.747784
vt 0.871987 0.747801
vt 0.871990 0.713647
vt 0.874340 0.713630
vt 0.869713 0.747818
vt 0.869639 0.713665
vt 0.872209 0.576788
vt 0.874444 0.576771
vt 0.869974 0.576805
vt 0.870151 0.549530
vt 0.872077 0.549515
vt 0.874004 0.549501
vt 0.872984 0.525939
vt 0.871751 0.525948
vt 0.871780 0.515990
vt 0.872957 0.515982
vt 0.870519 0.525957
vt 0.870603 0.515999
vt 0.870686 0.506041
vt 0.871808 0.506033
vt 0.872930 0.506024
vt 0.871649 0.501431
vt 0.872558 0.501412
vt 0.870739 0.501450
vt 0.870792 0.496859
vt 0.871489 0.496830
vt 0.872185 0.496800
vt 0.879434 0.728994
vt 0.881709 0.728994
vt 0.881196 0.739721
vt 0.879388 0.739710
vt 0.883984 0.728994
vt 0.883004 0.739733
vt 0.882024 0.750472
vt 0.880683 0.750449
vt 0.879342 0.750426
vt 0.871914 0.537732
vt 0.873494 0.537720
vt 0.870335 0.537744
vt 0.807617 0.664551
vt 0.790386 0.665336
vt 0.773155 0.666121
vt 0.817310 0.807991
vt 0.798241 0.807174
vt 0.779172 0.806358
vt 0.761334 0.837982
vt 0.761491 0.837237
vt 0.764925 0.839192
vt 0.766563 0.840542
vt 0.761648 0.836492
vt 0.766720 0.839797
vt 0.771792 0.843102
vt 0.770178 0.812838
vt 0.768069 0.789016
vt 0.772287 0.836661
vt 0.761185 0.819319
vt 0.760721 0.802146
vt 0.775249 0.841152
vt 0.778211 0.845643
vt 0.753264 0.833434
vt 0.753721 0.832900
vt 0.752807 0.833969
vt 0.744280 0.829955
vt 0.745037 0.829631
vt 0.745793 0.829307
vt 0.879296 0.761821
vt 0.880035 0.761868
vt 0.879840 0.767574
vt 0.879271 0.767982
vt 0.843259 0.749475
vt 0.843996 0.749435
vt 0.843835 0.755045
vt 0.843259 0.755124
vt 0.748965 0.822610
vt 0.749282 0.822462
vt 0.748647 0.822759
vt 0.880359 0.756158
vt 0.879319 0.756124
vt 0.881399 0.756193
vt 0.880774 0.761914
vt 0.755233 0.820890
vt 0.756746 0.808881
vt 0.752771 0.815616
vt 0.947709 0.092437
vt 0.942131 0.092608
vt 0.940682 0.080025
vt 0.945705 0.079821
vt 0.939233 0.067442
vt 0.943700 0.067205
vt 0.402033 0.534944
vt 0.390306 0.534731
vt 0.400465 0.568919
vt 0.388169 0.569568
vt 0.939780 0.045249
vt 0.936378 0.045256
vt 0.935457 0.037337
vt 0.938841 0.037286
vt 0.934537 0.029419
vt 0.937902 0.029324
vt 0.390037 0.663293
vt 0.402597 0.662588
vt 0.403387 0.689425
vt 0.390308 0.665042
vt 0.410581 0.727578
vt 0.398686 0.728351
vt 0.394632 0.697571
vt 0.390578 0.666791
vt 0.928684 0.642075
vt 0.927894 0.658124
vt 0.938550 0.640980
vt 0.937202 0.657166
vt 0.935854 0.673352
vt 0.927105 0.674172
vt 0.463885 0.170200
vt 0.460103 0.175127
vt 0.444716 0.166117
vt 0.448786 0.156587
vt 0.924674 0.706256
vt 0.924033 0.726208
vt 0.932884 0.705721
vt 0.931668 0.725995
vt 0.930451 0.746270
vt 0.923392 0.746160
vt 0.922186 0.760455
vt 0.920981 0.774751
vt 0.925889 0.690214
vt 0.934369 0.689537
vt 0.404340 0.770636
vt 0.415560 0.769773
vt 0.426572 0.805053
vt 0.416586 0.806027
vt 0.437584 0.840332
vt 0.428831 0.841418
vt 0.387440 0.621117
vt 0.400067 0.620440
vt 0.399989 0.630469
vt 0.387298 0.631151
vt 0.399912 0.640498
vt 0.387156 0.641185
vt 0.402189 0.754714
vt 0.413675 0.753887
vt 0.414618 0.761830
vt 0.403265 0.762675
vt 0.713708 0.861199
vt 0.719937 0.862434
vt 0.726166 0.863670
vt 0.726166 0.868396
vt 0.726166 0.873121
vt 0.936444 0.016959
vt 0.933443 0.017063
vt 0.928739 0.000173
vt 0.930953 0.000000
vt 0.490861 0.200255
vt 0.933990 0.023241
vt 0.937173 0.023141
vt 0.937805 0.056349
vt 0.941740 0.056227
vt 0.461768 0.348160
vt 0.471435 0.320046
vt 0.466319 0.320346
vt 0.944786 0.121151
vt 0.950247 0.120836
vt 0.438135 0.423787
vt 0.449951 0.385973
vt 0.432040 0.463457
vt 0.410066 0.742772
vt 0.400252 0.739641
vt 0.423818 0.739933
vt 0.402004 0.752822
vt 0.401818 0.750930
vt 0.554592 0.734583
vt 0.534828 0.734849
vt 0.574357 0.734317
vt 0.435487 0.739129
vt 0.447155 0.738325
vt 0.484058 0.736265
vt 0.471757 0.736952
vt 0.496359 0.735578
vt 0.964097 0.731792
vt 0.950382 0.734373
vt 0.972289 0.721524
vt 0.975139 0.721523
vt 0.975157 0.734351
vt 0.614006 0.733806
vt 0.651716 0.733339
vt 0.383798 0.698174
vt 0.381562 0.671596
vt 0.386034 0.724751
vt 0.373381 0.721151
vt 0.372964 0.698776
vt 0.372546 0.676401
vt 0.401254 0.651543
vt 0.388597 0.652239
vt 0.413912 0.650846
vt 0.815750 0.089955
vt 0.810703 0.095431
vt 0.802879 0.105615
vt 0.801875 0.105576
vt 0.833088 0.070679
vt 0.824419 0.080317
vt 0.858185 0.035980
vt 0.852414 0.053303
vt 0.842751 0.061991
vt 0.867848 0.040315
vt 0.860131 0.046809
vt 0.866715 0.027151
vt 0.872308 0.039881
vt 0.870078 0.040098
vt 0.915616 0.457681
vt 0.910513 0.455400
vt 0.921564 0.455573
vt 0.912160 0.466429
vt 0.910391 0.466401
vt 0.618703 0.646382
vt 0.575970 0.646517
vt 0.659497 0.646290
vt 0.950301 0.678578
vt 0.959199 0.677127
vt 0.968112 0.675683
vt 0.478591 0.647622
vt 0.465378 0.648216
vt 0.491804 0.647028
vt 0.426432 0.650125
vt 0.438953 0.649403
vt 0.554662 0.646595
vt 0.533353 0.646674
vt 0.910308 0.474227
vt 0.912079 0.472060
vt 0.911629 0.501598
vt 0.909993 0.502670
vt 0.913265 0.500526
vt 0.912681 0.531160
vt 0.911179 0.531137
vt 0.909677 0.531114
vt 0.911197 0.541122
vt 0.909582 0.539828
vt 0.912812 0.542416
vt 0.912943 0.553672
vt 0.911215 0.551107
vt 0.909487 0.548543
vt 0.912857 0.555530
vt 0.911147 0.554235
vt 0.909438 0.552940
vt 0.920718 0.553740
vt 0.920841 0.555629
vt 0.916849 0.555579
vt 0.916830 0.553706
vt 0.808688 0.871052
vt 0.808756 0.902131
vt 0.797416 0.902985
vt 0.796042 0.876325
vt 0.808824 0.933210
vt 0.798790 0.929645
vt 0.788755 0.926079
vt 0.786076 0.903838
vt 0.783397 0.881598
vt 0.773771 0.906726
vt 0.771043 0.890239
vt 0.776500 0.923213
vt 0.764244 0.920346
vt 0.761467 0.909613
vt 0.758690 0.898879
vt 0.912119 0.469244
vt 0.910350 0.470314
vt 0.360328 0.697454
vt 0.360728 0.680783
vt 0.359929 0.714125
vt 0.346476 0.707099
vt 0.347693 0.696132
vt 0.348910 0.685165
vt 0.808824 0.848183
vt 0.808756 0.859618
vt 0.795828 0.865244
vt 0.795613 0.854162
vt 0.782899 0.870870
vt 0.782402 0.860142
vt 0.387227 0.735734
vt 0.388420 0.746717
vt 0.375021 0.742503
vt 0.374201 0.731827
vt 0.941388 0.848183
vt 0.945045 0.849520
vt 0.944477 0.858772
vt 0.941905 0.858071
vt 0.948702 0.850857
vt 0.947049 0.859473
vt 0.945396 0.868089
vt 0.943909 0.868023
vt 0.942423 0.867958
vt 0.874884 0.621270
vt 0.878626 0.620209
vt 0.879755 0.633401
vt 0.877142 0.633914
vt 0.882368 0.619147
vt 0.882368 0.632888
vt 0.882368 0.646629
vt 0.880884 0.646593
vt 0.879401 0.646558
vt 0.923241 0.847334
vt 0.921878 0.847511
vt 0.924198 0.839452
vt 0.925561 0.839275
vt 0.920514 0.847688
vt 0.922834 0.839629
vt 0.925154 0.831571
vt 0.926518 0.831393
vt 0.927881 0.831216
vt 0.941388 0.891913
vt 0.942871 0.891796
vt 0.943338 0.897259
vt 0.941855 0.897376
vt 0.944354 0.891679
vt 0.944821 0.897142
vt 0.945288 0.902604
vt 0.943805 0.902722
vt 0.942322 0.902839
vt 0.360208 0.723221
vt 0.360488 0.732317
vt 0.345955 0.722132
vt 0.346216 0.714615
vt 0.943390 0.879910
vt 0.941905 0.879936
vt 0.944875 0.879884
vt 0.879990 0.660318
vt 0.878514 0.660193
vt 0.881466 0.660444
vt 0.880563 0.674260
vt 0.879095 0.674044
vt 0.877627 0.673827
vt 0.770253 0.881139
vt 0.769462 0.872040
vt 0.757606 0.891409
vt 0.756523 0.883939
vt 0.923244 0.814879
vt 0.924783 0.818927
vt 0.923259 0.819086
vt 0.921879 0.815011
vt 0.926321 0.822975
vt 0.924638 0.823161
vt 0.922956 0.823347
vt 0.921735 0.819245
vt 0.920514 0.815142
vt 0.927101 0.827095
vt 0.925578 0.827277
vt 0.924055 0.827459
vt 0.751713 0.898642
vt 0.750401 0.892910
vt 0.753024 0.904375
vt 0.747358 0.909871
vt 0.745819 0.905876
vt 0.744280 0.901881
vt 0.339203 0.708151
vt 0.339934 0.702331
vt 0.338471 0.713971
vt 0.330987 0.705810
vt 0.332190 0.701687
vt 0.333392 0.697564
vt 0.341767 0.694820
vt 0.343599 0.687308
vt 0.335840 0.693508
vt 0.338288 0.689451
vt 0.755935 0.911610
vt 0.758846 0.918846
vt 0.753448 0.917345
vt 0.750403 0.913608
vt 0.387981 0.582852
vt 0.400362 0.582196
vt 0.396065 0.601684
vt 0.388002 0.584115
vt 0.412743 0.581540
vt 0.412718 0.600652
vt 0.387476 0.620287
vt 0.387512 0.619456
vt 0.387767 0.602417
vt 0.388023 0.585378
vt 0.814263 0.099168
vt 0.808904 0.103419
vt 0.813613 0.101894
vt 0.808617 0.105180
vt 0.802770 0.111264
vt 0.802579 0.109933
vt 0.803766 0.109986
vt 0.801628 0.111023
vt 0.801393 0.109879
vt 0.824697 0.093981
vt 0.819480 0.096575
vt 0.823741 0.097981
vt 0.818677 0.099937
vt 0.852856 0.087156
vt 0.846862 0.088165
vt 0.850293 0.097047
vt 0.844690 0.096502
vt 0.839086 0.095957
vt 0.840869 0.089174
vt 0.832783 0.091577
vt 0.831414 0.096969
vt 0.950250 0.626702
vt 0.958041 0.626688
vt 0.950253 0.616703
vt 0.957964 0.616690
vt 0.965691 0.616684
vt 0.965846 0.626683
vt 0.859158 0.087211
vt 0.856007 0.087183
vt 0.858113 0.097215
vt 0.854203 0.097131
vt 0.530149 0.577780
vt 0.550929 0.577724
vt 0.552154 0.596738
vt 0.531135 0.596793
vt 0.571710 0.577667
vt 0.573173 0.596683
vt 0.425125 0.580884
vt 0.425184 0.599978
vt 0.437508 0.580228
vt 0.437649 0.599304
vt 0.463597 0.579162
vt 0.476642 0.578629
vt 0.477060 0.597657
vt 0.463923 0.598206
vt 0.489687 0.578096
vt 0.490196 0.597108
vt 0.378449 0.584273
vt 0.378541 0.599965
vt 0.372697 0.595942
vt 0.370893 0.583628
vt 0.378633 0.615658
vt 0.374501 0.608256
vt 0.370368 0.600855
vt 0.366852 0.591919
vt 0.363336 0.582984
vt 0.613371 0.577573
vt 0.615311 0.596590
vt 0.653094 0.577523
vt 0.655511 0.596542
vt 0.612698 0.570971
vt 0.571203 0.571066
vt 0.652256 0.570920
vt 0.916282 0.380831
vt 0.911607 0.379429
vt 0.922152 0.379594
vt 0.922073 0.386236
vt 0.917981 0.386172
vt 0.913889 0.386108
vt 0.912698 0.386090
vt 0.911508 0.386071
vt 0.476497 0.572023
vt 0.463484 0.572551
vt 0.489510 0.571496
vt 0.425105 0.574255
vt 0.412752 0.574905
vt 0.437459 0.573606
vt 0.550499 0.571121
vt 0.529795 0.571177
vt 0.803268 0.112528
vt 0.803019 0.111896
vt 0.802526 0.112496
vt 0.802077 0.111759
vt 0.400413 0.575557
vt 0.388075 0.576210
vt 0.812373 0.107090
vt 0.808069 0.108538
vt 0.821919 0.105607
vt 0.817146 0.106348
vt 0.845407 0.115906
vt 0.840548 0.112398
vt 0.835688 0.108890
vt 0.828803 0.107249
vt 0.950258 0.597638
vt 0.957819 0.597625
vt 0.965395 0.597619
vt 0.856121 0.116290
vt 0.850764 0.116098
vt 0.913884 0.388643
vt 0.913699 0.405676
vt 0.912458 0.405658
vt 0.912678 0.388626
vt 0.913514 0.422709
vt 0.912237 0.422690
vt 0.910961 0.422672
vt 0.911216 0.405641
vt 0.911472 0.388609
vt 0.921571 0.422835
vt 0.921595 0.423667
vt 0.917551 0.423597
vt 0.917543 0.422772
vt 0.913508 0.423527
vt 0.912228 0.423514
vt 0.910948 0.423502
vt 0.695085 0.899395
vt 0.699115 0.899395
vt 0.699056 0.904090
vt 0.696308 0.903742
vt 0.703146 0.899395
vt 0.701805 0.904438
vt 0.700463 0.909480
vt 0.698997 0.908784
vt 0.697531 0.908088
vt 0.922096 0.388761
vt 0.917990 0.388702
vt 0.917985 0.387437
vt 0.922085 0.387499
vt 0.913886 0.387375
vt 0.912688 0.387358
vt 0.911490 0.387340
vt 0.383154 0.601191
vt 0.383236 0.584825
vt 0.383072 0.617557
vt 0.861527 0.750064
vt 0.865537 0.750954
vt 0.864361 0.756163
vt 0.861527 0.755907
vt 0.869547 0.751844
vt 0.867195 0.756420
vt 0.864843 0.760995
vt 0.863185 0.761373
vt 0.861527 0.761751
vt 0.904383 0.814879
vt 0.904383 0.797841
vt 0.909917 0.796696
vt 0.909732 0.813059
vt 0.904383 0.780804
vt 0.910103 0.780333
vt 0.915823 0.779862
vt 0.915452 0.795551
vt 0.915081 0.811240
vt 0.846298 0.682715
vt 0.846543 0.691608
vt 0.845059 0.691936
vt 0.844778 0.683054
vt 0.846789 0.700500
vt 0.845339 0.700819
vt 0.843889 0.701137
vt 0.843574 0.692264
vt 0.843259 0.683392
vt 0.846159 0.715324
vt 0.844709 0.715642
vt 0.845024 0.708230
vt 0.846474 0.707912
vt 0.843259 0.715960
vt 0.843574 0.708548
vt 0.921172 0.791687
vt 0.919199 0.803950
vt 0.923145 0.779425
vt 0.930467 0.778988
vt 0.926892 0.787824
vt 0.923318 0.796660
vt 0.864974 0.769200
vt 0.863316 0.769578
vt 0.866632 0.768822
vt 0.868420 0.776649
vt 0.866762 0.777027
vt 0.865104 0.777405
vt 0.570190 0.136475
vt 0.557714 0.131317
vt 0.569221 0.110316
vt 0.581357 0.115830
vt 0.545238 0.126160
vt 0.557085 0.104801
vt 0.568931 0.083443
vt 0.580727 0.089314
vt 0.592523 0.095185
vt 0.838332 0.519307
vt 0.838380 0.508054
vt 0.843108 0.508054
vt 0.842388 0.519307
vt 0.838427 0.496800
vt 0.843827 0.496800
vt 0.849227 0.496800
vt 0.847836 0.508054
vt 0.846444 0.519307
vt 0.425802 0.154859
vt 0.425802 0.154859
vt 0.773074 0.474679
vt 0.773074 0.496800
vt 0.974892 0.114991
vt 0.975303 0.114991
vt 0.974480 0.114992
vt 0.974380 0.094553
vt 0.974792 0.094553
vt 0.975203 0.094553
vt 0.439401 0.125438
vt 0.445826 0.113760
vt 0.432977 0.137116
vt 0.413097 0.127177
vt 0.419192 0.116354
vt 0.425286 0.105531
vt 0.512238 0.148407
vt 0.519346 0.150059
vt 0.505130 0.146754
vt 0.513336 0.111209
vt 0.521312 0.114947
vt 0.529287 0.118684
vt 0.545693 0.154017
vt 0.557823 0.154670
vt 0.533562 0.153364
vt 0.838371 0.544011
vt 0.838352 0.531659
vt 0.841735 0.531659
vt 0.841082 0.544011
vt 0.845119 0.531659
vt 0.843793 0.544011
vt 0.450390 0.566461
vt 0.450472 0.573078
vt 0.450553 0.579695
vt 0.450786 0.598755
vt 0.451020 0.617815
vt 0.451265 0.637808
vt 0.452166 0.648809
vt 0.453067 0.659810
vt 0.458367 0.724524
vt 0.459456 0.737638
vt 0.460545 0.750753
vt 0.496716 0.291307
vt 0.499154 0.278839
vt 0.501591 0.266370
vt 0.450095 0.535745
vt 0.503851 0.244614
vt 0.503845 0.236799
vt 0.503839 0.228984
vt 0.455717 0.692167
vt 0.478090 0.838203
vt 0.480887 0.854671
vt 0.483683 0.871139
vt 0.475948 0.464300
vt 0.476766 0.421928
vt 0.483130 0.384379
vt 0.489495 0.346829
vt 0.493105 0.319068
vt 0.502721 0.255492
vt 0.503835 0.222916
vt 0.503831 0.216848
vt 0.499173 0.199673
vt 0.494516 0.182498
vt 0.736048 0.855683
vt 0.736048 0.864410
vt 0.736048 0.873136
vt 0.513524 0.972490
vt 0.516614 0.971488
vt 0.522463 0.977693
vt 0.519774 0.978640
vt 0.528311 0.983899
vt 0.526025 0.984790
vt 0.461203 0.758670
vt 0.461860 0.766587
vt 0.451142 0.627812
vt 0.469975 0.802395
vt 0.489373 0.887518
vt 0.495063 0.903897
vt 0.504477 0.946773
vt 0.510546 0.959131
vt 0.499770 0.925335
vt 0.498134 0.152090
vt 0.501751 0.121682
vt 0.558083 0.078047
vt 0.552659 0.075349
vt 0.567174 0.056129
vt 0.571533 0.057704
vt 0.547235 0.072651
vt 0.562814 0.054554
vt 0.578393 0.036458
vt 0.581688 0.036909
vt 0.584983 0.037360
vt 0.941376 0.912706
vt 0.935979 0.912819
vt 0.935985 0.894168
vt 0.941382 0.894054
vt 0.930581 0.912933
vt 0.930587 0.894281
vt 0.930593 0.875630
vt 0.935991 0.875516
vt 0.941388 0.875403
vt 0.941345 0.952470
vt 0.935948 0.952584
vt 0.935963 0.932701
vt 0.941360 0.932588
vt 0.930550 0.952697
vt 0.930566 0.932815
vt 0.536985 0.095148
vt 0.543685 0.098366
vt 0.530285 0.091930
vt 0.593249 0.022196
vt 0.597705 0.021174
vt 0.588793 0.023217
vt 0.599193 0.009976
vt 0.604810 0.007482
vt 0.610427 0.004988
vt 0.935969 0.861907
vt 0.941366 0.861793
vt 0.930572 0.862020
vt 0.930550 0.848410
vt 0.935948 0.848297
vt 0.941345 0.848183
vt 0.590942 0.066001
vt 0.601632 0.071149
vt 0.580252 0.060853
vt 0.591573 0.038263
vt 0.601156 0.042688
vt 0.610740 0.047112
vt 0.974705 0.070685
vt 0.975117 0.070684
vt 0.974294 0.070685
vt 0.974207 0.046817
vt 0.974619 0.046816
vt 0.975030 0.046816
vt 0.974910 0.000003
vt 0.974909 0.004691
vt 0.973348 0.004692
vt 0.972199 0.000005
vt 0.974909 0.009380
vt 0.974497 0.009380
vt 0.974086 0.009380
vt 0.971787 0.004693
vt 0.969488 0.000006
vt 0.838372 0.766581
vt 0.832999 0.766569
vt 0.832999 0.763185
vt 0.838372 0.762525
vt 0.827626 0.766557
vt 0.827626 0.763846
vt 0.827626 0.761135
vt 0.832999 0.759802
vt 0.838372 0.758469
vt 0.611787 0.023706
vt 0.616958 0.028279
vt 0.606616 0.019131
vt 0.621660 0.000000
vt 0.622418 0.004723
vt 0.623177 0.009447
vt 0.974558 0.028098
vt 0.974969 0.028098
vt 0.974146 0.028098
vt 0.255754 0.142021
vt 0.255754 0.142021
vt 0.276382 0.126911
vt 0.773074 0.437566
vt 0.773074 0.463017
vt 0.838433 0.586099
vt 0.841144 0.586099
vt 0.841179 0.609315
vt 0.838468 0.609315
vt 0.843856 0.586099
vt 0.843890 0.609315
vt 0.843925 0.632530
vt 0.841213 0.632530
vt 0.838502 0.632530
vt 0.429390 0.145988
vt 0.406888 0.143600
vt 0.409993 0.135389
vt 0.841113 0.565055
vt 0.838402 0.565055
vt 0.843824 0.565055
vt 0.841250 0.657623
vt 0.838539 0.657623
vt 0.843961 0.657623
vt 0.843998 0.682715
vt 0.841287 0.682715
vt 0.838576 0.682715
vt 0.379973 0.087278
vt 0.376168 0.093560
vt 0.354758 0.084115
vt 0.355480 0.077503
vt 0.372363 0.099842
vt 0.354036 0.090726
vt 0.335708 0.081611
vt 0.333348 0.074670
vt 0.330987 0.067728
vt 0.389513 0.121075
vt 0.392730 0.113509
vt 0.386297 0.128641
vt 0.365705 0.113682
vt 0.369034 0.106762
vt 0.397680 0.104957
vt 0.402630 0.096404
vt 0.667834 0.913654
vt 0.666832 0.906896
vt 0.668846 0.906618
vt 0.669176 0.913469
vt 0.665831 0.900138
vt 0.668515 0.899767
vt 0.671200 0.899395
vt 0.670859 0.906339
vt 0.670518 0.913283
vt 0.671200 0.934051
vt 0.669517 0.923853
vt 0.670188 0.923760
vt 0.670859 0.923667
vt 0.357294 0.099543
vt 0.360553 0.108360
vt 0.355401 0.103038
vt 0.345555 0.092324
vt 0.360553 0.108360
vt 0.846789 0.682715
vt 0.846789 0.690151
vt 0.846789 0.690151
vt 0.846789 0.697586
vt 0.849117 0.766605
vt 0.843744 0.766593
vt 0.843744 0.761865
vt 0.849117 0.761204
vt 0.843744 0.757137
vt 0.849117 0.755804
vt 0.588278 0.037812
vt 0.602161 0.020153
vt 0.616043 0.002494
vt 0.537262 0.122422
vt 0.550385 0.101583
vt 0.563507 0.080745
vt 0.575893 0.059278
vt 0.515646 0.181001
vt 0.526454 0.151711
vt 0.509387 0.564734
vt 0.509652 0.571336
vt 0.509918 0.577938
vt 0.510665 0.596951
vt 0.511413 0.615963
vt 0.512209 0.635908
vt 0.512578 0.646851
vt 0.512948 0.657794
vt 0.515147 0.722170
vt 0.515593 0.735214
vt 0.516040 0.748257
vt 0.524413 0.291348
vt 0.523460 0.278921
vt 0.522508 0.266493
vt 0.508278 0.536035
vt 0.520864 0.244883
vt 0.520372 0.236860
vt 0.519879 0.228837
vt 0.514047 0.689982
vt 0.737960 0.931330
vt 0.737040 0.928605
vt 0.739174 0.924402
vt 0.740617 0.931386
vt 0.736120 0.925879
vt 0.735681 0.921716
vt 0.743273 0.923623
vt 0.743273 0.931442
vt 0.664210 0.849001
vt 0.672021 0.848713
vt 0.672252 0.861050
vt 0.662336 0.861531
vt 0.672483 0.873386
vt 0.660461 0.874060
vt 0.674036 0.885806
vt 0.664245 0.885558
vt 0.675589 0.898226
vt 0.668030 0.897056
vt 0.516310 0.756132
vt 0.516580 0.764006
vt 0.511811 0.625936
vt 0.524723 0.816213
vt 0.533331 0.850206
vt 0.529205 0.850961
vt 0.526499 0.851801
vt 0.920514 0.816586
vt 0.920178 0.820649
vt 0.917093 0.824545
vt 0.916481 0.815733
vt 0.919842 0.824712
vt 0.920028 0.830111
vt 0.912448 0.822959
vt 0.912448 0.814879
vt 0.529337 0.896917
vt 0.531127 0.916787
vt 0.532969 0.898537
vt 0.535650 0.897895
vt 0.529316 0.946424
vt 0.540848 0.957697
vt 0.534961 0.958341
vt 0.552381 0.968971
vt 0.548990 0.969381
vt 0.862285 0.796168
vt 0.862285 0.804769
vt 0.862285 0.813371
vt 0.556627 0.973575
vt 0.554332 0.973836
vt 0.560873 0.978179
vt 0.559674 0.978291
vt 0.541218 0.464121
vt 0.536026 0.421126
vt 0.533912 0.383903
vt 0.531799 0.346680
vt 0.528106 0.319014
vt 0.521686 0.255688
vt 0.519496 0.222607
vt 0.519114 0.216378
vt 0.517380 0.198689
vt 0.972269 0.714837
vt 0.975136 0.719403
vt 0.972250 0.708150
vt 0.975132 0.717283
vt 0.904071 0.563587
vt 0.907697 0.557310
vt 0.903574 0.573079
vt 0.897934 0.572991
vt 0.897873 0.565073
vt 0.897812 0.557155
vt 0.901908 0.557219
vt 0.906005 0.557283
vt 0.085041 0.747273
vt 0.085223 0.755096
vt 0.047245 0.754714
vt 0.046786 0.746926
vt 0.085405 0.762920
vt 0.047703 0.762502
vt 0.011949 0.762114
vt 0.011214 0.754362
vt 0.010480 0.746609
vt 0.994158 0.347041
vt 0.988249 0.346272
vt 0.987419 0.318736
vt 0.992734 0.319068
vt 0.982356 0.345511
vt 0.982118 0.318412
vt 0.981880 0.291313
vt 0.986588 0.291201
vt 0.991310 0.291095
vt 1.000000 0.762663
vt 0.999872 0.799490
vt 0.987573 0.799489
vt 0.987590 0.762662
vt 0.999745 0.836317
vt 0.987555 0.836317
vt 0.999979 0.747174
vt 0.999989 0.754918
vt 0.987580 0.754918
vt 0.987569 0.747173
vt 0.989212 0.266151
vt 0.984732 0.265613
vt 0.984133 0.255016
vt 0.988300 0.255306
vt 0.980267 0.265082
vt 0.979981 0.254733
vt 0.979695 0.244383
vt 0.983534 0.244418
vt 0.987387 0.244461
vt 0.083887 0.615685
vt 0.083164 0.625664
vt 0.041221 0.625820
vt 0.042195 0.615838
vt 0.082441 0.635644
vt 0.040246 0.635802
vt 0.000000 0.635991
vt 0.001226 0.626006
vt 0.002452 0.616021
vt 0.906015 0.432279
vt 0.909652 0.424298
vt 0.905261 0.444316
vt 0.899888 0.444232
vt 0.900070 0.434199
vt 0.900251 0.424166
vt 0.904310 0.424215
vt 0.908369 0.424264
vt 0.904450 0.690690
vt 0.904015 0.674768
vt 0.904885 0.706611
vt 0.901025 0.706551
vt 0.900130 0.690622
vt 0.899234 0.674694
vt 0.903716 0.608008
vt 0.903858 0.642937
vt 0.898872 0.642859
vt 0.898403 0.607925
vt 0.095238 0.805501
vt 0.057063 0.802257
vt 0.105070 0.848081
vt 0.066423 0.842013
vt 0.029724 0.835974
vt 0.020836 0.799044
vt 0.904862 0.726240
vt 0.904839 0.745870
vt 0.901008 0.745810
vt 0.901016 0.726180
vt 0.998311 0.870526
vt 0.997595 0.887630
vt 0.986567 0.887629
vt 0.986896 0.870525
vt 0.996878 0.904734
vt 0.986238 0.904733
vt 0.090377 0.871738
vt 0.091933 0.879432
vt 0.075935 0.886046
vt 0.065222 0.871024
vt 0.093489 0.887126
vt 0.098435 0.891752
vt 0.103380 0.896379
vt 0.077871 0.900527
vt 0.054310 0.904706
vt 0.048163 0.887523
vt 0.042017 0.870340
vt 0.993208 0.944039
vt 0.992304 0.954798
vt 0.984075 0.954795
vt 0.984497 0.944036
vt 0.991399 0.965558
vt 0.983652 0.965555
vt 0.105231 0.920955
vt 0.084161 0.922714
vt 0.107082 0.945530
vt 0.090451 0.944900
vt 0.075768 0.944300
vt 0.065039 0.924502
vt 0.995043 0.924387
vt 0.985368 0.924384
vt 0.901182 0.372623
vt 0.904636 0.364572
vt 0.908185 0.367728
vt 0.906445 0.372705
vt 0.908089 0.356521
vt 0.909925 0.362751
vt 0.245976 0.500758
vt 0.238683 0.461942
vt 0.249861 0.461551
vt 0.258145 0.499548
vt 0.231389 0.423126
vt 0.241576 0.423555
vt 0.251762 0.423983
vt 0.261039 0.461160
vt 0.270315 0.498338
vt 0.900257 0.227766
vt 0.905080 0.227841
vt 0.904672 0.265376
vt 0.900080 0.265304
vt 0.909902 0.227916
vt 0.909265 0.265448
vt 0.908627 0.302979
vt 0.904264 0.302911
vt 0.899902 0.302842
vt 0.985496 0.227532
vt 0.982016 0.231090
vt 0.978839 0.230863
vt 0.980573 0.228570
vt 0.978550 0.234655
vt 0.977105 0.233155
vt 0.218183 0.385322
vt 0.226958 0.385688
vt 0.204976 0.347517
vt 0.212340 0.347822
vt 0.219703 0.348127
vt 0.235733 0.386055
vt 0.999846 0.565308
vt 0.992504 0.565303
vt 0.992739 0.536522
vt 0.999854 0.536527
vt 0.985177 0.565306
vt 0.985639 0.536524
vt 0.986101 0.507743
vt 0.992974 0.507741
vt 0.999862 0.507746
vt 0.999904 0.698901
vt 0.999924 0.710208
vt 0.990373 0.710233
vt 0.990362 0.698952
vt 0.999943 0.721516
vt 0.990384 0.721514
vt 0.980839 0.721520
vt 0.980837 0.710265
vt 0.980835 0.699011
vt 0.916725 0.030615
vt 0.916962 0.029589
vt 0.916489 0.031641
vt 0.913552 0.031571
vt 0.914011 0.030560
vt 0.914469 0.029550
vt 0.194032 0.319371
vt 0.199871 0.319600
vt 0.895690 0.120785
vt 0.899877 0.092206
vt 0.905352 0.092550
vt 0.901122 0.121271
vt 0.910827 0.092894
vt 0.906555 0.121756
vt 0.205710 0.319828
vt 0.980207 0.221476
vt 0.979840 0.214382
vt 0.984012 0.214380
vt 0.984746 0.220952
vt 0.912644 0.092922
vt 0.909803 0.121807
vt 0.914461 0.092951
vt 0.913051 0.121857
vt 0.911641 0.150764
vt 0.906962 0.150691
vt 0.902282 0.150618
vt 0.903118 0.067185
vt 0.904408 0.056010
vt 0.908224 0.056254
vt 0.907441 0.067560
vt 0.905698 0.044836
vt 0.909007 0.044947
vt 0.912316 0.045059
vt 0.912040 0.056496
vt 0.911765 0.067934
vt 0.917050 0.023426
vt 0.918296 0.023445
vt 0.907972 0.029152
vt 0.908524 0.022993
vt 0.912787 0.023210
vt 0.911220 0.029351
vt 0.909077 0.016834
vt 0.914353 0.017068
vt 0.913132 0.000137
vt 0.916396 0.000477
vt 0.172970 0.199483
vt 0.179604 0.182481
vt 0.183295 0.182769
vt 0.176052 0.199687
vt 0.186986 0.183057
vt 0.179134 0.199891
vt 0.977935 0.192871
vt 0.976030 0.171360
vt 0.976442 0.171360
vt 0.980227 0.192870
vt 0.145358 0.215854
vt 0.148592 0.198256
vt 0.153839 0.198508
vt 0.149750 0.215960
vt 0.151827 0.180658
vt 0.157928 0.181056
vt 0.164029 0.181454
vt 0.159086 0.198760
vt 0.154143 0.216067
vt 0.169221 0.181796
vt 0.170076 0.156515
vt 0.177430 0.154012
vt 0.171816 0.181967
vt 0.170930 0.131235
vt 0.183043 0.126056
vt 0.195156 0.120876
vt 0.184784 0.151507
vt 0.174412 0.182138
vt 0.144581 0.228205
vt 0.144970 0.222030
vt 0.149436 0.222073
vt 0.149121 0.228186
vt 0.153902 0.222117
vt 0.153661 0.228167
vt 0.142779 0.265792
vt 0.143180 0.254953
vt 0.148642 0.254793
vt 0.148972 0.265652
vt 0.143581 0.244114
vt 0.148311 0.243933
vt 0.153041 0.243752
vt 0.154103 0.254632
vt 0.155165 0.265512
vt 0.137714 0.346147
vt 0.139789 0.318437
vt 0.149596 0.318330
vt 0.149457 0.346027
vt 0.141863 0.290727
vt 0.149735 0.290632
vt 0.157608 0.290537
vt 0.159404 0.318222
vt 0.161200 0.345906
vt 0.137751 0.420809
vt 0.137732 0.383478
vt 0.151871 0.383429
vt 0.154285 0.420832
vt 0.166009 0.383381
vt 0.170818 0.420855
vt 0.130754 0.506863
vt 0.134253 0.463836
vt 0.152323 0.463852
vt 0.150361 0.506872
vt 0.170393 0.463868
vt 0.169968 0.506880
vt 0.156392 0.903155
vt 0.154132 0.924789
vt 0.145899 0.922847
vt 0.145613 0.899044
vt 0.151872 0.946424
vt 0.146185 0.946649
vt 0.140498 0.946875
vt 0.137666 0.920904
vt 0.134834 0.894933
vt 0.147493 0.958202
vt 0.143094 0.957825
vt 0.143115 0.969981
vt 0.140003 0.969001
vt 0.136892 0.968022
vt 0.138695 0.957448
vt 0.167999 0.871037
vt 0.162196 0.887096
vt 0.149534 0.884819
vt 0.156600 0.871376
vt 0.139040 0.889095
vt 0.143245 0.883257
vt 0.144223 0.877486
vt 0.145201 0.871716
vt 0.185658 0.765156
vt 0.176995 0.801875
vt 0.162635 0.804997
vt 0.173382 0.764536
vt 0.168332 0.838594
vt 0.151888 0.845458
vt 0.135443 0.852322
vt 0.148274 0.808119
vt 0.161105 0.763916
vt 0.194584 0.616455
vt 0.194467 0.626444
vt 0.180906 0.625978
vt 0.181075 0.615997
vt 0.194350 0.636434
vt 0.180737 0.635960
vt 0.167125 0.635486
vt 0.167345 0.625512
vt 0.167566 0.615539
vt 0.186725 0.749330
vt 0.186192 0.757243
vt 0.173833 0.756632
vt 0.174285 0.748728
vt 0.161475 0.756021
vt 0.161845 0.748127
vt 0.856644 0.823987
vt 0.852179 0.825827
vt 0.861110 0.822147
vt 0.861110 0.830922
vt 0.856644 0.834572
vt 0.852179 0.838221
vt 0.839902 0.828356
vt 0.827626 0.830884
vt 0.839902 0.843202
vt 0.827626 0.848183
vt 0.103810 0.956524
vt 0.092221 0.955821
vt 0.100539 0.967517
vt 0.093990 0.966742
vt 0.089391 0.965996
vt 0.082579 0.955148
vt 0.865809 0.829530
vt 0.865809 0.821450
vt 0.868158 0.821052
vt 0.868158 0.828733
vt 0.870508 0.820653
vt 0.868567 0.827938
vt 0.099902 0.972558
vt 0.095469 0.972065
vt 0.099266 0.977598
vt 0.096947 0.977387
vt 0.992742 0.971574
vt 0.991362 0.976863
vt 0.990563 0.976676
vt 0.990981 0.971117
vt 0.092983 0.971601
vt 0.983458 0.971114
vt 0.983265 0.976673
vt 0.138090 0.976258
vt 0.135329 0.975334
vt 0.133066 0.982535
vt 0.130655 0.981666
vt 0.128243 0.980797
vt 0.132567 0.974409
vt 0.904383 0.848182
vt 0.893851 0.843265
vt 0.893851 0.828418
vt 0.904383 0.830884
vt 0.883320 0.838347
vt 0.883320 0.825952
vt 0.904926 0.760742
vt 0.905013 0.775614
vt 0.901143 0.775554
vt 0.901076 0.760682
vt 0.738518 0.891435
vt 0.738518 0.882287
vt 0.740988 0.882712
vt 0.740988 0.892280
vt 0.743459 0.883137
vt 0.743459 0.893126
vt 0.876914 0.835909
vt 0.876914 0.824717
vt 0.870508 0.833470
vt 0.870508 0.823481
vt 0.717102 0.876860
vt 0.710509 0.877071
vt 0.723695 0.876650
vt 0.723695 0.880182
vt 0.717102 0.880562
vt 0.710509 0.880942
vt 0.728636 0.884963
vt 0.728636 0.879044
vt 0.731107 0.880241
vt 0.731107 0.887353
vt 0.733577 0.881438
vt 0.733577 0.889744
vt 0.716908 0.889474
vt 0.722772 0.887218
vt 0.725607 0.890546
vt 0.720107 0.893739
vt 0.728442 0.893874
vt 0.723306 0.898005
vt 0.236735 0.751872
vt 0.235853 0.759810
vt 0.223381 0.759137
vt 0.224170 0.751202
vt 0.234970 0.767747
vt 0.222591 0.767072
vt 0.210212 0.766396
vt 0.210909 0.758464
vt 0.211605 0.750533
vt 0.248930 0.618454
vt 0.249021 0.628477
vt 0.235305 0.627927
vt 0.235266 0.617912
vt 0.249112 0.638500
vt 0.235344 0.637941
vt 0.221575 0.637382
vt 0.221589 0.627376
vt 0.221603 0.617370
vt 0.225320 0.802988
vt 0.214155 0.802200
vt 0.215671 0.838229
vt 0.205719 0.837328
vt 0.195766 0.836427
vt 0.202989 0.801411
vt 0.203031 0.871245
vt 0.196714 0.887755
vt 0.188825 0.887207
vt 0.194447 0.870575
vt 0.190398 0.904265
vt 0.183204 0.903839
vt 0.176011 0.903412
vt 0.180937 0.886658
vt 0.185863 0.869905
vt 0.174741 0.945586
vt 0.165252 0.959798
vt 0.160772 0.959377
vt 0.168994 0.945779
vt 0.155763 0.974010
vt 0.152550 0.972975
vt 0.149337 0.971940
vt 0.156292 0.958956
vt 0.163246 0.945972
vt 0.182569 0.924926
vt 0.176099 0.924809
vt 0.169629 0.924692
vt 0.189595 0.157831
vt 0.177008 0.182310
vt 0.202182 0.133353
vt 0.209208 0.145829
vt 0.194406 0.164155
vt 0.157824 0.216187
vt 0.163522 0.198991
vt 0.165740 0.199107
vt 0.159665 0.216247
vt 0.167959 0.199223
vt 0.161505 0.216307
vt 0.157975 0.228384
vt 0.157899 0.222285
vt 0.159898 0.222369
vt 0.160132 0.228492
vt 0.161897 0.222453
vt 0.162288 0.228600
vt 0.159691 0.265878
vt 0.158930 0.254986
vt 0.161344 0.255163
vt 0.161954 0.266061
vt 0.158169 0.244093
vt 0.160733 0.244264
vt 0.163297 0.244434
vt 0.163757 0.255339
vt 0.164217 0.266245
vt 0.175735 0.346412
vt 0.170886 0.318572
vt 0.176627 0.318747
vt 0.183002 0.346665
vt 0.166036 0.290732
vt 0.170251 0.290829
vt 0.174465 0.290926
vt 0.182368 0.318922
vt 0.190270 0.346918
vt 0.190940 0.421575
vt 0.183337 0.383993
vt 0.192002 0.384300
vt 0.201001 0.421934
vt 0.200666 0.384606
vt 0.211062 0.422294
vt 0.195809 0.505033
vt 0.193375 0.463304
vt 0.204865 0.463022
vt 0.208730 0.504109
vt 0.216356 0.462740
vt 0.221650 0.503185
vt 0.107104 0.968302
vt 0.104346 0.973056
vt 0.102124 0.972807
vt 0.103821 0.967910
vt 0.101588 0.977811
vt 0.100427 0.977705
vt 0.863460 0.830226
vt 0.863460 0.821798
vt 0.864634 0.821624
vt 0.864634 0.829878
vt 0.123765 0.945232
vt 0.115434 0.956767
vt 0.109622 0.956645
vt 0.115423 0.945381
vt 0.015806 0.507246
vt 0.028500 0.464162
vt 0.062438 0.464026
vt 0.052812 0.507092
vt 0.041193 0.421079
vt 0.072064 0.420961
vt 0.104884 0.420872
vt 0.098325 0.463920
vt 0.091766 0.506968
vt 0.055501 0.384153
vt 0.081593 0.383898
vt 0.069809 0.347227
vt 0.091121 0.346835
vt 0.114383 0.346472
vt 0.109633 0.383672
vt 0.083471 0.319428
vt 0.100931 0.319070
vt 0.097133 0.291629
vt 0.110740 0.291306
vt 0.126296 0.291014
vt 0.120339 0.318743
vt 0.107882 0.266833
vt 0.112555 0.256052
vt 0.121454 0.255660
vt 0.118207 0.266462
vt 0.117228 0.245272
vt 0.124700 0.244859
vt 0.134121 0.244476
vt 0.132301 0.255298
vt 0.130482 0.266121
vt 0.119363 0.228390
vt 0.118243 0.221806
vt 0.127140 0.221874
vt 0.126458 0.228302
vt 0.119072 0.215252
vt 0.127822 0.215447
vt 0.136573 0.215641
vt 0.136037 0.221942
vt 0.135502 0.228244
vt 0.117780 0.193774
vt 0.127940 0.195763
vt 0.116489 0.172296
vt 0.128057 0.176079
vt 0.139624 0.179863
vt 0.138099 0.197752
vt 0.975923 0.153395
vt 0.975815 0.135429
vt 0.976227 0.135429
vt 0.976334 0.153394
vt 0.122083 0.896984
vt 0.122924 0.921108
vt 0.113591 0.916646
vt 0.116866 0.898045
vt 0.107514 0.897742
vt 0.111649 0.899106
vt 0.904696 0.835525
vt 0.908572 0.833284
vt 0.908420 0.840353
vt 0.904989 0.838157
vt 0.912448 0.831044
vt 0.912382 0.838678
vt 0.912315 0.846313
vt 0.909838 0.847203
vt 0.907360 0.848093
vt 0.906321 0.844441
vt 0.905281 0.840790
vt 0.123137 0.763353
vt 0.122394 0.806293
vt 0.109552 0.813982
vt 0.104271 0.763137
vt 0.121651 0.849232
vt 0.117073 0.847777
vt 0.112496 0.846323
vt 0.108783 0.847202
vt 0.125602 0.615544
vt 0.125133 0.625522
vt 0.104148 0.625593
vt 0.104745 0.615614
vt 0.124664 0.635500
vt 0.103552 0.635572
vt 0.123324 0.747635
vt 0.123230 0.755494
vt 0.104227 0.755295
vt 0.104182 0.747454
vt 0.930467 0.779404
vt 0.933115 0.779196
vt 0.935394 0.790706
vt 0.931143 0.784060
vt 0.935763 0.778988
vt 0.941103 0.791335
vt 0.946444 0.803682
vt 0.939460 0.803211
vt 0.932476 0.802739
vt 0.932147 0.795727
vt 0.094866 0.857649
vt 0.099968 0.852865
vt 0.097444 0.859159
vt 0.092621 0.864693
vt 0.209351 0.854737
vt 0.200083 0.853952
vt 0.190815 0.853166
vt 0.168166 0.854815
vt 0.151432 0.858566
vt 0.142693 0.865438
vt 0.140185 0.859160
vt 0.137814 0.855741
vt 0.071631 0.856744
vt 0.035870 0.853157
vt 0.999028 0.853421
vt 0.987226 0.853420
vt 0.903936 0.658853
vt 0.899053 0.658776
vt 0.895935 0.872375
vt 0.896302 0.885736
vt 0.885851 0.885222
vt 0.883039 0.872296
vt 0.896669 0.899096
vt 0.888663 0.898148
vt 0.880658 0.897200
vt 0.875400 0.884708
vt 0.870142 0.872217
vt 0.898964 0.848183
vt 0.897450 0.860279
vt 0.886596 0.860239
vt 0.890154 0.848183
vt 0.875743 0.860200
vt 0.881343 0.848183
vt 0.913118 0.922186
vt 0.906320 0.924064
vt 0.909255 0.911856
vt 0.912917 0.915866
vt 0.899523 0.925941
vt 0.903500 0.912519
vt 0.907477 0.899097
vt 0.910459 0.900802
vt 0.913441 0.902508
vt 0.913078 0.906027
vt 0.912715 0.909546
vt 0.936165 0.816217
vt 0.932611 0.810546
vt 0.942568 0.816077
vt 0.938693 0.828472
vt 0.934580 0.828154
vt 0.930467 0.827836
vt 0.931606 0.823095
vt 0.096652 0.884516
vt 0.913441 0.945867
vt 0.910983 0.946812
vt 0.909578 0.935134
vt 0.913362 0.939893
vt 0.908525 0.947757
vt 0.904024 0.936849
vt 0.913200 0.928053
vt 0.913283 0.933920
vt 0.679206 0.918948
vt 0.675203 0.918073
vt 0.675452 0.909253
vt 0.679008 0.914107
vt 0.671200 0.917198
vt 0.671387 0.908297
vt 0.671573 0.899395
vt 0.674023 0.900427
vt 0.676472 0.901458
vt 0.677641 0.905362
vt 0.678810 0.909267
vt 0.124399 0.657343
vt 0.124016 0.689470
vt 0.103854 0.689421
vt 0.103673 0.657367
vt 0.123633 0.721597
vt 0.104035 0.721475
vt 0.084437 0.721353
vt 0.083692 0.689372
vt 0.082948 0.657391
vt 0.246714 0.660593
vt 0.243186 0.693084
vt 0.229979 0.692462
vt 0.233172 0.660009
vt 0.239658 0.725575
vt 0.226786 0.724916
vt 0.213913 0.724256
vt 0.216772 0.691840
vt 0.219631 0.659424
vt 0.192864 0.658427
vt 0.190678 0.690771
vt 0.177631 0.690236
vt 0.179480 0.657929
vt 0.188492 0.723115
vt 0.175781 0.722544
vt 0.163071 0.721973
vt 0.164584 0.689701
vt 0.166096 0.657430
vt 0.999856 0.658200
vt 0.991532 0.655265
vt 0.991727 0.645966
vt 0.999841 0.647436
vt 0.983222 0.652338
vt 0.983627 0.644505
vt 0.984032 0.636671
vt 0.991922 0.636668
vt 0.999826 0.636672
vt 0.035306 0.691079
vt 0.041520 0.657451
vt 0.045268 0.721124
vt 0.008047 0.720924
vt 0.006475 0.709599
vt 0.004904 0.698273
vt 0.003473 0.677907
vt 0.002042 0.657541
vt 0.899078 0.469700
vt 0.899056 0.467962
vt 0.902957 0.468013
vt 0.902970 0.469742
vt 0.899035 0.466224
vt 0.902944 0.466285
vt 0.906854 0.466346
vt 0.906858 0.468065
vt 0.906863 0.469783
vt 0.118295 0.236831
vt 0.125579 0.236580
vt 0.134811 0.236360
vt 0.158072 0.236238
vt 0.160432 0.236378
vt 0.162793 0.236517
vt 0.144081 0.236160
vt 0.148716 0.236060
vt 0.153351 0.235960
vt 0.906835 0.036994
vt 0.910114 0.037149
vt 0.913393 0.037304
vt 0.904450 0.333741
vt 0.900542 0.337733
vt 0.908358 0.329750
vt 1.000000 0.421291
vt 0.991731 0.421287
vt 0.989990 0.383779
vt 0.997079 0.384166
vt 0.983476 0.421290
vt 0.982916 0.383400
vt 0.694369 0.148268
vt 0.702071 0.147907
vt 0.706286 0.175599
vt 0.697416 0.177065
vt 0.709772 0.147546
vt 0.715156 0.174133
vt 0.720540 0.200719
vt 0.710501 0.203290
vt 0.700463 0.205861
vt 0.661134 0.493820
vt 0.667028 0.493686
vt 0.667071 0.495173
vt 0.661257 0.495310
vt 0.672923 0.493552
vt 0.672884 0.495036
vt 0.672845 0.496520
vt 0.667113 0.496660
vt 0.661381 0.496800
vt 0.709709 0.249995
vt 0.697636 0.250699
vt 0.721781 0.249291
vt 0.723022 0.297863
vt 0.708916 0.296700
vt 0.694810 0.295537
vt 0.660461 0.484025
vt 0.669773 0.483801
vt 0.668401 0.488744
vt 0.660797 0.488923
vt 0.679084 0.483578
vt 0.676004 0.488565
vt 0.684056 0.375421
vt 0.698058 0.378338
vt 0.691109 0.407852
vt 0.676886 0.404714
vt 0.712061 0.381256
vt 0.705332 0.410991
vt 0.698603 0.440727
vt 0.684159 0.437367
vt 0.669716 0.434006
vt 0.660461 -0.000000
vt 0.662443 0.000065
vt 0.665846 0.008886
vt 0.663832 0.008650
vt 0.664424 0.000131
vt 0.667861 0.009122
vt 0.671297 0.018114
vt 0.669250 0.017707
vt 0.667203 0.017300
vt 0.664990 0.461861
vt 0.676688 0.463305
vt 0.673230 0.473553
vt 0.662726 0.472943
vt 0.688387 0.464748
vt 0.683735 0.474163
vt 0.992352 0.464514
vt 0.999931 0.464519
vt 0.984789 0.464516
vt 0.982775 0.237754
vt 0.986441 0.235996
vt 0.979123 0.239519
vt 0.864713 0.674428
vt 0.863692 0.703884
vt 0.860866 0.703735
vt 0.860832 0.674445
vt 0.862672 0.733340
vt 0.860899 0.733025
vt 0.843259 0.740940
vt 0.841614 0.748372
vt 0.838140 0.747736
vt 0.839360 0.740375
vt 0.839970 0.755804
vt 0.836921 0.755098
vt 0.854244 0.567954
vt 0.855487 0.596013
vt 0.853001 0.539894
vt 0.854187 0.540287
vt 0.855598 0.567878
vt 0.857008 0.595469
vt 0.858159 0.635229
vt 0.860860 0.634948
vt 0.851467 0.510882
vt 0.851773 0.519328
vt 0.851161 0.502436
vt 0.851821 0.502628
vt 0.852126 0.510831
vt 0.852432 0.519034
vt 0.885360 0.531827
vt 0.881746 0.540980
vt 0.881187 0.537888
vt 0.882714 0.531766
vt 0.850314 0.496800
vt 0.850960 0.497608
vt 0.676261 0.490199
vt 0.676132 0.489382
vt 0.845389 0.749435
vt 0.845389 0.754125
vt 0.844774 0.754029
vt 0.844736 0.749686
vt 0.703487 0.337519
vt 0.689433 0.335479
vt 0.717541 0.339559
vt 0.681669 0.061943
vt 0.684029 0.061976
vt 0.686601 0.069437
vt 0.684241 0.069404
vt 0.686388 0.062010
vt 0.688960 0.069471
vt 0.691532 0.076932
vt 0.689173 0.076899
vt 0.686813 0.076865
vt 0.729688 0.201522
vt 0.730213 0.233799
vt 0.738837 0.202326
vt 0.738645 0.218306
vt 0.738452 0.234287
vt 0.730737 0.266075
vt 0.692967 0.135023
vt 0.699678 0.134735
vt 0.700874 0.141321
vt 0.693668 0.141646
vt 0.706389 0.134447
vt 0.708081 0.140997
vt 0.129387 0.535576
vt 0.109536 0.535634
vt 0.111260 0.506915
vt 0.128020 0.564288
vt 0.107811 0.564353
vt 0.087602 0.564418
vt 0.089684 0.535693
vt 0.247218 0.533862
vt 0.234441 0.534219
vt 0.233813 0.501971
vt 0.248461 0.566965
vt 0.235068 0.566467
vt 0.221675 0.565969
vt 0.221663 0.534577
vt 0.195498 0.535083
vt 0.182415 0.535337
vt 0.182888 0.505956
vt 0.195187 0.565134
vt 0.181943 0.564717
vt 0.168698 0.564300
vt 0.169333 0.535590
vt 0.999842 0.578546
vt 0.992396 0.578541
vt 0.992450 0.571922
vt 0.999844 0.571927
vt 0.984965 0.578544
vt 0.985071 0.571925
vt 0.906021 0.189266
vt 0.901270 0.189192
vt 0.910772 0.189340
vt 0.050007 0.535825
vt 0.047202 0.564558
vt 0.008749 0.564727
vt 0.012278 0.535986
vt 0.734740 0.165071
vt 0.747610 0.176864
vt 0.748964 0.190284
vt 0.736788 0.183698
vt 0.760479 0.188657
vt 0.761139 0.196869
vt 0.761799 0.205081
vt 0.750318 0.203703
vt 0.840603 0.703871
vt 0.839935 0.718357
vt 0.841271 0.689384
vt 0.842136 0.689494
vt 0.842239 0.703867
vt 0.842343 0.718240
vt 0.694371 0.911089
vt 0.695085 0.922264
vt 0.693658 0.899914
vt 0.839647 0.729366
vt 0.842801 0.729590
vt 0.722256 0.156308
vt 0.725972 0.178915
vt 0.841064 0.682715
vt 0.841700 0.682775
vt 0.766326 0.194147
vt 0.770785 0.199920
vt 0.770072 0.200113
vt 0.765623 0.194314
vt 0.769359 0.200307
vt 0.764919 0.194482
vt 0.842335 0.682835
vt 0.756716 0.220539
vt 0.762666 0.216328
vt 0.763264 0.216620
vt 0.757162 0.221014
vt 0.768617 0.212117
vt 0.769366 0.212226
vt 0.770115 0.212334
vt 0.763862 0.216912
vt 0.757609 0.221490
vt 0.748951 0.215558
vt 0.759258 0.212810
vt 0.747584 0.227413
vt 0.703491 0.910887
vt 0.705022 0.900168
vt 0.706005 0.899782
vt 0.705247 0.910416
vt 0.748069 0.227780
vt 0.748554 0.228148
vt 0.773074 0.206878
vt 0.771595 0.209606
vt 0.770866 0.209665
vt 0.772367 0.207105
vt 0.770138 0.209725
vt 0.771660 0.207332
vt 0.770509 0.203820
vt 0.771219 0.203609
vt 0.771929 0.203399
vt 0.765824 0.200345
vt 0.766730 0.206207
vt 0.764698 0.211267
vt 0.693205 0.066182
vt 0.695518 0.072845
vt 0.700023 0.070353
vt 0.702077 0.076218
vt 0.704130 0.082083
vt 0.697831 0.079508
vt 0.714463 0.121527
vt 0.720458 0.117245
vt 0.721362 0.120815
vt 0.715639 0.126018
vt 0.726454 0.112963
vt 0.727086 0.115612
vt 0.727717 0.118260
vt 0.722266 0.124385
vt 0.716816 0.130510
vt 0.849117 0.777405
vt 0.850140 0.770443
vt 0.852724 0.770123
vt 0.852221 0.777012
vt 0.851163 0.763481
vt 0.853226 0.763235
vt 0.883211 0.521314
vt 0.883709 0.510862
vt 0.885233 0.510786
vt 0.885297 0.521307
vt 0.710426 0.127987
vt 0.711860 0.133508
vt 0.713294 0.139028
vt 0.851865 0.759054
vt 0.853577 0.758783
vt 0.852568 0.754627
vt 0.853927 0.754332
vt 0.709467 0.058445
vt 0.720094 0.071854
vt 0.719634 0.072181
vt 0.709007 0.058755
vt 0.730722 0.085264
vt 0.730260 0.085607
vt 0.729798 0.085950
vt 0.719173 0.072507
vt 0.708548 0.059065
vt 0.708907 0.076141
vt 0.710713 0.081018
vt 0.717792 0.081928
vt 0.719350 0.085818
vt 0.720908 0.089707
vt 0.712519 0.085895
vt 0.884464 0.497296
vt 0.699231 0.046772
vt 0.698786 0.047105
vt 0.698341 0.047438
vt 0.885360 0.497171
vt 0.853089 0.751193
vt 0.854186 0.750727
vt 0.853609 0.747759
vt 0.854444 0.747121
vt 0.730868 0.112500
vt 0.731399 0.114726
vt 0.735283 0.112037
vt 0.735712 0.113841
vt 0.736142 0.115646
vt 0.731930 0.116953
vt 0.724428 0.087758
vt 0.725318 0.090353
vt 0.731063 0.093589
vt 0.731286 0.094889
vt 0.731509 0.096190
vt 0.726208 0.092948
vt 0.742678 0.108232
vt 0.742751 0.107435
vt 0.743791 0.107515
vt 0.743823 0.108390
vt 0.742824 0.106639
vt 0.743759 0.106641
vt 0.744694 0.106642
vt 0.744831 0.107595
vt 0.744968 0.108547
vt 0.741861 0.104239
vt 0.740480 0.100720
vt 0.741116 0.100593
vt 0.742833 0.104186
vt 0.739100 0.097202
vt 0.739398 0.097001
vt 0.739697 0.096801
vt 0.741751 0.100467
vt 0.743806 0.104133
vt 0.738842 0.111653
vt 0.739032 0.112819
vt 0.742401 0.111270
vt 0.742353 0.111798
vt 0.742304 0.112325
vt 0.739223 0.113985
vt 0.736462 0.098914
vt 0.736814 0.100164
vt 0.742342 0.105439
vt 0.737166 0.101414
vt 0.852387 0.529611
vt 0.853309 0.529660
vt 0.680424 0.450336
vt 0.667353 0.447934
vt 0.693495 0.452737
vt 0.102507 0.279231
vt 0.114474 0.278884
vt 0.128389 0.278567
vt 0.162864 0.278305
vt 0.166103 0.278445
vt 0.169341 0.278585
vt 0.142321 0.278260
vt 0.149354 0.278142
vt 0.156386 0.278025
vt 0.901497 0.079696
vt 0.906397 0.080055
vt 0.911296 0.080414
vt 0.914213 0.067972
vt 0.913429 0.080447
vt 0.916662 0.068011
vt 0.915561 0.080481
vt 0.985660 0.278407
vt 0.990261 0.278623
vt 0.981074 0.278198
vt 0.668440 0.496800
vt 0.672411 0.500435
vt 0.672156 0.506275
vt 0.666060 0.503133
vt 0.676382 0.504070
vt 0.678251 0.509416
vt 0.680120 0.514762
vt 0.671900 0.512114
vt 0.663680 0.509466
vt 0.660461 0.532428
vt 0.673198 0.534814
vt 0.678512 0.548995
vt 0.664591 0.546629
vt 0.685935 0.537200
vt 0.692432 0.551362
vt 0.698929 0.565524
vt 0.683825 0.563177
vt 0.668721 0.560830
vt 0.672549 0.523464
vt 0.662071 0.520947
vt 0.683027 0.525981
vt 0.683156 0.705672
vt 0.700840 0.706143
vt 0.697739 0.742577
vt 0.679992 0.743850
vt 0.718524 0.706615
vt 0.715486 0.741305
vt 0.712448 0.775995
vt 0.694638 0.779011
vt 0.676828 0.782028
vt 0.663895 0.834031
vt 0.684393 0.835482
vt 0.683235 0.841348
vt 0.662178 0.840016
vt 0.704891 0.836932
vt 0.704291 0.842679
vt 0.703692 0.848426
vt 0.682076 0.847213
vt 0.660461 0.846001
vt 0.688952 0.593933
vt 0.672937 0.592181
vt 0.704966 0.595685
vt 0.711003 0.625847
vt 0.694078 0.624690
vt 0.677153 0.623533
vt 0.853893 0.742434
vt 0.849142 0.743545
vt 0.858644 0.741323
vt 0.858618 0.742020
vt 0.853868 0.744252
vt 0.849117 0.746484
vt 0.846762 0.731661
vt 0.847091 0.732724
vt 0.846976 0.740037
vt 0.846862 0.739511
vt 0.847420 0.733788
vt 0.847091 0.740563
vt 0.846762 0.747338
vt 0.846862 0.747350
vt 0.846961 0.747361
vt 0.912416 0.045060
vt 0.913315 0.056516
vt 0.912516 0.045062
vt 0.914589 0.056536
vt 0.864713 0.679548
vt 0.864713 0.641832
vt 0.867197 0.641814
vt 0.867139 0.679529
vt 0.864713 0.604117
vt 0.867255 0.604098
vt 0.865164 0.747852
vt 0.864938 0.713700
vt 0.867289 0.713682
vt 0.867438 0.747835
vt 0.865505 0.576838
vt 0.867740 0.576821
vt 0.866298 0.549558
vt 0.868224 0.549544
vt 0.868054 0.525976
vt 0.868248 0.516017
vt 0.869426 0.516008
vt 0.869286 0.525967
vt 0.868443 0.506058
vt 0.869565 0.506050
vt 0.868922 0.501439
vt 0.869831 0.501445
vt 0.869401 0.496821
vt 0.870097 0.496840
vt 0.877580 0.739721
vt 0.877159 0.728994
vt 0.878001 0.750449
vt 0.876661 0.750472
vt 0.875772 0.739733
vt 0.874884 0.728994
vt 0.867176 0.537767
vt 0.868755 0.537755
vt 0.697459 0.665417
vt 0.680155 0.664602
vt 0.714764 0.666231
vt 0.689515 0.807247
vt 0.670361 0.808029
vt 0.708669 0.806464
vt 0.727125 0.838273
vt 0.721865 0.840822
vt 0.723455 0.839460
vt 0.726880 0.837504
vt 0.716606 0.843371
vt 0.721621 0.840053
vt 0.726635 0.836734
vt 0.719942 0.789172
vt 0.717852 0.813003
vt 0.727436 0.802348
vt 0.727036 0.819541
vt 0.715763 0.836833
vt 0.712956 0.841366
vt 0.710149 0.845899
vt 0.734647 0.833169
vt 0.735175 0.833723
vt 0.742659 0.829603
vt 0.743469 0.829943
vt 0.744280 0.830282
vt 0.735702 0.834278
vt 0.878702 0.767574
vt 0.878556 0.761868
vt 0.739895 0.823078
vt 0.739504 0.822909
vt 0.739114 0.822739
vt 0.844736 0.749435
vt 0.844732 0.755075
vt 0.844175 0.755027
vt 0.843996 0.749435
vt 0.878279 0.756158
vt 0.877817 0.761914
vt 0.877239 0.756193
vt 0.731503 0.809112
vt 0.733075 0.821140
vt 0.735570 0.815875
vt 0.889181 0.091523
vt 0.891826 0.078979
vt 0.896662 0.079337
vt 0.894529 0.091864
vt 0.894471 0.066436
vt 0.898794 0.066810
vt 0.272787 0.533154
vt 0.260003 0.533508
vt 0.275260 0.567969
vt 0.261860 0.567467
vt 0.899079 0.044613
vt 0.900277 0.036684
vt 0.903556 0.036839
vt 0.902388 0.044725
vt 0.901474 0.028755
vt 0.904723 0.028954
vt 0.273726 0.661724
vt 0.273468 0.663474
vt 0.259727 0.687993
vt 0.260220 0.661158
vt 0.273210 0.665225
vt 0.269268 0.696038
vt 0.265326 0.726851
vt 0.252492 0.726213
vt 0.235766 0.840135
vt 0.228047 0.856396
vt 0.218699 0.855566
vt 0.225718 0.839182
vt 0.220328 0.872656
vt 0.211679 0.871951
vt 0.198408 0.169045
vt 0.213521 0.155321
vt 0.217835 0.164813
vt 0.202410 0.173935
vt 0.893730 0.725735
vt 0.893211 0.705765
vt 0.894249 0.745705
vt 0.887490 0.745599
vt 0.886444 0.725289
vt 0.885397 0.704979
vt 0.895616 0.760040
vt 0.896983 0.774376
vt 0.892822 0.773199
vt 0.890156 0.759399
vt 0.212626 0.888925
vt 0.204670 0.888340
vt 0.204924 0.905195
vt 0.197661 0.904730
vt 0.259875 0.769179
vt 0.247820 0.804657
vt 0.236570 0.803823
vt 0.247423 0.768463
vt 0.276221 0.619519
vt 0.276408 0.629553
vt 0.262715 0.629015
vt 0.262576 0.618987
vt 0.276595 0.639588
vt 0.262854 0.639044
vt 0.261922 0.753242
vt 0.260898 0.761210
vt 0.248375 0.760510
vt 0.249328 0.752557
vt 0.719937 0.883890
vt 0.713708 0.885208
vt 0.858669 0.745406
vt 0.858669 0.736072
vt 0.860901 0.734729
vt 0.861198 0.743812
vt 0.726166 0.882573
vt 0.726166 0.877847
vt 0.170464 0.199353
vt 0.163921 0.216395
vt 0.166336 0.216484
vt 0.902404 0.022598
vt 0.905464 0.022796
vt 0.903333 0.016442
vt 0.906205 0.016638
vt 0.896775 0.055525
vt 0.900591 0.055767
vt 0.188200 0.319147
vt 0.197623 0.347217
vt 0.885397 0.119823
vt 0.890544 0.120304
vt 0.209424 0.384964
vt 0.221226 0.422710
vt 0.227519 0.462341
vt 0.263820 0.738152
vt 0.253191 0.741399
vt 0.262314 0.749454
vt 0.262118 0.751348
vt 0.238196 0.738723
vt 0.123478 0.734616
vt 0.104109 0.734464
vt 0.084739 0.734313
vt 0.225478 0.738059
vt 0.212759 0.737395
vt 0.187609 0.736222
vt 0.175033 0.735636
vt 0.162458 0.735050
vt 0.999961 0.734345
vt 0.986209 0.731779
vt 0.977989 0.721521
vt 0.046027 0.734025
vt 0.009263 0.733766
vt 0.282117 0.669975
vt 0.279981 0.696572
vt 0.291024 0.674726
vt 0.290695 0.697107
vt 0.290367 0.719488
vt 0.277846 0.723170
vt 0.275161 0.650656
vt 0.261537 0.650101
vt 0.247913 0.649546
vt 0.734449 0.091576
vt 0.735456 0.095245
vt 0.730431 0.089769
vt 0.743296 0.105413
vt 0.744250 0.105387
vt 0.721800 0.080133
vt 0.713170 0.070496
vt 0.688134 0.035811
vt 0.703624 0.061789
vt 0.694078 0.053082
vt 0.679716 0.026962
vt 0.686460 0.046572
vt 0.678843 0.040062
vt 0.676639 0.039842
vt 0.674436 0.039622
vt 0.905360 0.457521
vt 0.908622 0.466374
vt 0.899462 0.455228
vt 0.082694 0.646517
vt 0.040883 0.646627
vt 0.001021 0.646766
vt 0.990947 0.677109
vt 0.999880 0.678550
vt 0.982028 0.675675
vt 0.193607 0.647431
vt 0.180109 0.646945
vt 0.166610 0.646458
vt 0.234258 0.648975
vt 0.220603 0.648403
vt 0.124531 0.646422
vt 0.103613 0.646469
vt 0.908381 0.501548
vt 0.908586 0.472005
vt 0.908176 0.531090
vt 0.906674 0.531067
vt 0.906769 0.500425
vt 0.907941 0.541071
vt 0.907706 0.551053
vt 0.905925 0.553562
vt 0.906300 0.542314
vt 0.907701 0.554181
vt 0.905965 0.555423
vt 0.898147 0.553388
vt 0.902036 0.553475
vt 0.901972 0.555347
vt 0.897980 0.555272
vt 0.809024 0.871052
vt 0.821113 0.876185
vt 0.819717 0.902831
vt 0.808924 0.902110
vt 0.833202 0.881318
vt 0.830509 0.903552
vt 0.827816 0.925786
vt 0.818320 0.929476
vt 0.808824 0.933167
vt 0.844955 0.889810
vt 0.842255 0.906301
vt 0.856709 0.898302
vt 0.854001 0.909051
vt 0.851294 0.919799
vt 0.839555 0.922793
vt 0.908604 0.469189
vt 0.302468 0.679048
vt 0.302892 0.695721
vt 0.313912 0.683370
vt 0.315089 0.694335
vt 0.316265 0.705300
vt 0.303316 0.712394
vt 0.808824 0.848183
vt 0.821504 0.854025
vt 0.821309 0.865105
vt 0.808924 0.859618
vt 0.834184 0.859868
vt 0.833693 0.870593
vt 0.276727 0.734160
vt 0.289633 0.730168
vt 0.288900 0.740849
vt 0.275607 0.745151
vt 0.882188 0.674260
vt 0.881666 0.684165
vt 0.879097 0.684876
vt 0.878536 0.675611
vt 0.881143 0.694070
vt 0.879657 0.694141
vt 0.878171 0.694212
vt 0.876527 0.685587
vt 0.874884 0.676962
vt 0.882465 0.552324
vt 0.880158 0.564966
vt 0.877550 0.564429
vt 0.878732 0.551229
vt 0.877852 0.577608
vt 0.876368 0.577630
vt 0.874884 0.577652
vt 0.874942 0.563892
vt 0.875000 0.550133
vt 0.879652 0.604972
vt 0.881059 0.611856
vt 0.879589 0.612059
vt 0.878182 0.605175
vt 0.882465 0.618741
vt 0.880995 0.618944
vt 0.879525 0.619147
vt 0.878119 0.612263
vt 0.876713 0.605378
vt 0.882188 0.718051
vt 0.881722 0.723522
vt 0.880239 0.723411
vt 0.880705 0.717939
vt 0.881256 0.728994
vt 0.879773 0.728882
vt 0.878290 0.728771
vt 0.878756 0.723299
vt 0.879222 0.717827
vt 0.303094 0.721492
vt 0.316555 0.712815
vt 0.316844 0.720331
vt 0.302872 0.730590
vt 0.881666 0.706060
vt 0.880181 0.706040
vt 0.878696 0.706020
vt 0.878752 0.591290
vt 0.877275 0.591402
vt 0.875798 0.591515
vt 0.846476 0.871606
vt 0.845716 0.880708
vt 0.858768 0.883344
vt 0.857738 0.890823
vt 0.870368 0.750591
vt 0.871680 0.750328
vt 0.871426 0.754653
vt 0.869958 0.754936
vt 0.872993 0.750064
vt 0.872894 0.754370
vt 0.872795 0.758677
vt 0.871171 0.758978
vt 0.869547 0.759280
vt 0.871419 0.763200
vt 0.869945 0.763461
vt 0.872894 0.762940
vt 0.872993 0.767202
vt 0.871668 0.767422
vt 0.870342 0.767642
vt 0.864455 0.892213
vt 0.863224 0.897961
vt 0.870142 0.901083
vt 0.868709 0.905100
vt 0.867276 0.909117
vt 0.861992 0.903709
vt 0.322457 0.700505
vt 0.323186 0.706322
vt 0.328649 0.695710
vt 0.329818 0.699828
vt 0.330987 0.703946
vt 0.323915 0.712139
vt 0.318963 0.685492
vt 0.320710 0.692998
vt 0.324014 0.687614
vt 0.326331 0.691662
vt 0.859183 0.910968
vt 0.864365 0.912885
vt 0.861454 0.916653
vt 0.856374 0.918226
vt 0.275508 0.581254
vt 0.275489 0.582518
vt 0.266810 0.600184
vt 0.262045 0.580744
vt 0.275471 0.583781
vt 0.275811 0.600820
vt 0.276150 0.617859
vt 0.276186 0.618689
vt 0.248756 0.599344
vt 0.248582 0.580234
vt 0.737454 0.103176
vt 0.732158 0.098916
vt 0.737743 0.104937
vt 0.732807 0.101642
vt 0.742539 0.109751
vt 0.743634 0.109722
vt 0.743446 0.111054
vt 0.744730 0.109693
vt 0.744491 0.110838
vt 0.727010 0.096312
vt 0.721862 0.093707
vt 0.727811 0.099675
vt 0.722816 0.097708
vt 0.699998 0.087847
vt 0.694088 0.086826
vt 0.705908 0.088868
vt 0.707685 0.095653
vt 0.702164 0.096186
vt 0.696643 0.096719
vt 0.713885 0.091288
vt 0.715250 0.096681
vt 0.992003 0.626669
vt 0.999829 0.626674
vt 0.984193 0.626672
vt 0.984353 0.616673
vt 0.992085 0.616670
vt 0.999832 0.616675
vt 0.690980 0.086848
vt 0.687872 0.086869
vt 0.692787 0.096796
vt 0.688931 0.096873
vt 0.127401 0.577499
vt 0.126502 0.596521
vt 0.105884 0.596589
vt 0.107023 0.577565
vt 0.085266 0.596657
vt 0.086645 0.577630
vt 0.235193 0.598819
vt 0.235119 0.579725
vt 0.221630 0.598293
vt 0.221657 0.579215
vt 0.195032 0.578360
vt 0.194808 0.597407
vt 0.181397 0.596964
vt 0.181719 0.577932
vt 0.167986 0.596521
vt 0.168407 0.577504
vt 0.285429 0.582587
vt 0.292577 0.581913
vt 0.290915 0.594236
vt 0.285400 0.598283
vt 0.299724 0.581239
vt 0.296431 0.590189
vt 0.293137 0.599140
vt 0.289254 0.606559
vt 0.285370 0.613978
vt 0.044053 0.596806
vt 0.045911 0.577773
vt 0.004789 0.596984
vt 0.007126 0.577946
vt 0.087124 0.571024
vt 0.046557 0.571165
vt 0.007938 0.571336
vt 0.906893 0.380684
vt 0.910317 0.386052
vt 0.909127 0.386034
vt 0.905035 0.385970
vt 0.900942 0.385906
vt 0.901062 0.379265
vt 0.195109 0.571747
vt 0.181831 0.571324
vt 0.168552 0.570902
vt 0.248521 0.573600
vt 0.235094 0.573096
vt 0.221666 0.572592
vt 0.127711 0.570894
vt 0.107417 0.570959
vt 0.845894 0.751134
vt 0.845389 0.751159
vt 0.845389 0.750326
vt 0.845953 0.750285
vt 0.743196 0.111687
vt 0.744040 0.111577
vt 0.845389 0.749493
vt 0.846012 0.749435
vt 0.275384 0.574612
vt 0.261953 0.574106
vt 0.738292 0.108295
vt 0.734045 0.106839
vt 0.729340 0.106087
vt 0.724635 0.105336
vt 0.706295 0.112087
vt 0.701516 0.115583
vt 0.711074 0.108590
vt 0.717854 0.106963
vt 0.992240 0.597606
vt 0.999837 0.597610
vt 0.984659 0.597608
vt 0.696233 0.115766
vt 0.690949 0.115948
vt 0.909060 0.388567
vt 0.910266 0.388588
vt 0.909975 0.405619
vt 0.908734 0.405598
vt 0.909684 0.422651
vt 0.908407 0.422630
vt 0.900350 0.422504
vt 0.904379 0.422567
vt 0.904344 0.423391
vt 0.900301 0.423335
vt 0.908388 0.423447
vt 0.909668 0.423474
vt 0.878568 0.768903
vt 0.877376 0.773250
vt 0.874628 0.773598
vt 0.874538 0.768903
vt 0.876183 0.777596
vt 0.874717 0.778292
vt 0.873252 0.778988
vt 0.871880 0.773946
vt 0.870508 0.768903
vt 0.900849 0.388429
vt 0.900896 0.387168
vt 0.904995 0.387234
vt 0.904954 0.388498
vt 0.909094 0.387300
vt 0.910292 0.387320
vt 0.910317 0.386052
vt 0.280450 0.583184
vt 0.280605 0.599551
vt 0.280760 0.615918
vt 0.687226 0.899395
vt 0.687226 0.905238
vt 0.684393 0.905493
vt 0.683216 0.900284
vt 0.687226 0.911081
vt 0.685569 0.910702
vt 0.683912 0.910324
vt 0.681559 0.905748
vt 0.679206 0.901172
vt 0.735241 0.933809
vt 0.730096 0.932004
vt 0.729905 0.915641
vt 0.735241 0.916772
vt 0.724952 0.930199
vt 0.724570 0.914511
vt 0.724188 0.898823
vt 0.729714 0.899279
vt 0.735241 0.899735
vt 0.843818 0.715960
vt 0.845290 0.716329
vt 0.844977 0.725243
vt 0.843539 0.724885
vt 0.846762 0.716698
vt 0.846416 0.725601
vt 0.846069 0.734505
vt 0.844664 0.734158
vt 0.843259 0.733811
vt 0.843952 0.748741
vt 0.843606 0.741276
vt 0.845011 0.741623
vt 0.845357 0.749088
vt 0.846416 0.741970
vt 0.846762 0.749435
vt 0.721093 0.922925
vt 0.719221 0.910669
vt 0.717235 0.915650
vt 0.713872 0.906828
vt 0.710509 0.898005
vt 0.717348 0.898414
vt 0.685437 0.918907
vt 0.683779 0.918528
vt 0.683647 0.926733
vt 0.681989 0.926354
vt 0.680332 0.925975
vt 0.682122 0.918149
vt 0.091448 0.136082
vt 0.080123 0.115516
vt 0.091999 0.109930
vt 0.103668 0.130851
vt 0.068798 0.094950
vt 0.080330 0.089010
vt 0.091862 0.083069
vt 0.103875 0.104344
vt 0.115887 0.125619
vt 0.834277 0.519307
vt 0.833652 0.508054
vt 0.830221 0.519307
vt 0.828924 0.508054
vt 0.827626 0.496800
vt 0.833027 0.496800
vt 0.975715 0.114991
vt 0.975615 0.094553
vt 0.976026 0.094552
vt 0.976126 0.114991
vt 0.215764 0.112498
vt 0.222454 0.124121
vt 0.236372 0.104120
vt 0.242727 0.114890
vt 0.249082 0.125660
vt 0.229145 0.135745
vt 0.141682 0.149353
vt 0.148645 0.147658
vt 0.131537 0.118047
vt 0.139363 0.114261
vt 0.147188 0.110475
vt 0.155609 0.145964
vt 0.103969 0.154189
vt 0.115862 0.153465
vt 0.127755 0.152741
vt 0.835660 0.544011
vt 0.834968 0.531659
vt 0.832949 0.544011
vt 0.831585 0.531659
vt 0.208387 0.572169
vt 0.208431 0.565551
vt 0.208344 0.578787
vt 0.208219 0.597850
vt 0.208094 0.616912
vt 0.207105 0.647917
vt 0.207962 0.636908
vt 0.206247 0.658926
vt 0.200184 0.736808
vt 0.201203 0.723685
vt 0.199165 0.749931
vt 0.159625 0.278165
vt 0.161822 0.290635
vt 0.157428 0.265695
vt 0.208580 0.534830
vt 0.155711 0.236099
vt 0.155605 0.243923
vt 0.155818 0.228275
vt 0.203725 0.691306
vt 0.179490 0.853991
vt 0.182049 0.837510
vt 0.176931 0.870471
vt 0.181884 0.463586
vt 0.180879 0.421215
vt 0.174673 0.383687
vt 0.168467 0.346159
vt 0.165145 0.318397
vt 0.156517 0.254809
vt 0.155901 0.222201
vt 0.155983 0.216127
vt 0.161304 0.198876
vt 0.166625 0.181625
vt 0.736048 0.881863
vt 0.736048 0.890589
vt 0.143613 0.978106
vt 0.140852 0.977182
vt 0.146226 0.970960
vt 0.137890 0.984273
vt 0.135478 0.983404
vt 0.198550 0.757853
vt 0.197935 0.765776
vt 0.208028 0.626910
vt 0.189992 0.801643
vt 0.171566 0.886877
vt 0.166202 0.903284
vt 0.151893 0.958579
vt 0.157559 0.946198
vt 0.161880 0.924741
vt 0.162842 0.151240
vt 0.159059 0.120855
vt 0.102393 0.077614
vt 0.088774 0.057366
vt 0.092975 0.055769
vt 0.107659 0.074886
vt 0.075155 0.037118
vt 0.078291 0.036653
vt 0.081427 0.036187
vt 0.097176 0.054173
vt 0.112924 0.072159
vt 0.919787 0.913159
vt 0.919793 0.894508
vt 0.925190 0.894395
vt 0.925184 0.913046
vt 0.919799 0.875857
vt 0.925196 0.875743
vt 0.919756 0.952924
vt 0.919771 0.933042
vt 0.925169 0.932929
vt 0.925153 0.952811
vt 0.116965 0.097830
vt 0.123511 0.094574
vt 0.130056 0.091317
vt 0.062288 0.021022
vt 0.066598 0.022021
vt 0.049421 0.004927
vt 0.054906 0.007390
vt 0.060390 0.009854
vt 0.070908 0.023020
vt 0.919777 0.862247
vt 0.925175 0.862133
vt 0.919756 0.848637
vt 0.925153 0.848524
vt 0.059526 0.070977
vt 0.069950 0.065768
vt 0.050254 0.047004
vt 0.059569 0.042527
vt 0.068884 0.038049
vt 0.080373 0.060559
vt 0.975528 0.070684
vt 0.975442 0.046816
vt 0.975853 0.046816
vt 0.975940 0.070684
vt 0.977621 0.000002
vt 0.976471 0.004691
vt 0.980332 0.000000
vt 0.978032 0.004690
vt 0.975732 0.009379
vt 0.975320 0.009379
vt 0.838372 0.770636
vt 0.832999 0.769952
vt 0.838372 0.774692
vt 0.832999 0.773336
vt 0.827626 0.771979
vt 0.827626 0.769268
vt 0.043912 0.028215
vt 0.048790 0.023620
vt 0.037570 0.009425
vt 0.038012 0.004713
vt 0.038453 0.000000
vt 0.053668 0.019024
vt 0.975381 0.028098
vt 0.975792 0.028097
vt 0.835757 0.609315
vt 0.835722 0.586099
vt 0.835791 0.632530
vt 0.833080 0.632530
vt 0.833046 0.609315
vt 0.833011 0.586099
vt 0.232970 0.144581
vt 0.252418 0.133840
vt 0.236794 0.153417
vt 0.835691 0.565055
vt 0.832980 0.565055
vt 0.835828 0.657623
vt 0.835865 0.682715
vt 0.833154 0.682715
vt 0.833117 0.657623
vt 0.281837 0.085537
vt 0.306412 0.075584
vt 0.307346 0.082182
vt 0.285868 0.091783
vt 0.330987 0.065632
vt 0.328823 0.072581
vt 0.326659 0.079530
vt 0.308279 0.088779
vt 0.289899 0.098028
vt 0.269490 0.111844
vt 0.272936 0.119378
vt 0.293455 0.104915
vt 0.297011 0.111801
vt 0.259105 0.094829
vt 0.264298 0.103336
vt 0.666491 0.913840
vt 0.664819 0.907175
vt 0.665149 0.914025
vt 0.662805 0.907453
vt 0.660461 0.900880
vt 0.663146 0.900509
vt 0.668846 0.923945
vt 0.668174 0.924038
vt 0.305222 0.097610
vt 0.316989 0.090306
vt 0.307318 0.101082
vt 0.302164 0.106441
vt 0.849117 0.772005
vt 0.843744 0.771321
vt 0.849117 0.777405
vt 0.843744 0.776049
vt 0.057978 0.020024
vt 0.072020 0.037583
vt 0.043937 0.002463
vt 0.110420 0.101087
vt 0.123712 0.121833
vt 0.097128 0.080342
vt 0.084574 0.058963
vt 0.134719 0.151047
vt 0.145725 0.180260
vt 0.148132 0.570898
vt 0.148359 0.564294
vt 0.147904 0.577502
vt 0.147244 0.596521
vt 0.146584 0.615541
vt 0.145571 0.646440
vt 0.145894 0.635493
vt 0.145248 0.657387
vt 0.142968 0.734833
vt 0.143352 0.721785
vt 0.142584 0.747881
vt 0.135355 0.278413
vt 0.134080 0.290870
vt 0.136630 0.265957
vt 0.149360 0.535583
vt 0.139446 0.236260
vt 0.138851 0.244295
vt 0.140041 0.228225
vt 0.144300 0.689586
vt 0.676456 0.932720
vt 0.673828 0.932779
vt 0.675275 0.925796
vt 0.677385 0.929997
vt 0.671200 0.932838
vt 0.671200 0.925018
vt 0.678759 0.923111
vt 0.678313 0.927273
vt 0.914319 0.848761
vt 0.917037 0.861239
vt 0.907244 0.860759
vt 0.906642 0.848472
vt 0.919756 0.873717
vt 0.907845 0.873046
vt 0.915639 0.885239
vt 0.905971 0.885487
vt 0.911523 0.896761
vt 0.904096 0.897929
vt 0.142353 0.755758
vt 0.142121 0.763635
vt 0.146239 0.625517
vt 0.134243 0.815902
vt 0.132662 0.851505
vt 0.129880 0.850687
vt 0.125766 0.849960
vt 0.904383 0.816599
vt 0.908416 0.815739
vt 0.907803 0.824555
vt 0.904711 0.820663
vt 0.912448 0.814879
vt 0.912448 0.822961
vt 0.904868 0.830126
vt 0.905040 0.824728
vt 0.129724 0.916451
vt 0.131137 0.896583
vt 0.132131 0.946053
vt 0.124762 0.897608
vt 0.127441 0.898233
vt 0.127083 0.957981
vt 0.121259 0.957374
vt 0.113669 0.969087
vt 0.110386 0.968695
vt 0.862285 0.821972
vt 0.862285 0.830574
vt 0.108789 0.973555
vt 0.106568 0.973306
vt 0.103910 0.978023
vt 0.102749 0.977917
vt 0.116289 0.463878
vt 0.121318 0.420840
vt 0.123683 0.383575
vt 0.126048 0.346309
vt 0.130064 0.318590
vt 0.137741 0.255126
vt 0.140504 0.221986
vt 0.140966 0.215747
vt 0.143345 0.198004
vt 0.977986 0.714834
vt 0.977983 0.708147
s 0
usemtl BaseMat
f 258/1/1 1291/2/1 2383/3/1 812/4/1
f 286/5/1 1330/6/1 2383/3/1 1291/2/1
f 263/7/1 1283/8/1 2383/3/1 1330/6/1
f 4/9/1 806/10/1 2383/3/1 1283/8/1
f 7/11/1 812/4/1 2383/3/1 806/10/1
f 262/12/2 1290/13/2 2384/14/2 990/15/2
f 1290/13/3 257/16/3 805/17/3 2384/14/3
f 2384/14/4 805/17/4 3/18/4 962/19/4
f 990/15/5 2384/14/5 962/19/5 88/20/5
f 26/21/6 857/22/6 2385/23/6 860/24/6
f 857/22/7 29/25/7 1062/26/7 2385/23/7
f 2385/23/8 1062/26/8 132/27/8 1051/28/8
f 860/24/9 2385/23/9 1051/28/9 131/29/9
f 3/30/10 810/31/10 2386/32/10 826/33/10
f 810/31/11 6/34/11 825/35/11 2386/32/11
f 2386/32/11 825/35/11 14/36/11 823/37/11
f 826/33/12 2386/32/12 823/37/12 11/38/12
f 257/39/13 1289/40/13 2387/41/13 805/42/13
f 1289/40/14 259/43/14 814/44/14 2387/41/14
f 2387/41/14 814/44/14 6/34/14 810/31/14
f 805/42/13 2387/41/13 810/31/13 3/30/13
f 192/45/15 856/46/15 2388/47/15 1183/48/15
f 856/46/16 32/49/16 1061/50/16 2388/47/16
f 2388/47/17 1061/50/17 133/51/17 1050/52/17
f 1183/48/18 2388/47/18 1050/52/18 205/53/18
f 311/54/19 1398/55/19 2389/56/19 989/57/19
f 1398/55/20 307/58/20 815/59/20 2389/56/20
f 2389/56/21 815/59/21 8/60/21 964/61/21
f 989/57/22 2389/56/22 964/61/22 90/62/22
f 308/63/23 1397/64/23 2390/65/23 817/66/23
f 340/67/24 1435/68/24 2390/65/24 1397/64/24
f 314/69/25 1379/70/25 2390/65/25 1435/68/25
f 9/71/26 820/72/26 2390/65/26 1379/70/26
f 10/73/26 817/66/26 2390/65/26 820/72/26
f 103/74/27 1003/75/27 2391/76/27 992/77/27
f 1003/75/27 102/78/27 824/79/27 2391/76/27
f 2391/76/27 824/79/27 16/80/27 829/81/27
f 992/77/27 2391/76/27 829/81/27 17/82/27
f 7/11/28 806/10/28 2392/83/28 828/84/28
f 806/10/28 4/9/28 827/85/28 2392/83/28
f 2392/83/28 827/85/28 12/86/28 822/87/28
f 828/84/28 2392/83/28 822/87/28 13/88/28
f 88/20/29 962/19/29 2393/89/29 988/90/29
f 962/19/30 3/18/30 826/91/30 2393/89/30
f 2393/89/31 826/91/31 11/92/31 965/93/31
f 988/90/32 2393/89/32 965/93/32 91/94/32
f 17/82/33 829/81/33 2394/95/33 839/96/33
f 829/81/33 16/80/33 831/97/33 2394/95/33
f 2394/95/33 831/97/33 20/98/33 836/99/33
f 839/96/33 2394/95/33 836/99/33 21/100/33
f 105/101/34 1002/102/34 2395/103/34 994/104/34
f 1002/102/35 104/105/35 833/106/35 2395/103/35
f 2395/103/35 833/106/35 18/107/35 830/108/35
f 994/104/36 2395/103/36 830/108/36 15/109/36
f 108/110/37 1001/111/37 2396/112/37 1644/113/37
f 105/114/38 994/115/38 2396/112/38 1001/111/38
f 15/116/39 963/117/39 2396/112/39 994/115/39
f 89/118/40 987/119/40 2396/112/40 963/117/40
f 452/120/41 1644/113/41 2396/112/41 987/119/41
f 19/121/42 837/122/42 2397/123/42 908/124/42
f 837/122/43 22/125/43 907/126/43 2397/123/43
f 2397/123/43 907/126/43 57/127/43 903/128/43
f 908/124/44 2397/123/44 903/128/44 56/129/44
f 89/118/45 963/117/45 2398/130/45 986/131/45
f 963/117/46 15/116/46 840/132/46 2398/130/46
f 2398/130/47 840/132/47 19/133/47 966/134/47
f 986/131/48 2398/130/48 966/134/48 92/135/48
f 15/109/49 830/108/49 2399/136/49 840/137/49
f 830/108/50 18/107/50 841/138/50 2399/136/50
f 2399/136/50 841/138/50 22/125/50 837/122/50
f 840/137/51 2399/136/51 837/122/51 19/121/51
f 153/139/52 1100/140/52 2400/141/52 1030/142/52
f 1100/140/53 155/143/53 809/144/53 2400/141/53
f 2400/141/54 809/144/54 221/145/54 1202/146/54
f 1030/142/55 2400/141/55 1202/146/55 208/147/55
f 237/148/56 803/149/56 2401/150/56 1277/151/56
f 803/149/57 2/152/57 845/153/57 2401/150/57
f 2401/150/58 845/153/58 24/154/58 842/155/58
f 1277/151/59 2401/150/59 842/155/59 243/156/59
f 24/157/60 845/158/60 2402/159/60 858/160/60
f 845/158/60 2/161/60 855/162/60 2402/159/60
f 2402/159/60 855/162/60 209/163/60 1188/164/60
f 858/160/60 2402/159/60 1188/164/60 211/165/60
f 121/166/61 1040/167/61 2403/168/61 1060/169/61
f 1040/167/62 122/170/62 807/171/62 2403/168/62
f 2403/168/63 807/171/63 134/172/63 1059/173/63
f 1060/169/64 2403/168/64 1059/173/64 137/174/64
f 243/156/65 842/155/65 2404/175/65 1276/176/65
f 842/155/66 24/154/66 851/177/66 2404/175/66
f 2404/175/67 851/177/67 27/178/67 846/179/67
f 1276/176/68 2404/175/68 846/179/68 244/180/68
f 154/181/69 1086/182/69 2405/183/69 1099/184/69
f 1086/182/70 1/185/70 818/186/70 2405/183/70
f 2405/183/71 818/186/71 128/187/71 1091/188/71
f 1099/184/72 2405/183/72 1091/188/72 159/189/72
f 459/190/73 1652/191/73 2406/192/73 1016/193/73
f 1652/191/74 135/194/74 1654/195/74 2406/192/74
f 2406/192/75 1654/195/75 460/196/75 1025/197/75
f 1016/193/76 2406/192/76 1025/197/76 115/198/76
f 123/199/77 1039/200/77 2407/201/77 843/202/77
f 1039/200/78 124/203/78 848/204/78 2407/201/78
f 2407/201/79 848/204/79 219/205/79 1200/206/79
f 843/202/80 2407/201/80 1200/206/80 220/207/80
f 244/208/81 846/209/81 2408/210/81 1275/211/81
f 846/209/82 27/212/82 859/213/82 2408/210/82
f 2408/210/83 859/213/83 30/214/83 853/215/83
f 1275/211/84 2408/210/84 853/215/84 246/216/84
f 122/170/85 1040/167/85 2409/217/85 1029/218/85
f 1040/167/86 121/166/86 862/219/86 2409/217/86
f 2409/217/87 862/219/87 35/220/87 866/221/87
f 1029/218/88 2409/217/88 866/221/88 37/222/88
f 30/214/89 859/213/89 2410/223/89 1182/224/89
f 859/213/89 27/212/89 850/225/89 2410/223/89
f 2410/223/89 850/225/89 212/226/89 1194/227/89
f 1182/224/89 2410/223/89 1194/227/89 214/228/89
f 256/229/90 1257/230/90 2411/231/90 1274/232/90
f 1257/230/91 201/233/91 1169/234/91 2411/231/91
f 2411/231/92 1169/234/92 33/235/92 849/236/92
f 1274/232/93 2411/231/93 849/236/93 245/237/93
f 36/238/94 867/238/94 2412/239/94 875/240/94
f 867/241/95 38/241/95 874/242/95 2412/242/95
f 2412/243/96 874/243/96 42/243/96 873/243/96
f 875/243/96 2412/243/96 873/243/96 40/243/96
f 124/203/97 1039/200/97 2413/244/97 1031/245/97
f 1039/200/97 123/199/97 869/246/97 2413/244/97
f 2413/244/97 869/246/97 38/247/97 867/247/97
f 1031/245/97 2413/244/97 867/247/97 36/247/97
f 254/248/98 1255/249/98 2414/250/98 1273/251/98
f 1255/249/99 124/203/99 1031/245/99 2414/250/99
f 2414/250/100 1031/245/100 36/247/100 865/252/100
f 1273/251/101 2414/250/101 865/252/101 247/253/101
f 40/243/96 873/243/96 2415/243/96 1263/243/96
f 873/243/96 42/243/96 1475/243/96 2415/243/96
f 2415/243/96 1475/243/96 356/243/96 1459/243/96
f 1263/243/96 2415/243/96 1459/243/96 353/243/96
f 247/253/102 865/252/102 2416/254/102 1272/255/102
f 865/252/103 36/247/103 875/256/103 2416/254/103
f 2416/257/104 875/258/104 40/259/104 871/260/104
f 1272/261/105 2416/257/105 871/260/105 248/262/105
f 37/222/106 866/221/106 2417/263/106 868/264/106
f 866/221/106 35/220/106 876/265/106 2417/263/106
f 2417/263/106 876/265/106 39/266/106 872/267/106
f 868/264/106 2417/263/106 872/267/106 41/268/106
f 430/269/107 888/270/107 2418/271/107 1642/272/107
f 888/270/108 54/273/108 890/274/108 2418/271/108
f 2418/271/109 890/274/109 55/275/109 889/276/109
f 1642/272/110 2418/271/110 889/276/110 431/277/110
f 375/278/111 942/279/111 2419/280/111 1527/281/111
f 942/279/112 83/282/112 1473/283/112 2419/280/112
f 2419/280/113 1473/283/113 362/284/113 1464/285/113
f 1527/281/114 2419/280/114 1464/285/114 388/286/114
f 439/287/115 1601/288/115 2420/289/115 1641/290/115
f 1601/288/116 125/291/116 892/292/116 2420/289/116
f 2420/289/117 892/292/117 54/273/117 888/270/117
f 1641/290/118 2420/289/118 888/270/118 430/269/118
f 441/293/119 1603/294/119 2421/295/119 1640/296/119
f 1603/294/120 202/297/120 893/298/120 2421/295/120
f 2421/295/121 893/298/121 52/299/121 886/300/121
f 1640/296/122 2421/295/122 886/300/122 428/301/122
f 427/302/123 885/303/123 2422/304/123 1639/305/123
f 885/303/124 51/306/124 894/307/124 2422/304/124
f 2422/304/125 894/307/125 53/308/125 887/309/125
f 1639/305/126 2422/304/126 887/309/126 429/310/126
f 426/311/127 884/312/127 2423/313/127 1638/314/127
f 884/312/128 50/315/128 895/316/128 2423/313/128
f 2423/313/129 895/316/129 51/306/129 885/303/129
f 1638/314/130 2423/313/130 885/303/130 427/302/130
f 420/317/131 877/318/131 2424/319/131 1637/320/131
f 877/318/132 43/321/132 896/322/132 2424/319/132
f 2424/319/133 896/322/133 50/315/133 884/312/133
f 1637/320/134 2424/319/134 884/312/134 426/311/134
f 366/323/135 1479/324/135 2425/325/135 1526/326/135
f 1479/324/136 45/327/136 897/328/136 2425/325/136
f 2425/325/137 897/328/137 48/329/137 1482/330/137
f 1526/326/138 2425/325/138 1482/330/138 369/331/138
f 369/331/139 1482/330/139 2426/332/139 1525/333/139
f 1482/330/140 48/329/140 921/334/140 2426/332/140
f 2426/332/141 921/334/141 64/335/141 1489/336/141
f 1525/333/142 2426/332/142 1489/336/142 376/337/142
f 379/338/143 1492/339/143 2427/340/143 1524/341/143
f 106/342/144 1647/343/144 2427/340/144 1492/339/144
f 455/344/145 899/345/145 2427/340/145 1647/343/145
f 45/327/146 1479/324/146 2427/340/146 899/345/146
f 366/323/147 1524/341/147 2427/340/147 1479/324/147
f 365/346/148 1478/347/148 2428/348/148 1523/349/148
f 1478/347/149 44/350/149 900/351/149 2428/348/149
f 2428/348/150 900/351/150 47/352/150 1481/353/150
f 1523/349/151 2428/348/151 1481/353/151 368/354/151
f 386/355/152 1499/356/152 2429/357/152 1522/358/152
f 1499/356/153 309/359/153 901/360/153 2429/357/153
f 2429/357/154 901/360/154 46/361/154 1480/362/154
f 1522/358/155 2429/357/155 1480/362/155 367/363/155
f 384/364/156 1497/365/156 2430/366/156 1521/367/156
f 1497/365/157 260/368/157 902/369/157 2430/366/157
f 2430/366/158 902/369/158 44/350/158 1478/347/158
f 1521/367/159 2430/366/159 1478/347/159 365/346/159
f 59/370/160 906/371/160 2431/372/160 915/373/160
f 906/371/160 58/374/160 914/375/160 2431/372/160
f 2431/372/161 914/375/161 62/376/161 913/377/161
f 915/373/160 2431/372/160 913/377/160 63/378/160
f 49/379/162 898/380/162 2432/381/162 909/382/162
f 898/380/162 48/383/162 883/384/162 2432/381/162
f 2432/381/162 883/384/162 58/374/162 906/371/162
f 909/382/162 2432/381/162 906/371/162 59/370/162
f 92/135/163 966/134/163 2433/385/163 978/386/163
f 966/134/164 19/133/164 908/387/164 2433/385/164
f 2433/385/165 908/387/165 56/388/165 973/389/165
f 978/386/166 2433/385/166 973/389/166 99/390/166
f 100/391/167 974/392/167 2434/393/167 977/394/167
f 974/392/168 60/395/168 910/396/168 2434/393/168
f 2434/393/167 910/396/167 61/397/167 975/398/167
f 977/394/167 2434/393/167 975/398/167 101/399/167
f 99/390/169 973/389/169 2435/400/169 976/401/169
f 973/389/170 56/388/170 916/402/170 2435/400/170
f 2435/400/171 916/402/171 60/403/171 974/404/171
f 976/401/172 2435/400/172 974/404/172 100/405/172
f 56/129/173 903/128/173 2436/406/173 916/407/173
f 903/128/174 57/127/174 905/408/174 2436/406/174
f 2436/406/174 905/408/174 61/409/174 910/410/174
f 916/407/175 2436/406/175 910/410/175 60/411/175
f 376/337/176 1489/336/176 2437/412/176 1520/413/176
f 1489/336/177 64/335/177 919/414/177 2437/412/177
f 2437/412/178 919/414/178 68/415/178 1490/416/178
f 1520/413/179 2437/412/179 1490/416/179 377/417/179
f 48/418/180 898/419/180 2438/420/180 921/421/180
f 898/419/180 49/422/180 923/423/180 2438/420/180
f 2438/420/180 923/423/180 67/424/180 920/425/180
f 921/421/180 2438/420/180 920/425/180 64/426/180
f 21/100/181 836/99/181 2439/427/181 838/428/181
f 836/99/181 20/98/181 922/429/181 2439/427/181
f 2439/427/181 922/429/181 65/430/181 918/431/181
f 838/428/181 2439/427/181 918/431/181 66/432/181
f 377/433/182 1490/434/182 2440/435/182 1519/436/182
f 1490/434/182 68/437/182 927/438/182 2440/435/182
f 2440/435/182 927/438/182 71/439/182 1491/440/182
f 1519/436/182 2440/435/182 1491/440/182 378/441/182
f 64/426/183 920/425/183 2441/442/183 919/443/183
f 920/425/183 67/424/183 929/444/183 2441/442/183
f 2441/442/183 929/444/183 71/445/183 927/446/183
f 919/443/183 2441/442/183 927/446/183 68/447/183
f 66/448/184 918/449/184 2442/450/184 930/451/184
f 918/449/184 65/452/184 928/453/184 2442/450/184
f 2442/450/184 928/453/184 69/454/184 925/455/184
f 930/451/184 2442/450/184 925/455/184 70/456/184
f 250/457/182 1251/458/182 2443/459/182 1271/460/182
f 1251/458/182 85/461/182 946/462/182 2443/459/182
f 2443/459/182 946/462/182 86/463/182 1252/464/182
f 1271/460/182 2443/459/182 1252/464/182 251/465/182
f 249/466/185 1250/467/185 2444/468/185 1270/469/185
f 1250/467/186 84/470/186 947/471/186 2444/468/186
f 2444/468/187 947/471/187 85/461/187 1251/458/187
f 1270/469/188 2444/468/188 1251/458/188 250/457/188
f 264/472/189 1287/473/189 2445/474/189 1269/475/189
f 1287/473/190 261/476/190 948/477/190 2445/474/190
f 2445/474/191 948/477/191 73/478/191 1239/479/191
f 1269/475/192 2445/474/192 1239/479/192 238/480/192
f 320/481/193 1395/482/193 2446/483/193 1268/484/193
f 1395/482/194 310/485/194 949/486/194 2446/483/194
f 2446/483/195 949/486/195 75/487/195 1241/488/195
f 1268/484/196 2446/483/196 1241/488/196 240/489/196
f 238/480/197 1239/479/197 2447/490/197 1267/491/197
f 1239/479/198 73/478/198 950/492/198 2447/490/198
f 2447/490/199 950/492/199 76/493/199 1242/494/199
f 1267/491/200 2447/490/200 1242/494/200 241/495/200
f 252/496/201 1253/497/201 2448/498/201 1266/499/201
f 1253/497/202 107/500/202 951/501/202 2448/498/202
f 2448/498/203 951/501/203 74/502/203 1240/503/203
f 1266/499/204 2448/498/204 1240/503/204 239/504/204
f 242/505/205 1243/506/205 2449/507/205 1265/508/205
f 1243/506/206 77/509/206 952/510/206 2449/507/206
f 2449/511/207 952/512/207 84/513/207 1250/514/207
f 1265/515/208 2449/511/208 1250/514/208 249/516/208
f 239/504/209 1240/503/209 2450/517/209 1264/518/209
f 1240/503/210 74/502/210 953/519/210 2450/517/210
f 2450/517/211 953/519/211 77/509/211 1243/506/211
f 1264/518/212 2450/517/212 1243/506/212 242/505/212
f 83/282/213 1249/520/213 2451/521/213 1473/283/213
f 1249/520/214 248/262/214 985/522/214 2451/521/214
f 2451/521/215 985/522/215 352/523/215 1470/524/215
f 1473/283/216 2451/521/216 1470/524/216 362/284/216
f 374/525/217 941/526/217 2452/527/217 1518/528/217
f 941/526/218 82/529/218 955/530/218 2452/527/218
f 2452/527/219 955/530/219 83/282/219 942/279/219
f 1518/528/220 2452/527/220 942/279/220 375/278/220
f 381/531/221 1494/532/221 2453/533/221 1517/534/221
f 1494/532/222 126/535/222 956/536/222 2453/533/222
f 2453/533/223 956/536/223 82/529/223 941/526/223
f 1517/534/224 2453/533/224 941/526/224 374/525/224
f 383/537/225 1496/538/225 2454/539/225 1516/540/225
f 1496/538/226 203/541/226 957/542/226 2454/539/226
f 2454/539/227 957/542/227 80/543/227 939/544/227
f 1516/540/228 2454/539/228 939/544/228 372/545/228
f 371/546/229 938/547/229 2455/548/229 1515/549/229
f 938/547/230 79/550/230 958/551/230 2455/548/230
f 2455/548/231 958/551/231 81/552/231 940/553/231
f 1515/549/232 2455/548/232 940/553/232 373/554/232
f 370/555/233 937/556/233 2456/557/233 1514/558/233
f 937/556/234 78/559/234 959/560/234 2456/557/234
f 2456/557/235 959/560/235 79/550/235 938/547/235
f 1514/558/236 2456/557/236 938/547/236 371/546/236
f 364/561/237 931/562/237 2457/563/237 1513/564/237
f 931/562/238 72/565/238 960/566/238 2457/563/238
f 2457/563/239 960/566/239 78/559/239 937/556/239
f 1513/564/240 2457/563/240 937/556/240 370/555/240
f 432/567/241 1594/568/241 2458/569/241 1636/570/241
f 1594/568/242 99/390/242 976/401/242 2458/569/242
f 2458/569/243 976/401/243 100/405/243 1595/571/243
f 1636/570/244 2458/569/244 1595/571/244 433/572/244
f 433/573/167 1595/574/167 2459/575/167 1635/576/167
f 1595/574/167 100/391/167 977/394/167 2459/575/167
f 2459/575/167 977/394/167 101/399/167 1596/577/167
f 1635/576/167 2459/575/167 1596/577/167 434/578/167
f 425/579/245 1587/580/245 2460/581/245 1634/582/245
f 1587/580/246 92/135/246 978/386/246 2460/581/246
f 2460/581/247 978/386/247 99/390/247 1594/568/247
f 1634/582/248 2460/581/248 1594/568/248 432/567/248
f 1/583/249 961/584/249 2461/585/249 844/586/249
f 961/584/250 87/587/250 979/588/250 2461/585/250
f 2461/585/251 979/588/251 93/589/251 967/590/251
f 844/586/252 2461/585/252 967/590/252 23/591/252
f 23/591/253 967/590/253 2462/592/253 852/593/253
f 967/590/254 93/589/254 980/594/254 2462/592/254
f 2462/592/255 980/594/255 94/595/255 968/596/255
f 852/593/256 2462/592/256 968/596/256 26/597/256
f 26/597/257 968/596/257 2463/598/257 857/599/257
f 968/596/258 94/595/258 981/600/258 2463/598/258
f 2463/598/259 981/600/259 96/601/259 970/602/259
f 857/599/260 2463/598/260 970/602/260 29/603/260
f 192/604/261 1178/605/261 2464/606/261 856/607/261
f 1178/605/262 204/608/262 982/609/262 2464/606/262
f 2464/606/263 982/609/263 95/610/263 969/611/263
f 856/607/264 2464/606/264 969/611/264 32/612/264
f 121/613/265 1035/614/265 2465/615/265 862/616/265
f 1035/614/266 127/617/266 983/618/266 2465/615/266
f 2465/615/266 983/618/266 97/619/266 971/620/266
f 862/616/267 2465/615/267 971/620/267 35/621/267
f 35/621/268 971/620/268 2466/622/268 876/623/268
f 971/620/269 97/619/269 984/624/269 2466/622/269
f 2466/622/270 984/624/270 98/625/270 972/626/270
f 876/623/271 2466/622/271 972/626/271 39/627/271
f 41/268/272 872/267/272 2467/628/272 891/629/272
f 872/267/272 39/266/272 954/630/272 2467/628/272
f 2467/628/272 954/630/272 355/631/272 1458/632/272
f 891/629/272 2467/628/272 1458/632/272 354/633/272
f 422/634/273 1584/635/273 2468/636/273 1633/637/273
f 453/638/274 1645/639/274 2468/636/274 1584/635/274
f 89/118/275 986/131/275 2468/636/275 1645/639/275
f 92/135/276 1587/580/276 2468/636/276 986/131/276
f 425/579/277 1633/637/277 2468/636/277 1587/580/277
f 422/640/278 1646/641/278 2469/642/278 1632/643/278
f 454/644/279 879/645/279 2469/642/279 1646/641/279
f 45/646/280 1012/647/280 2469/642/280 879/645/280
f 110/648/281 1004/649/281 2469/642/281 1012/647/281
f 435/650/282 1632/643/282 2469/642/282 1004/649/282
f 421/651/283 1583/652/283 2470/653/283 1631/654/283
f 88/20/284 988/90/284 2470/653/284 1583/652/284
f 91/94/285 1650/655/285 2470/653/285 988/90/285
f 458/656/286 1586/657/286 2470/653/286 1650/655/286
f 424/658/287 1631/654/287 2470/653/287 1586/657/287
f 444/659/288 1606/660/288 2471/661/288 1630/662/288
f 1606/660/289 311/54/289 989/57/289 2471/661/289
f 2471/661/290 989/57/290 90/62/290 1585/663/290
f 1630/662/291 2471/661/291 1585/663/291 423/664/291
f 442/665/292 1604/666/292 2472/667/292 1629/668/292
f 1604/666/293 262/12/293 990/15/293 2472/667/293
f 2472/667/294 990/15/294 88/20/294 1583/652/294
f 1629/668/295 2472/667/295 1583/652/295 421/651/295
f 91/669/296 1643/670/296 2473/671/296 1011/672/296
f 451/673/297 997/674/297 2473/671/297 1643/670/297
f 108/675/298 998/676/298 2473/671/298 997/674/298
f 114/677/299 1009/678/299 2473/671/299 998/676/299
f 111/679/300 1011/672/300 2473/671/300 1009/678/300
f 241/495/301 1242/494/301 2474/680/301 1262/681/301
f 1242/494/302 76/493/302 996/682/302 2474/680/302
f 2474/680/303 996/682/303 107/500/303 1253/497/303
f 1262/681/304 2474/680/304 1253/497/304 252/496/304
f 368/354/305 1481/353/305 2475/683/305 1512/684/305
f 47/352/306 1648/685/306 2475/683/306 1481/353/306
f 456/686/307 995/687/307 2475/683/307 1648/685/307
f 106/342/308 1492/339/308 2475/683/308 995/687/308
f 379/338/309 1512/684/309 2475/683/309 1492/339/309
f 91/94/310 965/93/310 2476/688/310 1643/689/310
f 11/92/311 834/690/311 2476/688/311 965/93/311
f 105/114/312 1001/111/312 2476/688/312 834/690/312
f 108/110/313 997/691/313 2476/688/313 1001/111/313
f 451/692/314 1643/689/314 2476/688/314 997/691/314
f 11/38/315 823/37/315 2477/693/315 834/694/315
f 823/37/35 14/36/35 993/695/35 2477/693/35
f 2477/693/35 993/695/35 104/105/35 1002/102/35
f 834/694/316 2477/693/316 1002/102/316 105/101/316
f 13/88/27 822/87/27 2478/696/27 832/697/27
f 822/87/27 12/86/27 991/698/27 2478/696/27
f 2478/696/27 991/698/27 102/78/27 1003/75/27
f 832/697/27 2478/696/27 1003/75/27 103/74/27
f 437/699/317 1599/700/317 2479/701/317 1628/702/317
f 1599/700/318 114/703/318 1007/704/318 2479/701/318
f 2479/701/319 1007/704/319 109/705/319 1597/706/319
f 1628/702/320 2479/701/320 1597/706/320 435/707/320
f 436/708/321 1598/709/321 2480/710/321 1627/711/321
f 1598/709/322 111/712/322 1009/713/322 2480/710/322
f 2480/710/323 1009/713/323 114/703/323 1599/700/323
f 1627/711/324 2480/710/324 1599/700/324 437/699/324
f 106/714/325 995/715/325 2481/716/325 1015/717/325
f 456/718/326 1648/719/326 2481/716/326 995/715/326
f 47/720/327 1014/721/327 2481/716/327 1648/719/327
f 112/722/328 1008/723/328 2481/716/328 1014/721/328
f 113/724/329 1015/717/329 2481/716/329 1008/723/329
f 108/675/330 1644/725/330 2482/726/330 998/676/330
f 452/120/331 987/119/331 2482/727/331 1644/113/331
f 89/728/332 1013/729/332 2482/726/332 987/730/332
f 109/731/333 1007/732/333 2482/726/333 1013/729/333
f 114/677/334 998/676/334 2482/726/334 1007/732/334
f 45/733/335 899/734/335 2483/735/335 1012/736/335
f 455/737/336 1647/738/336 2483/735/336 899/734/336
f 106/714/337 1015/717/337 2483/735/337 1647/738/337
f 113/724/338 1006/739/338 2483/735/338 1015/717/338
f 110/740/339 1012/736/339 2483/735/339 1006/739/339
f 424/741/340 1586/742/340 2484/743/340 1626/744/340
f 458/745/341 1650/746/341 2484/743/341 1586/742/341
f 91/747/342 1011/748/342 2484/743/342 1650/746/342
f 111/749/343 1598/750/343 2484/743/343 1011/748/343
f 436/751/344 1626/744/344 2484/743/344 1598/750/344
f 443/752/345 1605/753/345 2485/754/345 1625/755/345
f 1605/753/346 270/756/346 1021/757/346 2485/754/346
f 2485/754/347 1021/757/347 120/758/347 1600/759/347
f 1625/755/348 2485/754/348 1600/759/348 438/760/348
f 278/761/349 1317/762/349 2486/763/349 1261/764/349
f 1317/762/350 269/765/350 1020/766/350 2486/763/350
f 2486/763/351 1020/766/351 119/767/351 1254/768/351
f 1261/764/352 2486/763/352 1254/768/352 253/769/352
f 385/770/353 1498/771/353 2487/772/353 1511/773/353
f 1498/771/354 268/774/354 1019/775/354 2487/772/354
f 2487/772/355 1019/775/355 118/776/355 1493/777/355
f 1511/773/356 2487/772/356 1493/777/356 380/778/356
f 266/779/357 1293/780/357 2488/781/357 1315/782/357
f 1293/780/358 8/783/358 847/784/358 2488/781/358
f 2488/781/359 847/784/359 129/785/359 1298/786/359
f 1315/782/360 2488/781/360 1298/786/360 271/787/360
f 270/756/361 1314/788/361 2489/789/361 1021/757/361
f 266/790/362 1651/791/362 2489/789/362 1314/788/362
f 459/792/363 1016/793/363 2489/789/363 1651/791/363
f 115/794/364 1026/795/364 2489/789/364 1016/793/364
f 120/758/365 1021/757/365 2489/789/365 1026/795/365
f 287/796/366 1334/797/366 2490/798/366 1292/799/366
f 1334/797/367 284/800/367 1336/801/367 2490/798/367
f 2490/798/368 1336/801/368 288/802/368 1335/803/368
f 1292/799/369 2490/798/369 1335/803/369 265/804/369
f 32/612/370 969/611/370 2491/805/370 1028/806/370
f 969/611/266 95/610/266 1034/807/266 2491/805/266
f 2491/805/266 1034/807/266 127/617/266 1035/614/266
f 1028/806/371 2491/805/371 1035/614/371 121/613/371
f 372/545/372 939/544/372 2492/808/372 1510/809/372
f 939/544/373 80/543/373 1033/810/373 2492/808/373
f 2492/808/374 1033/810/374 126/535/374 1494/532/374
f 1510/809/375 2492/808/375 1494/532/375 381/531/375
f 428/301/376 886/300/376 2493/811/376 1624/812/376
f 886/300/377 52/299/377 1032/813/377 2493/811/377
f 2493/811/378 1032/813/378 125/291/378 1601/288/378
f 1624/812/379 2493/811/379 1601/288/379 439/287/379
f 245/237/380 849/236/380 2494/814/380 1260/815/380
f 849/236/381 33/235/381 870/816/381 2494/814/381
f 2494/814/382 870/816/382 124/203/382 1255/249/382
f 1260/815/383 2494/814/383 1255/249/383 254/248/383
f 2/161/384 808/817/384 2495/818/384 855/162/384
f 808/817/385 153/139/385 1030/142/385 2495/818/385
f 2495/818/386 1030/142/386 208/147/386 1184/819/386
f 855/162/387 2495/818/387 1184/819/387 209/163/387
f 23/820/388 852/821/388 2496/822/388 854/823/388
f 852/821/389 26/21/389 860/24/389 2496/822/389
f 2496/822/390 860/24/390 131/29/390 1048/824/390
f 854/823/391 2496/822/391 1048/824/391 130/825/391
f 159/826/392 1091/827/392 2497/828/392 1095/829/392
f 1091/827/392 128/830/392 1043/831/392 2497/828/392
f 2497/828/392 1043/831/392 138/832/392 1092/833/392
f 1095/829/393 2497/828/393 1092/833/393 160/834/393
f 137/835/394 1059/836/394 2498/837/394 1045/838/394
f 1059/836/395 134/839/395 1041/840/395 2498/837/395
f 2498/837/396 1041/840/396 149/841/396 1084/842/396
f 1045/838/397 2498/837/397 1084/842/397 152/843/397
f 128/830/398 1046/844/398 2499/845/398 1043/831/398
f 1046/844/399 130/846/399 1052/847/399 2499/845/399
f 2499/845/400 1052/847/400 142/848/400 1069/849/400
f 1043/831/401 2499/845/401 1069/849/401 138/832/401
f 133/850/402 1058/851/402 2500/852/402 1056/853/402
f 1058/851/402 137/835/402 1045/838/402 2500/852/402
f 2500/852/403 1045/838/403 152/843/403 1083/854/403
f 1056/853/403 2500/852/403 1083/854/403 147/855/403
f 131/856/404 1051/857/404 2501/858/404 1044/859/404
f 1051/857/405 132/860/405 1053/861/405 2501/858/405
f 2501/858/406 1053/861/406 146/862/406 1075/863/406
f 1044/859/407 2501/858/407 1075/863/407 144/864/407
f 136/865/408 1057/866/408 2502/867/408 1047/868/408
f 1057/866/409 135/869/409 1049/870/409 2502/867/409
f 2502/867/410 1049/870/410 150/871/410 1082/872/410
f 1047/868/411 2502/867/411 1082/872/411 151/873/411
f 205/874/412 1050/875/412 2503/876/412 1177/877/412
f 1050/875/413 133/850/413 1056/853/413 2503/876/413
f 2503/876/414 1056/853/414 147/855/414 1074/878/414
f 1177/877/415 2503/876/415 1074/878/415 206/879/415
f 1/185/416 844/880/416 2504/881/416 818/186/416
f 844/880/417 23/820/417 854/823/417 2504/881/417
f 2504/881/418 854/823/418 130/825/418 1046/882/418
f 818/186/419 2504/881/419 1046/882/419 128/187/419
f 32/49/420 1028/883/420 2505/884/420 1061/50/420
f 1028/883/421 121/166/421 1060/169/421 2505/884/421
f 2505/884/422 1060/169/422 137/174/422 1058/885/422
f 1061/50/423 2505/884/423 1058/885/423 133/51/423
f 142/886/424 1067/887/424 2506/888/424 1093/889/424
f 1067/887/425 141/890/425 1109/891/425 2506/888/425
f 2506/888/426 1109/891/426 164/892/426 1103/893/426
f 1093/889/427 2506/888/427 1103/893/427 165/894/427
f 160/895/428 1094/896/428 2507/897/428 1065/898/428
f 1094/896/429 161/899/429 1129/900/429 2507/897/429
f 2507/897/430 1129/900/430 181/901/430 1135/902/430
f 1065/898/431 2507/897/431 1135/902/431 179/903/431
f 143/904/432 1071/905/432 2508/906/432 1076/907/432
f 1071/905/433 144/908/433 1075/909/433 2508/906/433
f 2508/906/434 1075/909/434 146/910/434 1073/911/434
f 1076/907/435 2508/906/435 1073/911/435 145/912/435
f 141/890/436 1067/887/436 2509/913/436 1068/914/436
f 1067/887/437 142/886/437 1072/915/437 2509/913/437
f 2509/913/438 1072/915/438 144/908/438 1071/905/438
f 1068/914/439 2509/913/439 1071/905/439 143/904/439
f 207/916/440 1176/917/440 2510/918/440 1175/919/440
f 1176/917/441 206/920/441 1074/921/441 2510/918/441
f 2510/918/442 1074/921/442 147/922/442 1077/923/442
f 1175/919/443 2510/918/443 1077/923/443 148/924/443
f 150/925/444 1130/926/444 2511/927/444 1082/928/444
f 178/929/444 1081/930/444 2511/927/444 1130/926/444
f 151/931/444 1082/928/444 2511/927/444 1081/930/444
f 148/932/445 1077/933/445 2512/934/445 1079/935/445
f 1077/933/446 147/855/446 1083/854/446 2512/934/446
f 2512/934/447 1083/854/447 152/843/447 1084/842/447
f 1079/935/448 2512/934/448 1084/842/448 149/841/448
f 130/846/449 1048/936/449 2513/937/449 1052/847/449
f 1048/936/450 131/856/450 1044/859/450 2513/937/450
f 2513/937/451 1044/859/451 144/864/451 1072/938/451
f 1052/847/452 2513/937/452 1072/938/452 142/848/452
f 271/939/453 1298/940/453 2514/941/453 1312/942/453
f 1298/940/454 129/943/454 1054/944/454 2514/941/454
f 2514/941/453 1054/944/453 139/945/453 1299/946/453
f 1312/942/454 2514/941/454 1299/946/454 272/947/454
f 138/832/455 1069/849/455 2515/948/455 1063/949/455
f 1069/849/456 142/848/456 1093/950/456 2515/948/456
f 2515/948/457 1093/950/457 165/951/457 1104/952/457
f 1063/949/458 2515/948/458 1104/952/458 163/953/458
f 327/954/459 1405/955/459 2516/956/459 1425/957/459
f 1405/955/393 159/826/393 1095/829/393 2516/956/393
f 2516/956/393 1095/829/393 160/834/393 1406/958/393
f 1425/957/459 2516/956/459 1406/958/459 328/959/459
f 420/317/460 1582/960/460 2517/961/460 1623/962/460
f 1582/960/461 87/587/461 1090/963/461 2517/961/461
f 2517/961/462 1090/963/462 158/964/462 1602/965/462
f 1623/962/463 2517/961/463 1602/965/463 440/966/463
f 237/148/464 1238/967/464 2518/968/464 1259/969/464
f 1238/967/465 72/565/465 1089/970/465 2518/968/465
f 2518/968/466 1089/970/466 157/971/466 1256/972/466
f 1259/969/467 2518/968/467 1256/972/467 255/973/467
f 364/561/468 1477/974/468 2519/975/468 1509/976/468
f 1477/974/469 43/321/469 1088/977/469 2519/975/469
f 2519/975/470 1088/977/470 156/978/470 1495/979/470
f 1509/976/471 2519/975/471 1495/979/471 382/980/471
f 322/981/472 1400/982/472 2520/983/472 1424/984/472
f 1400/982/473 154/181/473 1099/184/473 2520/983/473
f 2520/983/474 1099/184/474 159/189/474 1405/985/474
f 1424/984/475 2520/983/475 1405/985/475 327/986/475
f 27/212/476 851/987/476 2521/988/476 850/225/476
f 851/987/476 24/157/476 858/160/476 2521/988/476
f 2521/988/476 858/160/476 211/165/476 1191/989/476
f 850/225/476 2521/988/476 1191/989/476 212/226/476
f 87/587/477 961/584/477 2522/990/477 1090/963/477
f 961/584/478 1/583/478 1086/991/478 2522/990/478
f 2522/990/479 1086/991/479 154/992/479 1101/993/479
f 1090/963/480 2522/990/480 1101/993/480 158/964/480
f 166/994/481 1106/995/481 2523/996/481 1102/997/481
f 1106/995/481 163/953/481 1117/998/481 2523/996/481
f 2523/996/481 1117/998/481 168/999/481 1114/1000/481
f 1102/997/481 2523/996/481 1114/1000/481 171/1001/481
f 167/1002/482 1108/1003/482 2524/1004/482 1116/1005/482
f 1108/1003/483 166/1006/483 1102/1007/483 2524/1004/483
f 2524/1004/484 1102/1007/484 171/1008/484 1115/1009/484
f 1116/1005/485 2524/1004/485 1115/1009/485 172/1010/485
f 161/1011/486 1094/1012/486 2525/1013/486 1111/1014/486
f 1094/896/487 160/895/487 1110/1015/487 2525/1016/487
f 2525/1016/488 1110/1015/488 166/1006/488 1108/1003/488
f 1111/1014/489 2525/1013/489 1108/1017/489 167/1018/489
f 160/834/481 1092/833/481 2526/1019/481 1110/1020/481
f 1092/833/481 138/832/481 1063/949/481 2526/1019/481
f 2526/1019/481 1063/949/481 163/953/481 1106/995/481
f 1110/1020/481 2526/1019/481 1106/995/481 166/994/481
f 172/1021/490 1115/1022/490 2527/1023/490 1127/1024/490
f 1115/1022/491 171/1001/491 1126/1025/491 2527/1023/491
f 2527/1023/492 1126/1025/492 176/1026/492 1124/1027/492
f 1127/1024/493 2527/1023/493 1124/1027/493 177/1028/493
f 170/1029/494 1112/1030/494 2528/1031/494 1125/1032/494
f 1112/1030/495 169/1033/495 1070/1034/495 2528/1031/495
f 2528/1031/496 1070/1034/496 174/1035/496 1119/1036/496
f 1125/1032/497 2528/1031/497 1119/1036/497 175/1037/497
f 163/953/498 1104/952/498 2529/1038/498 1117/998/498
f 1104/952/499 165/951/499 1118/1039/499 2529/1038/499
f 2529/1038/500 1118/1039/500 170/1029/500 1113/1040/500
f 1117/998/501 2529/1038/501 1113/1040/501 168/999/501
f 165/1041/502 1103/1042/502 2530/1043/502 1118/1044/502
f 1103/1042/503 164/1045/503 1105/1046/503 2530/1043/503
f 2530/1047/504 1105/1048/504 169/1033/504 1112/1030/504
f 1118/1039/505 2530/1047/505 1112/1030/505 170/1029/505
f 162/1049/506 1107/1050/506 2531/1051/506 1121/1052/506
f 1107/1050/507 173/1053/507 1120/1054/507 2531/1051/507
f 2531/1051/508 1120/1054/508 175/1037/508 1119/1036/508
f 1121/1052/509 2531/1051/509 1119/1036/509 174/1035/509
f 173/1053/510 1107/1050/510 2532/1055/510 1122/1056/510
f 1107/1050/511 162/1049/511 1123/1057/511 2532/1055/511
f 2532/1055/512 1123/1057/512 177/1028/512 1124/1027/512
f 1122/1056/513 2532/1055/513 1124/1027/513 176/1026/513
f 171/1001/481 1114/1000/481 2533/1058/481 1126/1025/481
f 1114/1000/481 168/999/481 1128/1059/481 2533/1058/481
f 2533/1058/481 1128/1059/481 173/1053/481 1122/1056/481
f 1126/1025/481 2533/1058/481 1122/1056/481 176/1026/481
f 168/999/514 1113/1040/514 2534/1060/514 1128/1059/514
f 1113/1040/515 170/1029/515 1125/1032/515 2534/1060/515
f 2534/1060/516 1125/1032/516 175/1037/516 1120/1054/516
f 1128/1059/517 2534/1060/517 1120/1054/517 173/1053/517
f 272/947/518 1299/946/518 2535/1061/518 1311/1062/518
f 1299/946/519 139/945/519 1066/1063/519 2535/1061/519
f 2535/1061/520 1066/1063/520 180/1064/520 1300/1065/520
f 1311/1062/521 2535/1061/521 1300/1065/521 273/1066/521
f 329/1067/522 1407/1068/522 2536/1069/522 1423/1070/522
f 1407/1068/523 179/1071/523 1147/1072/523 2536/1069/523
f 2536/1069/524 1147/1072/524 140/1073/524 1408/1074/524
f 1423/1070/525 2536/1069/525 1408/1074/525 330/1075/525
f 179/1076/526 1135/1077/526 2537/1078/526 1147/1079/526
f 1135/1077/527 181/1080/527 1133/1081/527 2537/1078/527
f 2537/1078/528 1133/1081/528 186/1082/528 1144/1083/528
f 1147/1079/529 2537/1078/529 1144/1083/529 140/1084/529
f 178/929/530 1130/926/530 2538/1085/530 1139/1086/530
f 1130/926/531 150/925/531 1138/1087/531 2538/1085/531
f 2538/1085/532 1138/1087/532 183/1088/532 1137/1089/532
f 1139/1086/533 2538/1085/533 1137/1089/533 184/1090/533
f 328/959/534 1406/958/534 2539/1091/534 1422/1092/534
f 1406/958/534 160/834/534 1065/1093/534 2539/1091/534
f 2539/1091/534 1065/1093/534 179/1071/534 1407/1068/534
f 1422/1092/534 2539/1091/534 1407/1068/534 329/1067/534
f 140/1084/535 1144/1083/535 2540/1094/535 1158/1095/535
f 1144/1083/536 186/1082/536 1157/1096/536 2540/1094/536
f 2540/1094/537 1157/1096/537 191/1097/537 1153/1098/537
f 1158/1095/538 2540/1094/538 1153/1098/538 182/1099/538
f 189/1100/539 1146/1101/539 2541/1102/539 1156/1103/539
f 1146/1101/540 188/1104/540 1142/1105/540 2541/1102/540
f 2541/1102/541 1142/1105/541 193/1106/541 1155/1107/541
f 1156/1103/542 2541/1102/542 1155/1107/542 194/1108/542
f 273/1066/543 1300/1065/543 2542/1109/543 1310/1110/543
f 1300/1065/544 180/1064/544 1148/1111/544 2542/1109/544
f 2542/1109/545 1148/1111/545 185/1112/545 1301/1113/545
f 1310/1110/546 2542/1109/546 1301/1113/546 274/1114/546
f 184/1090/547 1137/1089/547 2543/1115/547 1132/1116/547
f 1137/1089/548 183/1088/548 1136/1117/548 2543/1115/548
f 2543/1118/549 1136/1119/549 188/1104/549 1146/1101/549
f 1132/1120/550 2543/1118/550 1146/1101/550 189/1100/550
f 182/1099/551 1153/1098/551 2544/1121/551 1167/1122/551
f 1153/1098/552 191/1097/552 1166/1123/552 2544/1121/552
f 2544/1121/553 1166/1123/553 196/1124/553 1162/1125/553
f 1167/1122/554 2544/1121/554 1162/1125/554 187/1126/554
f 194/1108/95 1155/1107/95 2545/1127/95 1165/1128/95
f 1155/1107/95 193/1106/95 1151/1129/95 2545/1127/95
f 2545/1127/95 1151/1129/95 198/1130/95 1164/1131/95
f 1165/1128/95 2545/1127/95 1164/1131/95 199/1132/95
f 330/1075/555 1408/1074/555 2546/1133/555 1421/1134/555
f 1408/1074/555 140/1073/555 1158/1135/555 2546/1133/555
f 2546/1133/555 1158/1135/555 182/1136/555 1411/1137/555
f 1421/1134/555 2546/1133/555 1411/1137/555 333/1138/555
f 274/1114/556 1301/1113/556 2547/1139/556 1309/1140/556
f 1301/1113/557 185/1112/557 1159/1141/557 2547/1139/557
f 2547/1139/558 1159/1141/558 190/1142/558 1302/1143/558
f 1309/1140/559 2547/1139/559 1302/1143/559 275/1144/559
f 317/1145/560 1388/1146/560 2548/1147/560 1141/1148/560
f 1388/1146/561 318/1149/561 1145/1150/561 2548/1147/561
f 2548/1147/562 1145/1150/562 197/1151/562 1160/1152/562
f 1141/1148/563 2548/1147/563 1160/1152/563 195/1153/563
f 276/1154/564 1308/1155/564 2549/1156/564 1161/1157/564
f 1308/1155/565 277/1158/565 1163/1159/565 2549/1156/565
f 2549/1156/566 1163/1159/566 199/1132/566 1164/1131/566
f 1161/1157/567 2549/1156/567 1164/1131/567 198/1130/567
f 333/1138/568 1411/1137/568 2550/1160/568 1420/1161/568
f 1411/1137/569 182/1136/569 1167/1162/569 2550/1160/569
f 2550/1160/570 1167/1162/570 187/1163/570 1409/1164/570
f 1420/1161/571 2550/1160/571 1409/1164/571 331/1165/571
f 275/1144/572 1302/1143/572 2551/1166/572 1307/1167/572
f 1302/1143/573 190/1142/573 1168/1168/573 2551/1166/573
f 2551/1166/574 1168/1168/574 195/1153/574 1303/1169/574
f 1307/1167/575 2551/1166/575 1303/1169/575 276/1154/575
f 145/912/576 1073/911/576 2552/1170/576 1078/1171/576
f 1073/911/577 146/910/577 1174/1172/577 2552/1170/577
f 2552/1170/578 1174/1172/578 206/920/578 1176/917/578
f 1078/1171/579 2552/1170/579 1176/917/579 207/916/579
f 132/860/580 1173/1173/580 2553/1174/580 1053/861/580
f 1173/1173/581 205/874/581 1177/877/581 2553/1174/581
f 2553/1174/582 1177/877/582 206/879/582 1174/1175/582
f 1053/861/583 2553/1174/583 1174/1175/583 146/862/583
f 29/603/584 970/602/584 2554/1176/584 1150/1177/584
f 970/602/585 96/601/585 1172/1178/585 2554/1176/585
f 2554/1176/586 1172/1178/586 204/608/586 1178/605/586
f 1150/1177/587 2554/1176/587 1178/605/587 192/604/587
f 373/554/588 940/553/588 2555/1179/588 1508/1180/588
f 940/553/589 81/552/589 1171/1181/589 2555/1179/589
f 2555/1179/590 1171/1181/590 203/541/590 1496/538/590
f 1508/1180/591 2555/1179/591 1496/538/591 383/537/591
f 429/310/592 887/309/592 2556/1182/592 1622/1183/592
f 887/309/593 53/308/593 1170/1184/593 2556/1182/593
f 2556/1182/594 1170/1184/594 202/297/594 1603/294/594
f 1622/1183/595 2556/1182/595 1603/294/595 441/293/595
f 246/216/596 853/215/596 2557/1185/596 1258/1186/596
f 853/215/597 30/214/597 864/1187/597 2557/1185/597
f 2557/1185/598 864/1187/598 201/233/598 1257/230/598
f 1258/1186/599 2557/1185/599 1257/230/599 256/229/599
f 201/233/600 864/1187/600 2558/1188/600 861/1189/600
f 864/1187/600 30/214/600 1182/224/600 2558/1188/600
f 2558/1188/600 1182/224/600 214/228/600 1197/1190/600
f 861/1189/600 2558/1188/600 1197/1190/600 218/1191/600
f 29/25/601 1150/1192/601 2559/1193/601 1062/26/601
f 1150/1192/602 192/45/602 1183/48/602 2559/1193/602
f 2559/1193/603 1183/48/603 205/53/603 1173/1194/603
f 1062/26/604 2559/1193/604 1173/1194/604 132/27/604
f 219/1195/605 1198/1196/605 2560/1197/605 1205/1198/605
f 1198/1196/606 215/1199/606 1203/1200/606 2560/1197/606
f 2560/1197/607 1203/1200/607 225/1201/607 1217/1202/607
f 1205/1198/608 2560/1197/608 1217/1202/608 229/1203/608
f 218/1204/609 1197/1205/609 2561/1206/609 1196/1207/609
f 1197/1205/610 214/1208/610 1186/1209/610 2561/1206/610
f 2561/1206/611 1186/1209/611 223/1210/611 1216/1211/611
f 1196/1207/612 2561/1206/612 1216/1211/612 228/1212/612
f 215/1199/613 1204/1213/613 2562/1214/613 1203/1200/613
f 1204/1213/614 218/1204/614 1196/1207/614 2562/1214/614
f 2562/1214/615 1196/1207/615 228/1212/615 1223/1215/615
f 1203/1200/616 2562/1214/616 1223/1215/616 225/1201/616
f 211/1216/617 1188/1217/617 2563/1218/617 1187/1219/617
f 1188/1217/618 209/1220/618 1189/1221/618 2563/1218/618
f 2563/1218/619 1189/1221/619 200/1222/619 1207/1223/619
f 1187/1219/620 2563/1218/620 1207/1223/620 25/1224/620
f 208/1225/621 1202/1226/621 2564/1227/621 1192/1228/621
f 1202/1226/622 221/1229/622 1193/1230/622 2564/1227/622
f 2564/1227/623 1193/1230/623 231/1231/623 1221/1232/623
f 1192/1228/624 2564/1227/624 1221/1232/624 34/1233/624
f 214/1208/625 1194/1234/625 2565/1235/625 1186/1209/625
f 1194/1234/626 212/1236/626 1201/1237/626 2565/1235/626
f 2565/1235/627 1201/1237/627 28/1238/627 1213/1239/627
f 1186/1209/628 2565/1235/628 1213/1239/628 223/1210/628
f 220/1240/629 1200/1241/629 2566/1242/629 1195/1243/629
f 1200/1241/630 219/1244/630 1205/1245/630 2566/1242/630
f 2566/1242/631 1205/1245/631 229/1246/631 1219/1247/631
f 1195/1243/632 2566/1242/632 1219/1247/632 230/1248/632
f 124/1249/633 870/1250/633 2567/1251/633 848/1252/633
f 870/1250/634 33/1253/634 1087/1254/634 2567/1251/634
f 2567/1251/635 1087/1254/635 215/1255/635 1198/1256/635
f 848/1252/636 2567/1251/636 1198/1256/636 219/1257/636
f 33/235/637 1169/234/637 2568/1258/637 1087/1259/637
f 1169/234/637 201/233/637 861/1189/637 2568/1258/637
f 2568/1258/637 861/1189/637 218/1191/637 1204/1260/637
f 1087/1259/637 2568/1258/637 1204/1260/637 215/1261/637
f 25/1262/638 1206/1263/638 2569/1264/638 1210/1265/638
f 1206/1263/638 5/1266/638 1209/1267/638 2569/1264/638
f 2569/1264/638 1209/1267/638 222/1268/638 1208/1269/638
f 1210/1265/638 2569/1264/638 1208/1269/638 28/1270/638
f 200/1271/639 1154/1272/639 2570/1273/639 1207/1274/639
f 1154/1272/639 31/1275/639 811/1276/639 2570/1273/639
f 2570/1273/639 811/1276/639 5/1266/639 1206/1263/639
f 1207/1274/639 2570/1273/639 1206/1263/639 25/1262/639
f 28/1270/640 1208/1269/640 2571/1277/640 1213/1278/640
f 1208/1269/640 222/1268/640 1212/1279/640 2571/1277/640
f 2571/1277/640 1212/1279/640 224/1280/640 1211/1281/640
f 1213/1278/640 2571/1277/640 1211/1281/640 223/1282/640
f 228/1283/641 1224/1284/641 2572/1285/641 1223/1286/641
f 1224/1284/641 227/1287/641 1215/1288/641 2572/1285/641
f 2572/1285/641 1215/1288/641 226/1289/641 1214/1290/641
f 1223/1286/641 2572/1285/641 1214/1290/641 225/1291/641
f 225/1291/642 1214/1290/642 2573/1292/642 1217/1293/642
f 1214/1290/643 226/1289/643 1218/1294/643 2573/1292/643
f 2573/1292/644 1218/1294/644 230/1295/644 1219/1296/644
f 1217/1293/645 2573/1292/645 1219/1296/645 229/1297/645
f 31/1298/646 1154/1299/646 2574/1300/646 1227/1301/646
f 1154/1299/647 200/1302/647 1226/1303/647 2574/1300/647
f 2574/1300/648 1226/1303/648 213/1304/648 1190/1305/648
f 1227/1301/649 2574/1300/649 1190/1305/649 210/1306/649
f 223/1282/650 1211/1281/650 2575/1307/650 1216/1308/650
f 1211/1281/650 224/1280/650 1222/1309/650 2575/1307/650
f 2575/1307/650 1222/1309/650 227/1287/650 1224/1284/650
f 1216/1308/650 2575/1307/650 1224/1284/650 228/1283/650
f 212/1236/651 1191/1310/651 2576/1311/651 1201/1237/651
f 1191/1310/652 211/1216/652 1187/1219/652 2576/1311/652
f 2576/1311/653 1187/1219/653 25/1224/653 1210/1312/653
f 1201/1237/654 2576/1311/654 1210/1312/654 28/1238/654
f 209/1220/655 1184/1313/655 2577/1314/655 1189/1221/655
f 1184/1313/655 208/1225/655 1192/1228/655 2577/1314/655
f 2577/1314/655 1192/1228/655 34/1233/655 863/1315/655
f 1189/1221/655 2577/1314/655 863/1315/655 200/1222/655
f 232/1316/656 1230/1317/656 2578/1318/656 1185/1319/656
f 216/1320/656 1225/1321/656 2578/1318/656 1230/1317/656
f 217/1322/656 1185/1319/656 2578/1318/656 1225/1321/656
f 200/1222/657 863/1315/657 2579/1323/657 1226/1324/657
f 863/1315/658 34/1233/658 1220/1325/658 2579/1323/658
f 2579/1323/659 1220/1325/659 216/1320/659 1199/1326/659
f 1226/1324/660 2579/1323/660 1199/1326/660 213/1327/660
f 34/1233/661 1221/1232/661 2580/1328/661 1220/1325/661
f 1221/1232/662 231/1231/662 1228/1329/662 2580/1328/662
f 2580/1328/663 1228/1329/663 217/1322/663 1225/1321/663
f 1220/1325/664 2580/1328/664 1225/1321/664 216/1320/664
f 216/1320/665 1230/1317/665 2581/1330/665 1236/1331/665
f 1230/1317/666 232/1316/666 1235/1332/666 2581/1330/666
f 2581/1330/667 1235/1332/667 236/1333/667 1234/1334/667
f 1236/1331/668 2581/1330/668 1234/1334/668 235/1335/668
f 234/1336/669 1231/1337/669 2582/1338/669 1233/1339/669
f 1231/1340/670 233/1341/670 1232/1342/670 2582/1343/670
f 2582/1344/671 1232/1345/671 235/1335/671 1234/1334/671
f 1233/1346/672 2582/1344/672 1234/1334/672 236/1333/672
f 210/1306/673 1190/1305/673 2583/1347/673 1237/1348/673
f 1190/1305/674 213/1304/674 1229/1349/674 2583/1347/674
f 2583/1347/675 1229/1349/675 233/1350/675 1231/1337/675
f 1237/1348/676 2583/1347/676 1231/1337/676 234/1336/676
f 213/1327/677 1199/1326/677 2584/1351/677 1229/1352/677
f 1199/1326/678 216/1320/678 1236/1331/678 2584/1351/678
f 2584/1351/679 1236/1331/679 235/1335/679 1232/1345/679
f 1229/1352/680 2584/1351/680 1232/1345/680 233/1353/680
f 81/1354/681 1247/1355/681 2585/1356/681 1171/1357/681
f 1247/1355/682 246/216/682 1258/1186/682 2585/1356/682
f 2585/1356/683 1258/1186/683 256/229/683 1181/1358/683
f 1171/1357/684 2585/1356/684 1181/1358/684 203/1359/684
f 2/152/685 803/149/685 2586/1360/685 808/1361/685
f 803/149/686 237/148/686 1259/969/686 2586/1360/686
f 2586/1360/687 1259/969/687 255/973/687 1097/1362/687
f 808/1361/688 2586/1360/688 1097/1362/688 153/1363/688
f 80/1364/689 1246/1365/689 2587/1366/689 1033/1367/689
f 1246/1365/690 245/237/690 1260/815/690 2587/1366/690
f 2587/1366/691 1260/815/691 254/248/691 1038/1368/691
f 1033/1367/692 2587/1366/692 1038/1368/692 126/1369/692
f 265/1370/693 1306/1371/693 2588/1372/693 1292/1373/693
f 278/761/694 1261/764/694 2588/1372/694 1306/1371/694
f 253/769/695 1023/1374/695 2588/1372/695 1261/764/695
f 117/1375/696 1333/1376/696 2588/1372/696 1023/1374/696
f 287/1377/697 1292/1373/697 2588/1372/697 1333/1376/697
f 12/86/698 821/1378/698 2589/1379/698 991/698/698
f 821/1378/699 241/1380/699 1262/1381/699 2589/1379/699
f 2589/1379/700 1262/1381/700 252/1382/700 999/1383/700
f 991/698/701 2589/1379/701 999/1383/701 102/78/701
f 248/262/702 871/260/702 2590/1384/702 985/522/702
f 871/260/703 40/259/703 1263/1385/703 2590/1384/703
f 2590/1384/704 1263/1385/704 353/1386/704 1457/1387/704
f 985/522/705 2590/1384/705 1457/1387/705 352/523/705
f 16/80/706 813/1388/706 2591/1389/706 831/97/706
f 813/1388/707 239/1390/707 1264/1391/707 2591/1389/707
f 2591/1389/708 1264/1391/708 242/1392/708 835/1393/708
f 831/97/709 2591/1389/709 835/1393/709 20/98/709
f 20/98/710 835/1393/710 2592/1394/710 922/429/710
f 835/1393/711 242/1392/711 1265/515/711 2592/1394/711
f 2592/1394/712 1265/515/712 249/516/712 917/1395/712
f 922/429/713 2592/1394/713 917/1395/713 65/430/713
f 102/78/714 999/1383/714 2593/1396/714 824/79/714
f 999/1383/715 252/1382/715 1266/1397/715 2593/1396/715
f 2593/1396/716 1266/1397/716 239/1390/716 813/1388/716
f 824/79/717 2593/1396/717 813/1388/717 16/80/717
f 4/1398/718 804/1399/718 2594/1400/718 827/1401/718
f 804/1399/719 238/480/719 1267/491/719 2594/1400/719
f 2594/1400/720 1267/491/720 241/495/720 821/1402/720
f 827/1401/721 2594/1400/721 821/1402/721 12/1403/721
f 314/1404/722 1386/1405/722 2595/1406/722 1379/1407/722
f 1386/1405/723 320/481/723 1268/484/723 2595/1406/723
f 2595/1406/724 1268/484/724 240/489/724 819/1408/724
f 1379/1407/725 2595/1406/725 819/1408/725 9/1409/725
f 263/1410/726 1285/1411/726 2596/1412/726 1283/1413/726
f 1285/1411/727 264/472/727 1269/475/727 2596/1412/727
f 2596/1412/728 1269/475/728 238/480/728 804/1399/728
f 1283/1413/729 2596/1412/729 804/1399/729 4/1398/729
f 65/452/730 917/1414/730 2597/1415/730 928/453/730
f 917/1414/731 249/466/731 1270/469/731 2597/1415/731
f 2597/1415/732 1270/469/732 250/457/732 924/1416/732
f 928/453/733 2597/1415/733 924/1416/733 69/454/733
f 69/454/182 924/1416/182 2598/1417/182 925/455/182
f 924/1416/182 250/457/182 1271/460/182 2598/1417/182
f 2598/1417/182 1271/460/182 251/465/182 926/1418/182
f 925/455/182 2598/1417/182 926/1418/182 70/456/182
f 82/1419/734 1248/1420/734 2599/1421/734 955/1422/734
f 1248/1420/735 247/253/735 1272/255/735 2599/1421/735
f 2599/1423/736 1272/261/736 248/262/736 1249/520/736
f 955/530/737 2599/1423/737 1249/520/737 83/282/737
f 126/1369/738 1038/1368/738 2600/1424/738 956/1425/738
f 1038/1368/739 254/248/739 1273/251/739 2600/1424/739
f 2600/1424/740 1273/251/740 247/253/740 1248/1420/740
f 956/1425/741 2600/1424/741 1248/1420/741 82/1419/741
f 203/1359/742 1181/1358/742 2601/1426/742 957/1427/742
f 1181/1358/743 256/229/743 1274/232/743 2601/1426/743
f 2601/1426/744 1274/232/744 245/237/744 1246/1365/744
f 957/1427/745 2601/1426/745 1246/1365/745 80/1364/745
f 79/550/746 1245/1428/746 2602/1429/746 958/551/746
f 1245/1428/747 244/180/747 1275/1430/747 2602/1429/747
f 2602/1431/748 1275/211/748 246/216/748 1247/1355/748
f 958/1432/749 2602/1431/749 1247/1355/749 81/1354/749
f 78/559/750 1244/1433/750 2603/1434/750 959/560/750
f 1244/1433/751 243/156/751 1276/176/751 2603/1434/751
f 2603/1434/752 1276/176/752 244/180/752 1245/1428/752
f 959/560/753 2603/1434/753 1245/1428/753 79/550/753
f 72/565/754 1238/967/754 2604/1435/754 960/566/754
f 1238/967/755 237/148/755 1277/151/755 2604/1435/755
f 2604/1435/756 1277/151/756 243/156/756 1244/1433/756
f 960/566/757 2604/1435/757 1244/1433/757 78/559/757
f 117/1375/758 1023/1374/758 2605/1436/758 1018/1437/758
f 253/769/759 1284/1438/759 2605/1436/759 1023/1374/759
f 264/472/760 1285/1411/760 2605/1436/760 1284/1438/760
f 263/1410/761 1329/1439/761 2605/1436/761 1285/1411/761
f 285/1440/762 1018/1437/762 2605/1436/762 1329/1439/762
f 438/760/763 1600/759/763 2606/1441/763 1621/1442/763
f 1600/759/764 120/758/764 1282/1443/764 2606/1441/764
f 2606/1441/765 1282/1443/765 262/12/765 1604/666/765
f 1621/1442/766 2606/1441/766 1604/666/766 442/665/766
f 253/769/767 1254/768/767 2607/1444/767 1284/1438/767
f 1254/768/768 119/767/768 1281/1445/768 2607/1444/768
f 2607/1444/769 1281/1445/769 261/476/769 1287/473/769
f 1284/1438/770 2607/1444/770 1287/473/770 264/472/770
f 380/778/771 1493/777/771 2608/1446/771 1507/1447/771
f 1493/777/772 118/776/772 1280/1448/772 2608/1446/772
f 2608/1446/773 1280/1448/773 260/368/773 1497/365/773
f 1507/1447/774 2608/1446/774 1497/365/774 384/364/774
f 115/198/775 1025/197/775 2609/1449/775 1278/1450/775
f 460/196/14 1653/1451/14 2609/1449/14 1025/197/14
f 116/1452/14 1279/1453/14 2609/1449/14 1653/1451/14
f 259/43/14 1289/40/14 2609/1449/14 1279/1453/14
f 257/39/776 1278/1450/776 2609/1449/776 1289/40/776
f 120/758/777 1026/795/777 2610/1454/777 1282/1443/777
f 1026/795/778 115/794/778 1278/1455/778 2610/1454/778
f 2610/1454/779 1278/1455/779 257/16/779 1290/13/779
f 1282/1443/780 2610/1454/780 1290/13/780 262/12/780
f 287/1377/781 1333/1376/781 2611/1456/781 1345/1457/781
f 1333/1376/782 117/1375/782 1344/1458/782 2611/1456/782
f 2611/1456/783 1344/1458/783 290/1459/783 1341/1460/783
f 1345/1457/784 2611/1456/784 1341/1460/784 294/1461/784
f 9/1409/785 819/1408/785 2612/1462/785 816/1463/785
f 819/1408/786 240/489/786 1305/1464/786 2612/1462/786
f 2612/1462/787 1305/1464/787 278/761/787 1306/1371/787
f 816/1463/788 2612/1462/788 1306/1371/788 265/1370/788
f 193/1106/789 1152/1465/789 2613/1466/789 1151/1129/789
f 1152/1465/790 275/1144/790 1307/1167/790 2613/1466/790
f 2613/1466/791 1307/1167/791 276/1154/791 1161/1157/791
f 1151/1129/792 2613/1466/792 1161/1157/792 198/1130/792
f 195/1153/793 1160/1152/793 2614/1467/793 1303/1169/793
f 1160/1152/794 197/1151/794 1304/1468/794 2614/1467/794
f 2614/1467/795 1304/1468/795 277/1158/795 1308/1155/795
f 1303/1169/796 2614/1467/796 1308/1155/796 276/1154/796
f 188/1104/797 1143/1469/797 2615/1470/797 1142/1105/797
f 1143/1469/798 274/1114/798 1309/1140/798 2615/1470/798
f 2615/1470/799 1309/1140/799 275/1144/799 1152/1465/799
f 1142/1105/800 2615/1470/800 1152/1465/800 193/1106/800
f 183/1471/801 1134/1472/801 2616/1473/801 1136/1119/801
f 1134/1472/802 273/1066/802 1310/1110/802 2616/1473/802
f 2616/1473/803 1310/1110/803 274/1114/803 1143/1469/803
f 1136/1119/804 2616/1473/804 1143/1469/804 188/1104/804
f 150/871/805 1080/1474/805 2617/1475/805 1138/1476/805
f 1080/1474/806 272/947/806 1311/1062/806 2617/1475/806
f 2617/1475/807 1311/1062/807 273/1066/807 1134/1472/807
f 1138/1476/808 2617/1475/808 1134/1472/808 183/1471/808
f 135/869/809 1055/1477/809 2618/1478/809 1049/870/809
f 1055/1477/810 271/939/810 1312/942/810 2618/1478/810
f 2618/1478/811 1312/942/811 272/947/811 1080/1474/811
f 1049/870/812 2618/1478/812 1080/1474/812 150/871/812
f 10/73/1 820/72/1 2619/1479/1 1294/1480/1
f 9/71/1 816/1481/1 2619/1479/1 820/72/1
f 265/804/1 1335/803/1 2619/1479/1 816/1481/1
f 288/802/1 1313/1482/1 2619/1479/1 1335/803/1
f 267/1483/1 1294/1480/1 2619/1479/1 1313/1482/1
f 90/62/813 964/61/813 2620/1484/813 1297/1485/813
f 964/61/814 8/60/814 1293/1486/814 2620/1484/814
f 2620/1484/815 1293/1486/815 266/790/815 1314/788/815
f 1297/1485/816 2620/1484/816 1314/788/816 270/756/816
f 459/190/817 1651/1487/817 2621/1488/817 1652/191/817
f 1651/1487/818 266/779/818 1315/782/818 2621/1488/818
f 2621/1488/819 1315/782/819 271/787/819 1055/1489/819
f 1652/191/820 2621/1488/820 1055/1489/820 135/194/820
f 367/363/821 1480/362/821 2622/1490/821 1506/1491/821
f 1480/362/822 46/361/822 1295/1492/822 2622/1490/822
f 2622/1490/823 1295/1492/823 268/774/823 1498/771/823
f 1506/1491/824 2622/1490/824 1498/771/824 385/770/824
f 240/489/825 1241/488/825 2623/1493/825 1305/1464/825
f 1241/488/826 75/487/826 1296/1494/826 2623/1493/826
f 2623/1493/827 1296/1494/827 269/765/827 1317/762/827
f 1305/1464/828 2623/1493/828 1317/762/828 278/761/828
f 423/664/829 1585/663/829 2624/1495/829 1620/1496/829
f 1585/663/830 90/62/830 1297/1485/830 2624/1495/830
f 2624/1495/831 1297/1485/831 270/756/831 1605/753/831
f 1620/1496/832 2624/1495/832 1605/753/832 443/752/832
f 279/1497/833 1325/1498/833 2625/1499/833 1319/1500/833
f 1325/1498/834 284/800/834 1324/1501/834 2625/1499/834
f 2625/1499/835 1324/1501/835 282/1502/835 1321/1503/835
f 1319/1500/836 2625/1499/836 1321/1503/836 280/1504/836
f 280/1504/837 1321/1503/837 2626/1505/837 1322/1506/837
f 1321/1503/838 282/1502/838 1320/1507/838 2626/1505/838
f 2626/1505/839 1320/1507/839 281/1508/839 1323/1509/839
f 1322/1506/840 2626/1505/840 1323/1509/840 283/1510/840
f 281/1508/841 1331/1511/841 2627/1512/841 1323/1509/841
f 1331/1511/842 286/5/842 1291/2/842 2627/1512/842
f 2627/1512/843 1291/2/843 258/1/843 1328/1513/843
f 1323/1509/844 2627/1512/844 1328/1513/844 283/1510/844
f 285/1514/845 1329/1515/845 2628/1516/845 1332/1517/845
f 1329/1515/846 263/7/846 1330/6/846 2628/1516/846
f 2628/1516/847 1330/6/847 286/5/847 1331/1511/847
f 1332/1517/848 2628/1516/848 1331/1511/848 281/1508/848
f 282/1518/849 1324/1519/849 2629/1520/849 1343/1521/849
f 1324/1519/850 284/1522/850 1027/1523/850 2629/1520/850
f 2629/1520/851 1027/1523/851 293/1524/851 1339/1525/851
f 1343/1521/852 2629/1520/852 1339/1525/852 291/1526/852
f 291/1526/853 1339/1525/853 2630/1527/853 1357/1528/853
f 1339/1525/854 293/1524/854 1356/1529/854 2630/1527/854
f 2630/1527/855 1356/1529/855 299/1530/855 1351/1531/855
f 1357/1528/856 2630/1527/856 1351/1531/856 297/1532/856
f 267/1483/857 1313/1482/857 2631/1533/857 1327/1534/857
f 1313/1482/858 288/802/858 1336/801/858 2631/1533/858
f 2631/1533/859 1336/801/859 284/800/859 1325/1498/859
f 1327/1534/860 2631/1533/860 1325/1498/860 279/1497/860
f 294/1461/861 1341/1460/861 2632/1535/861 1355/1536/861
f 1341/1460/862 290/1459/862 1337/1537/862 2632/1535/862
f 2632/1535/863 1337/1537/863 296/1538/863 1353/1539/863
f 1355/1536/864 2632/1535/864 1353/1539/864 300/1540/864
f 281/1541/865 1320/1542/865 2633/1543/865 1346/1544/865
f 1320/1542/866 282/1518/866 1343/1521/866 2633/1543/866
f 2633/1543/867 1343/1521/867 291/1526/867 1338/1545/867
f 1346/1544/868 2633/1543/868 1338/1545/868 292/1546/868
f 117/1375/869 1018/1437/869 2634/1547/869 1344/1458/869
f 1018/1437/870 285/1440/870 1347/1548/870 2634/1547/870
f 2634/1547/871 1347/1548/871 289/1549/871 1326/1550/871
f 1344/1458/872 2634/1547/872 1326/1550/872 290/1459/872
f 284/1551/873 1334/1552/873 2635/1553/873 1027/1554/873
f 1334/1552/874 287/1555/874 1345/1556/874 2635/1553/874
f 2635/1553/875 1345/1556/875 294/1557/875 1342/1558/875
f 1027/1554/876 2635/1553/876 1342/1558/876 293/1559/876
f 285/1560/877 1332/1561/877 2636/1562/877 1347/1563/877
f 1332/1561/878 281/1564/878 1346/1565/878 2636/1562/878
f 2636/1562/879 1346/1565/879 292/1566/879 1340/1567/879
f 1347/1563/880 2636/1562/880 1340/1567/880 289/1568/880
f 295/1569/881 1352/1570/881 2637/1571/881 1369/1572/881
f 1352/1570/881 298/1573/881 1368/1574/881 2637/1571/881
f 2637/1571/881 1368/1574/881 304/1575/881 1364/1576/881
f 1369/1572/881 2637/1571/881 1364/1576/881 301/1577/881
f 299/1578/882 1354/1579/882 2638/1580/882 1367/1581/882
f 1354/1579/882 300/1582/882 1349/1583/882 2638/1580/882
f 2638/1580/882 1349/1583/882 306/1584/882 1366/1585/882
f 1367/1581/882 2638/1580/882 1366/1585/882 305/1586/882
f 290/1459/883 1326/1550/883 2639/1587/883 1337/1537/883
f 1326/1550/884 289/1549/884 1358/1588/884 2639/1587/884
f 2639/1587/885 1358/1588/885 295/1589/885 1348/1590/885
f 1337/1537/886 2639/1587/886 1348/1590/886 296/1538/886
f 293/1559/887 1342/1558/887 2640/1591/887 1356/1592/887
f 1342/1558/888 294/1557/888 1355/1593/888 2640/1591/888
f 2640/1591/889 1355/1593/889 300/1582/889 1354/1579/889
f 1356/1592/890 2640/1591/890 1354/1579/890 299/1578/890
f 289/1568/891 1340/1567/891 2641/1594/891 1358/1595/891
f 1340/1567/892 292/1566/892 1359/1596/892 2641/1594/892
f 2641/1594/893 1359/1596/893 298/1597/893 1352/1598/893
f 1358/1595/894 2641/1594/894 1352/1598/894 295/1599/894
f 292/1546/895 1338/1545/895 2642/1600/895 1359/1601/895
f 1338/1545/896 291/1526/896 1357/1528/896 2642/1600/896
f 2642/1600/897 1357/1528/897 297/1532/897 1350/1602/897
f 1359/1601/898 2642/1600/898 1350/1602/898 298/1603/898
f 306/1604/899 1365/1605/899 2643/1606/899 1366/1607/899
f 1365/1605/900 302/1608/900 1361/1609/900 2643/1606/900
f 2643/1606/901 1361/1609/901 303/1610/901 1363/1611/901
f 1366/1607/902 2643/1606/902 1363/1611/902 305/1612/902
f 302/1608/903 1360/1613/903 2644/1614/903 1361/1609/903
f 1360/1613/904 301/1577/904 1364/1576/904 2644/1614/904
f 2644/1614/905 1364/1576/905 304/1575/905 1362/1615/905
f 1361/1609/906 2644/1614/906 1362/1615/906 303/1610/906
f 298/1603/907 1350/1602/907 2645/1616/907 1368/1617/907
f 1350/1602/908 297/1532/908 1370/1618/908 2645/1616/908
f 2645/1616/909 1370/1618/909 303/1619/909 1362/1620/909
f 1368/1617/910 2645/1616/910 1362/1620/910 304/1621/910
f 296/1538/911 1348/1590/911 2646/1622/911 1371/1623/911
f 1348/1590/912 295/1589/912 1369/1624/912 2646/1622/912
f 2646/1622/913 1369/1624/913 301/1625/913 1360/1626/913
f 1371/1623/914 2646/1622/914 1360/1626/914 302/1627/914
f 300/1540/915 1353/1539/915 2647/1628/915 1349/1629/915
f 1353/1539/916 296/1538/916 1371/1623/916 2647/1628/916
f 2647/1628/917 1371/1623/917 302/1627/917 1365/1630/917
f 1349/1629/918 2647/1628/918 1365/1630/918 306/1631/918
f 297/1532/919 1351/1531/919 2648/1632/919 1370/1618/919
f 1351/1531/920 299/1530/920 1367/1633/920 2648/1632/920
f 2648/1632/921 1367/1633/921 305/1634/921 1363/1635/921
f 1370/1618/922 2648/1632/922 1363/1635/922 303/1619/922
f 321/1636/923 1419/1637/923 2649/1638/923 1399/1639/923
f 334/1640/924 1385/1641/924 2649/1638/924 1419/1637/924
f 320/481/925 1386/1405/925 2649/1638/925 1385/1641/925
f 314/1404/926 1373/1642/926 2649/1638/926 1386/1405/926
f 339/1643/927 1432/1644/927 2649/1638/927 1373/1642/927
f 341/1645/928 1399/1639/928 2649/1638/928 1432/1644/928
f 190/1142/929 1149/1646/929 2650/1647/929 1168/1168/929
f 1149/1646/930 319/1648/930 1387/1649/930 2650/1647/930
f 2650/1647/931 1387/1649/931 317/1145/931 1141/1148/931
f 1168/1168/932 2650/1647/932 1141/1148/932 195/1153/932
f 331/1165/933 1418/1650/933 2651/1651/933 1382/1652/933
f 1418/1650/934 332/1653/934 1383/1654/934 2651/1651/934
f 2651/1651/935 1383/1654/935 318/1149/935 1388/1146/935
f 1382/1652/936 2651/1651/936 1388/1146/936 317/1145/936
f 185/1112/555 1140/1655/555 2652/1656/555 1159/1141/555
f 1140/1655/555 316/1657/555 1389/1658/555 2652/1656/555
f 2652/1656/555 1389/1658/555 319/1648/555 1149/1646/555
f 1159/1141/555 2652/1656/555 1149/1646/555 190/1142/555
f 139/945/937 1064/1659/937 2653/1660/937 1066/1063/937
f 1064/1659/938 313/1661/938 1390/1662/938 2653/1660/938
f 2653/1660/938 1390/1662/938 315/1663/938 1131/1664/938
f 1066/1063/937 2653/1660/937 1131/1664/937 180/1064/937
f 180/1064/939 1131/1664/939 2654/1665/939 1148/1111/939
f 1131/1664/940 315/1663/940 1391/1666/940 2654/1665/940
f 2654/1665/941 1391/1666/941 316/1657/941 1140/1655/941
f 1148/1111/941 2654/1665/941 1140/1655/941 185/1112/941
f 8/783/942 815/1667/942 2655/1668/942 847/784/942
f 815/1667/943 307/1669/943 1392/1670/943 2655/1668/943
f 2655/1668/944 1392/1670/944 312/1671/944 1042/1672/944
f 847/784/945 2655/1668/945 1042/1672/945 129/785/945
f 129/943/946 1042/1673/946 2656/1674/946 1054/944/946
f 1042/1673/947 312/1675/947 1393/1676/947 2656/1674/947
f 2656/1674/948 1393/1676/948 313/1661/948 1064/1659/948
f 1054/944/949 2656/1674/949 1064/1659/949 139/945/949
f 445/1677/950 1607/1678/950 2657/1679/950 1619/1680/950
f 1607/1678/951 326/1681/951 1376/1682/951 2657/1679/951
f 2657/1679/952 1376/1682/952 311/54/952 1606/660/952
f 1619/1680/953 2657/1679/953 1606/660/953 444/659/953
f 334/1640/954 1416/1683/954 2658/1684/954 1385/1641/954
f 1416/1683/955 325/1685/955 1375/1686/955 2658/1684/955
f 2658/1684/956 1375/1686/956 310/485/956 1395/482/956
f 1385/1641/957 2658/1684/957 1395/482/957 320/481/957
f 387/1687/958 1500/1688/958 2659/1689/958 1505/1690/958
f 1500/1688/959 324/1691/959 1374/1692/959 2659/1689/959
f 2659/1689/960 1374/1692/960 309/359/960 1499/356/960
f 1505/1690/961 2659/1689/961 1499/356/961 386/355/961
f 347/1693/962 1442/1694/962 2660/1695/962 1454/1696/962
f 1442/1694/963 346/1697/963 1453/1698/963 2660/1695/963
f 2660/1695/964 1453/1698/964 350/1699/964 1450/1700/964
f 1454/1696/965 2660/1695/965 1450/1700/965 351/1701/965
f 326/1681/966 1413/1702/966 2661/1703/966 1376/1682/966
f 1413/1702/967 322/1704/967 1372/1705/967 2661/1703/967
f 2661/1703/968 1372/1705/968 307/58/968 1398/55/968
f 1376/1682/969 2661/1703/969 1398/55/969 311/54/969
f 158/964/970 1101/993/970 2662/1706/970 1404/1707/970
f 1101/993/971 154/992/971 1400/1708/971 2662/1706/971
f 2662/1706/972 1400/1708/972 322/1704/972 1413/1702/972
f 1404/1707/973 2662/1706/973 1413/1702/973 326/1681/973
f 155/143/26 1100/140/26 2663/1709/26 1401/1710/26
f 153/139/26 1085/1711/26 2663/1709/26 1100/140/26
f 321/1712/26 1438/1713/26 2663/1709/26 1085/1711/26
f 343/1714/26 1414/1715/26 2663/1709/26 1438/1713/26
f 323/1716/26 1401/1710/26 2663/1709/26 1414/1715/26
f 382/980/974 1495/979/974 2664/1717/974 1504/1718/974
f 1495/979/975 156/978/975 1402/1719/975 2664/1717/975
f 2664/1717/976 1402/1719/976 324/1691/976 1500/1688/976
f 1504/1718/977 2664/1717/977 1500/1688/977 387/1687/977
f 255/973/978 1256/972/978 2665/1720/978 1412/1721/978
f 1256/972/979 157/971/979 1403/1722/979 2665/1720/979
f 2665/1720/980 1403/1722/980 325/1685/980 1416/1683/980
f 1412/1721/981 2665/1720/981 1416/1683/981 334/1640/981
f 440/966/982 1602/965/982 2666/1723/982 1618/1724/982
f 1602/965/983 158/964/983 1404/1707/983 2666/1723/983
f 2666/1723/984 1404/1707/984 326/1681/984 1607/1678/984
f 1618/1724/985 2666/1723/985 1607/1678/985 445/1677/985
f 187/1163/986 1162/1725/986 2667/1726/986 1409/1164/986
f 1162/1725/987 196/1727/987 1410/1728/987 2667/1726/987
f 2667/1726/988 1410/1728/988 332/1653/988 1418/1650/988
f 1409/1164/989 2667/1726/989 1418/1650/989 331/1165/989
f 153/1363/990 1097/1362/990 2668/1729/990 1085/1730/990
f 1097/1362/991 255/973/991 1412/1721/991 2668/1729/991
f 2668/1729/992 1412/1721/992 334/1640/992 1419/1637/992
f 1085/1730/993 2668/1729/993 1419/1637/993 321/1636/993
f 319/1648/994 1384/1731/994 2669/1732/994 1387/1649/994
f 1384/1731/995 333/1138/995 1420/1161/995 2669/1732/995
f 2669/1732/996 1420/1161/996 331/1165/996 1382/1652/996
f 1387/1649/997 2669/1732/997 1382/1652/997 317/1145/997
f 316/1657/555 1381/1733/555 2670/1734/555 1389/1658/555
f 1381/1733/555 330/1075/555 1421/1134/555 2670/1734/555
f 2670/1734/555 1421/1134/555 333/1138/555 1384/1731/555
f 1389/1658/555 2670/1734/555 1384/1731/555 319/1648/555
f 313/1661/938 1378/1735/938 2671/1736/938 1390/1662/938
f 1378/1735/938 328/959/938 1422/1092/938 2671/1736/938
f 2671/1736/938 1422/1092/938 329/1067/938 1380/1737/938
f 1390/1662/938 2671/1736/938 1380/1737/938 315/1663/938
f 315/1663/998 1380/1737/998 2672/1738/998 1391/1666/998
f 1380/1737/522 329/1067/522 1423/1070/522 2672/1738/522
f 2672/1738/999 1423/1070/999 330/1075/999 1381/1733/999
f 1391/1666/1000 2672/1738/1000 1381/1733/1000 316/1657/1000
f 307/1669/1001 1372/1739/1001 2673/1740/1001 1392/1670/1001
f 1372/1739/1002 322/981/1002 1424/984/1002 2673/1740/1002
f 2673/1740/1003 1424/984/1003 327/986/1003 1377/1741/1003
f 1392/1670/1004 2673/1740/1004 1377/1741/1004 312/1671/1004
f 312/1675/1005 1377/1742/1005 2674/1743/1005 1393/1676/1005
f 1377/1742/1006 327/954/1006 1425/957/1006 2674/1743/1006
f 2674/1743/1007 1425/957/1007 328/959/1007 1378/1735/1007
f 1393/1676/1008 2674/1743/1008 1378/1735/1008 313/1661/1008
f 338/1744/1009 1428/1745/1009 2675/1746/1009 1440/1747/1009
f 1428/1745/1010 337/1748/1010 1427/1749/1010 2675/1746/1010
f 2675/1746/1010 1427/1749/1010 336/1750/1010 1426/1751/1010
f 1440/1747/1009 2675/1746/1009 1426/1751/1009 342/1752/1009
f 339/1753/1011 1373/1754/1011 2676/1755/1011 1434/1756/1011
f 1373/1754/1012 314/69/1012 1435/68/1012 2676/1755/1012
f 2676/1755/1013 1435/68/1013 340/67/1013 1436/1757/1013
f 1434/1756/1013 2676/1755/1013 1436/1757/1013 337/1748/1013
f 340/67/1014 1397/64/1014 2677/1758/1014 1436/1757/1014
f 1397/64/1015 308/63/1015 1433/1759/1015 2677/1758/1015
f 2677/1758/1016 1433/1759/1016 336/1750/1016 1427/1749/1016
f 1436/1757/1017 2677/1758/1017 1427/1749/1017 337/1748/1017
f 339/1760/1018 1434/1761/1018 2678/1762/1018 1446/1763/1018
f 1434/1761/1019 337/1764/1019 1445/1765/1019 2678/1762/1019
f 2678/1762/1020 1445/1765/1020 344/1766/1020 1443/1767/1020
f 1446/1763/1021 2678/1762/1021 1443/1767/1021 346/1768/1021
f 341/1769/1022 1441/1770/1022 2679/1771/1022 1399/1772/1022
f 1441/1770/1023 338/1744/1023 1439/1773/1023 2679/1771/1023
f 2679/1771/1024 1439/1773/1024 343/1714/1024 1438/1713/1024
f 1399/1772/1025 2679/1771/1025 1438/1713/1025 321/1712/1025
f 335/1716/1026 1429/1715/1026 2680/1774/1026 1437/1775/1026
f 1429/1715/1027 343/1714/1027 1439/1773/1027 2680/1774/1027
f 2680/1774/1028 1439/1773/1028 338/1744/1028 1440/1747/1028
f 1437/1775/1029 2680/1774/1029 1440/1747/1029 342/1752/1029
f 341/1645/1030 1432/1644/1030 2681/1776/1030 1447/1777/1030
f 1432/1644/1031 339/1643/1031 1446/1778/1031 2681/1776/1031
f 2681/1776/1032 1446/1778/1032 346/1697/1032 1442/1694/1032
f 1447/1777/1033 2681/1776/1033 1442/1694/1033 347/1693/1033
f 338/1779/1034 1441/1780/1034 2682/1781/1034 1448/1782/1034
f 1441/1780/1035 341/1783/1035 1447/1784/1035 2682/1781/1035
f 2682/1781/1036 1447/1784/1036 347/1785/1036 1444/1786/1036
f 1448/1782/1037 2682/1781/1037 1444/1786/1037 345/1787/1037
f 337/1788/1038 1428/1789/1038 2683/1790/1038 1445/1791/1038
f 1428/1789/1039 338/1792/1039 1448/1793/1039 2683/1790/1039
f 2683/1790/1040 1448/1793/1040 345/1794/1040 1430/1795/1040
f 1445/1791/1041 2683/1790/1041 1430/1795/1041 344/1796/1041
f 351/1797/1042 1450/1798/1042 2684/1799/1042 1452/1800/1042
f 1450/1798/1043 350/1801/1043 1451/1802/1043 2684/1799/1043
f 2684/1799/1043 1451/1802/1043 348/1803/1043 1449/1804/1043
f 1452/1800/1044 2684/1799/1044 1449/1804/1044 349/1805/1044
f 346/1806/1045 1443/1807/1045 2685/1808/1045 1453/1809/1045
f 1443/1807/1045 344/1810/1045 1455/1811/1045 2685/1808/1045
f 2685/1808/1045 1455/1811/1045 348/1803/1045 1451/1802/1045
f 1453/1809/1045 2685/1808/1045 1451/1802/1045 350/1801/1045
f 344/1796/1046 1430/1795/1046 2686/1812/1046 1455/1813/1046
f 1430/1795/1047 345/1794/1047 1456/1814/1047 2686/1812/1047
f 2686/1812/1048 1456/1814/1048 349/1815/1048 1449/1816/1048
f 1455/1813/1049 2686/1812/1049 1449/1816/1049 348/1817/1049
f 345/1787/1050 1444/1786/1050 2687/1818/1050 1456/1819/1050
f 1444/1786/1050 347/1785/1050 1454/1820/1050 2687/1818/1050
f 2687/1818/1050 1454/1820/1050 351/1821/1050 1452/1822/1050
f 1456/1819/1050 2687/1818/1050 1452/1822/1050 349/1823/1050
f 355/1824/1051 1467/1825/1051 2688/1826/1051 1469/1827/1051
f 1467/1825/1052 358/1828/1052 1536/1829/1052 2688/1826/1052
f 2688/1826/1053 1536/1829/1053 392/1830/1053 1532/1831/1053
f 1469/1827/1054 2688/1826/1054 1532/1831/1054 391/1832/1054
f 389/1833/1055 1502/1834/1055 2689/1835/1055 1503/1836/1055
f 1502/1834/1055 361/1837/1055 1463/1838/1055 2689/1835/1055
f 2689/1835/1055 1463/1838/1055 359/1839/1055 1501/1840/1055
f 1503/1836/1055 2689/1835/1055 1501/1840/1055 388/1841/1055
f 353/1386/95 1459/1386/95 2690/1842/95 1564/1843/95
f 1459/1844/94 356/1844/94 1563/1845/94 2690/1845/94
f 2690/243/94 1563/243/94 407/243/94 1556/243/94
f 1564/243/95 2690/243/95 1556/243/95 406/243/95
f 354/633/1056 1458/632/1056 2691/1846/1056 1535/1847/1056
f 1458/632/1056 355/631/1056 1469/1848/1056 2691/1846/1056
f 2691/1846/1056 1469/1848/1056 391/1849/1056 1528/1850/1056
f 1535/1847/1056 2691/1846/1056 1528/1850/1056 390/1851/1056
f 362/284/1057 1470/524/1057 2692/1852/1057 1562/1853/1057
f 1470/524/1058 352/523/1058 1472/1854/1058 2692/1852/1058
f 2692/1852/1059 1472/1854/1059 399/1855/1059 1559/1856/1059
f 1562/1853/1060 2692/1852/1060 1559/1856/1060 410/1857/1060
f 431/277/1061 889/276/1061 2693/1858/1061 1617/1859/1061
f 889/276/1062 55/275/1062 1474/1860/1062 2693/1858/1062
f 2693/1858/1063 1474/1860/1063 359/1861/1063 1461/1862/1063
f 1617/1859/1064 2693/1858/1064 1461/1862/1064 446/1863/1064
f 39/627/1065 972/626/1065 2694/1864/1065 954/1865/1065
f 972/626/1066 98/625/1066 1476/1866/1066 2694/1864/1066
f 2694/1864/1067 1476/1866/1067 358/1828/1067 1467/1825/1067
f 954/1865/1068 2694/1864/1068 1467/1825/1068 355/1824/1068
f 363/1867/1069 1465/1868/1069 2695/1869/1069 1466/1870/1069
f 1465/1868/1069 389/1833/1069 1503/1836/1069 2695/1869/1069
f 2695/1869/1069 1503/1836/1069 388/1841/1069 1464/1871/1069
f 1466/1870/1069 2695/1869/1069 1464/1871/1069 362/1872/1069
f 157/971/1070 1098/1873/1070 2696/1874/1070 1403/1722/1070
f 1098/1873/1071 382/980/1071 1504/1718/1071 2696/1874/1071
f 2696/1874/1072 1504/1718/1072 387/1687/1072 1415/1875/1072
f 1403/1722/1073 2696/1874/1073 1415/1875/1073 325/1685/1073
f 325/1685/1074 1415/1875/1074 2697/1876/1074 1375/1686/1074
f 1415/1875/1075 387/1687/1075 1505/1690/1075 2697/1876/1075
f 2697/1876/1076 1505/1690/1076 386/355/1076 1396/1877/1076
f 1375/1686/1077 2697/1876/1077 1396/1877/1077 310/485/1077
f 75/487/1078 934/1878/1078 2698/1879/1078 1296/1494/1078
f 934/1878/1079 367/363/1079 1506/1491/1079 2698/1879/1079
f 2698/1879/1080 1506/1491/1080 385/770/1080 1316/1880/1080
f 1296/1494/1081 2698/1879/1081 1316/1880/1081 269/765/1081
f 119/767/1082 1024/1881/1082 2699/1882/1082 1281/1445/1082
f 1024/1881/1083 380/778/1083 1507/1447/1083 2699/1882/1083
f 2699/1882/1084 1507/1447/1084 384/364/1084 1288/1883/1084
f 1281/1445/1085 2699/1882/1085 1288/1883/1085 261/476/1085
f 53/308/1086 1486/1884/1086 2700/1885/1086 1170/1184/1086
f 1486/1884/1087 373/554/1087 1508/1180/1087 2700/1885/1087
f 2700/1885/1088 1508/1180/1088 383/537/1088 1179/1886/1088
f 1170/1184/1089 2700/1885/1089 1179/1886/1089 202/297/1089
f 72/565/1090 931/562/1090 2701/1887/1090 1089/970/1090
f 931/562/1091 364/561/1091 1509/976/1091 2701/1887/1091
f 2701/1887/1092 1509/976/1092 382/980/1092 1098/1873/1092
f 1089/970/1093 2701/1887/1093 1098/1873/1093 157/971/1093
f 52/299/1094 1485/1888/1094 2702/1889/1094 1032/813/1094
f 1485/1888/1095 372/545/1095 1510/809/1095 2702/1889/1095
f 2702/1889/1096 1510/809/1096 381/531/1096 1036/1890/1096
f 1032/813/1097 2702/1889/1097 1036/1890/1097 125/291/1097
f 269/765/1098 1316/1880/1098 2703/1891/1098 1020/766/1098
f 1316/1880/1099 385/770/1099 1511/773/1099 2703/1891/1099
f 2703/1891/1100 1511/773/1100 380/778/1100 1024/1881/1100
f 1020/766/1101 2703/1891/1101 1024/1881/1101 119/767/1101
f 76/493/1102 935/1892/1102 2704/1893/1102 996/682/1102
f 935/1892/1103 368/354/1103 1512/684/1103 2704/1893/1103
f 2704/1893/1104 1512/684/1104 379/338/1104 1000/1894/1104
f 996/682/1105 2704/1893/1105 1000/1894/1105 107/500/1105
f 43/321/1106 1477/974/1106 2705/1895/1106 896/322/1106
f 1477/974/1107 364/561/1107 1513/564/1107 2705/1895/1107
f 2705/1895/1108 1513/564/1108 370/555/1108 1483/1896/1108
f 896/322/1109 2705/1895/1109 1483/1896/1109 50/315/1109
f 50/315/1110 1483/1896/1110 2706/1897/1110 895/316/1110
f 1483/1896/1111 370/555/1111 1514/558/1111 2706/1897/1111
f 2706/1897/1112 1514/558/1112 371/546/1112 1484/1898/1112
f 895/316/1113 2706/1897/1113 1484/1898/1113 51/306/1113
f 51/306/1114 1484/1898/1114 2707/1899/1114 894/307/1114
f 1484/1898/1115 371/546/1115 1515/549/1115 2707/1899/1115
f 2707/1899/1116 1515/549/1116 373/554/1116 1486/1884/1116
f 894/307/1117 2707/1899/1117 1486/1884/1117 53/308/1117
f 202/297/1118 1179/1886/1118 2708/1900/1118 893/298/1118
f 1179/1886/1119 383/537/1119 1516/540/1119 2708/1900/1119
f 2708/1900/1120 1516/540/1120 372/545/1120 1485/1888/1120
f 893/298/1121 2708/1900/1121 1485/1888/1121 52/299/1121
f 125/291/1122 1036/1890/1122 2709/1901/1122 892/292/1122
f 1036/1890/1123 381/531/1123 1517/534/1123 2709/1901/1123
f 2709/1901/1124 1517/534/1124 374/525/1124 1487/1902/1124
f 892/292/1125 2709/1901/1125 1487/1902/1125 54/273/1125
f 54/273/1126 1487/1902/1126 2710/1903/1126 890/274/1126
f 1487/1902/1127 374/525/1127 1518/528/1127 2710/1903/1127
f 2710/1903/1128 1518/528/1128 375/278/1128 1488/1904/1128
f 890/274/1129 2710/1903/1129 1488/1904/1129 55/275/1129
f 85/461/182 944/1905/182 2711/1906/182 946/462/182
f 944/1905/182 377/433/182 1519/436/182 2711/1906/182
f 2711/1906/182 1519/436/182 378/441/182 945/1907/182
f 946/462/182 2711/1906/182 945/1907/182 86/463/182
f 84/1908/1130 943/1909/1130 2712/1910/1130 947/1911/1130
f 943/1909/1131 376/337/1131 1520/413/1131 2712/1910/1131
f 2712/1910/1132 1520/413/1132 377/417/1132 944/1912/1132
f 947/1911/1133 2712/1910/1133 944/1912/1133 85/1913/1133
f 261/476/1134 1288/1883/1134 2713/1914/1134 948/477/1134
f 1288/1883/1135 384/364/1135 1521/367/1135 2713/1914/1135
f 2713/1914/1136 1521/367/1136 365/346/1136 932/1915/1136
f 948/477/1137 2713/1914/1137 932/1915/1137 73/478/1137
f 310/485/1138 1396/1877/1138 2714/1916/1138 949/486/1138
f 1396/1877/1139 386/355/1139 1522/358/1139 2714/1916/1139
f 2714/1916/1140 1522/358/1140 367/363/1140 934/1878/1140
f 949/486/1141 2714/1916/1141 934/1878/1141 75/487/1141
f 73/478/1142 932/1915/1142 2715/1917/1142 950/492/1142
f 932/1915/1143 365/346/1143 1523/349/1143 2715/1917/1143
f 2715/1917/1144 1523/349/1144 368/354/1144 935/1892/1144
f 950/492/1145 2715/1917/1145 935/1892/1145 76/493/1145
f 107/500/1146 1000/1894/1146 2716/1918/1146 951/501/1146
f 1000/1894/1147 379/338/1147 1524/341/1147 2716/1918/1147
f 2716/1918/1148 1524/341/1148 366/323/1148 933/1919/1148
f 951/501/1149 2716/1918/1149 933/1919/1149 74/502/1149
f 77/509/1150 936/1920/1150 2717/1921/1150 952/510/1150
f 936/1920/1151 369/331/1151 1525/333/1151 2717/1921/1151
f 2717/1921/1152 1525/333/1152 376/337/1152 943/1909/1152
f 952/510/1153 2717/1921/1153 943/1909/1153 84/1908/1153
f 74/502/1154 933/1919/1154 2718/1922/1154 953/519/1154
f 933/1919/1155 366/323/1155 1526/326/1155 2718/1922/1155
f 2718/1922/1156 1526/326/1156 369/331/1156 936/1920/1156
f 953/519/1157 2718/1922/1157 936/1920/1157 77/509/1157
f 55/275/1158 1488/1904/1158 2719/1923/1158 1474/1860/1158
f 1488/1904/1159 375/278/1159 1527/281/1159 2719/1923/1159
f 2719/1923/1160 1527/281/1160 388/286/1160 1501/1924/1160
f 1474/1860/1161 2719/1923/1161 1501/1924/1161 359/1861/1161
f 448/1925/1162 1529/1926/1162 2720/1927/1162 1616/1928/1162
f 1529/1926/1163 393/1929/1163 1534/1930/1163 2720/1927/1163
f 2720/1927/1164 1534/1930/1164 398/1931/1164 1468/1932/1164
f 1616/1928/1165 2720/1927/1165 1468/1932/1165 447/1933/1165
f 393/1934/1166 1531/1935/1166 2721/1936/1166 1534/1937/1166
f 1531/1935/1166 395/1938/1166 1533/1939/1166 2721/1936/1166
f 2721/1936/1166 1533/1939/1166 400/1940/1166 1540/1941/1166
f 1534/1937/1166 2721/1936/1166 1540/1941/1166 398/1942/1166
f 359/1943/1167 1463/1944/1167 2722/1945/1167 1538/1946/1167
f 1463/1944/1167 361/1947/1167 1537/1948/1167 2722/1945/1167
f 2722/1945/1168 1537/1948/1168 395/1938/1168 1531/1935/1168
f 1538/1946/1168 2722/1945/1168 1531/1935/1168 393/1934/1168
f 446/1863/1169 1461/1862/1169 2723/1949/1169 1615/1950/1169
f 1461/1862/1170 359/1861/1170 1538/1951/1170 2723/1949/1170
f 2723/1949/1171 1538/1951/1171 393/1929/1171 1529/1926/1171
f 1615/1950/1172 2723/1949/1172 1529/1926/1172 448/1925/1172
f 447/1933/1173 1468/1932/1173 2724/1952/1173 1614/1953/1173
f 1468/1932/1174 398/1931/1174 1543/1954/1174 2724/1952/1174
f 2724/1952/1175 1543/1954/1175 403/1955/1175 1547/1956/1175
f 1614/1953/1176 2724/1952/1176 1547/1956/1176 449/1957/1176
f 398/1942/1177 1540/1941/1177 2725/1958/1177 1543/1959/1177
f 1540/1941/1177 400/1940/1177 1542/1960/1177 2725/1958/1177
f 2725/1958/1177 1542/1960/1177 405/1961/1177 1549/1962/1177
f 1543/1959/1177 2725/1958/1177 1549/1962/1177 403/1963/1177
f 391/1832/1178 1532/1831/1178 2726/1964/1178 1545/1965/1178
f 1532/1831/1179 392/1830/1179 1544/1966/1179 2726/1964/1179
f 2726/1964/1180 1544/1966/1180 397/1967/1180 1541/1968/1180
f 1545/1965/1181 2726/1964/1181 1541/1968/1181 396/1969/1181
f 390/1851/1182 1528/1850/1182 2727/1970/1182 1530/1971/1182
f 1528/1850/1182 391/1849/1182 1545/1972/1182 2727/1970/1182
f 2727/1970/1182 1545/1972/1182 396/1973/1182 1462/1974/1182
f 1530/1971/1182 2727/1970/1182 1462/1974/1182 360/1975/1182
f 404/1976/1183 1551/1977/1183 2728/1978/1183 1552/1979/1183
f 1551/1977/1183 394/1980/1183 1546/1981/1183 2728/1978/1183
f 2728/1978/1183 1546/1981/1183 401/1982/1183 1550/1983/1183
f 1552/1979/1183 2728/1978/1183 1550/1983/1183 402/1984/1183
f 450/1985/1184 1612/1986/1184 2729/1987/1184 1613/1988/1184
f 1612/1986/1184 404/1989/1184 1552/1990/1184 2729/1987/1184
f 2729/1987/1184 1552/1990/1184 402/1991/1184 1611/1992/1184
f 1613/1988/1184 2729/1987/1184 1611/1992/1184 449/1993/1184
f 396/1969/1185 1541/1968/1185 2730/1994/1185 1554/1995/1185
f 1541/1968/1186 397/1967/1186 1553/1996/1186 2730/1994/1186
f 2730/1994/1187 1553/1996/1187 402/1997/1187 1550/1998/1187
f 1554/1995/1188 2730/1994/1188 1550/1998/1188 401/1999/1188
f 360/1975/1189 1462/1974/1189 2731/2000/1189 1555/2001/1189
f 1462/1974/1189 396/1973/1189 1554/2002/1189 2731/2000/1189
f 2731/2000/1189 1554/2002/1189 401/1982/1189 1546/1981/1189
f 1555/2001/1189 2731/2000/1189 1546/1981/1189 394/1980/1189
f 406/2003/94 1556/2004/94 2732/2005/94 1571/2005/94
f 1556/2006/95 407/243/95 1561/2007/95 2732/2007/95
f 2732/243/96 1561/243/96 412/243/96 1471/243/96
f 1571/243/96 2732/243/96 1471/243/96 411/243/96
f 409/2008/1190 1558/2009/1190 2733/2010/1190 1557/2011/1190
f 1558/2009/1190 410/2012/1190 1560/2013/1190 2733/2010/1190
f 2733/2010/1190 1560/2013/1190 414/2014/1190 1567/2015/1190
f 1557/2011/1190 2733/2010/1190 1567/2015/1190 413/2016/1190
f 352/523/1191 1457/1387/1191 2734/2017/1191 1472/1854/1191
f 1457/1387/1192 353/1386/1192 1564/1843/1192 2734/2017/1192
f 2734/2017/1193 1564/1843/1193 406/2018/1193 1539/2019/1193
f 1472/1854/1194 2734/2017/1194 1539/2019/1194 399/1855/1194
f 363/1867/1195 1466/1870/1195 2735/2020/1195 1565/2021/1195
f 1466/1870/1195 362/1872/1195 1562/2022/1195 2735/2020/1195
f 2735/2020/1195 1562/2022/1195 410/2012/1195 1558/2009/1195
f 1565/2021/1195 2735/2020/1195 1558/2009/1195 409/2008/1195
f 413/2016/1196 1567/2015/1196 2736/2023/1196 1569/2024/1196
f 1567/2015/1196 414/2014/1196 1580/2025/1196 2736/2023/1196
f 2736/2023/1196 1580/2025/1196 419/2026/1196 1576/2027/1196
f 1569/2024/1196 2736/2023/1196 1576/2027/1196 418/2028/1196
f 414/2029/1197 1568/2030/1197 2737/2031/1197 1580/2032/1197
f 1568/2030/1198 357/2033/1198 1570/2034/1198 2737/2031/1198
f 2737/2031/1199 1570/2034/1199 408/2035/1199 1577/2036/1199
f 1580/2032/1200 2737/2031/1200 1577/2036/1200 419/2037/1200
f 399/1855/1201 1539/2019/1201 2738/2038/1201 1572/2039/1201
f 1539/2019/1202 406/2018/1202 1571/2040/1202 2738/2038/1202
f 2738/2038/1203 1571/2040/1203 411/2041/1203 1460/2042/1203
f 1572/2039/1204 2738/2038/1204 1460/2042/1204 357/2033/1204
f 410/1857/1205 1559/1856/1205 2739/2043/1205 1560/2044/1205
f 1559/1856/1206 399/1855/1206 1572/2039/1206 2739/2043/1206
f 2739/2043/1207 1572/2039/1207 357/2033/1207 1568/2030/1207
f 1560/2044/1208 2739/2043/1208 1568/2030/1208 414/2029/1208
f 417/2045/1209 1578/2046/1209 2740/2047/1209 1579/2048/1209
f 1578/2046/1209 418/2049/1209 1576/2050/1209 2740/2047/1209
f 2740/2047/1209 1576/2050/1209 419/2051/1209 1577/2052/1209
f 1579/2048/1209 2740/2047/1209 1577/2052/1209 408/2053/1209
f 416/2054/1210 1575/2055/1210 2741/2056/1210 1574/2054/1210
f 1575/2055/1211 417/2045/1211 1579/2048/1211 2741/2056/1211
f 2741/2056/1211 1579/2048/1211 408/2053/1211 1573/2057/1211
f 1574/2054/1212 2741/2056/1212 1573/2057/1212 415/2054/1212
f 357/2033/1213 1460/2042/1213 2742/2058/1213 1570/2034/1213
f 1460/2042/1214 411/2041/1214 1566/2059/1214 2742/2058/1214
f 2742/2058/1215 1566/2059/1215 415/2060/1215 1573/2061/1215
f 1570/2034/1216 2742/2058/1216 1573/2061/1216 408/2035/1216
f 411/2041/95 1471/2041/95 2743/2062/95 1566/2059/95
f 1471/2063/94 412/2063/94 1581/2064/94 2743/2065/94
f 2743/2065/94 1581/2064/94 416/2066/94 1574/2066/94
f 1566/2059/95 2743/2062/95 1574/2060/95 415/2060/95
f 405/2067/1184 1548/2068/1184 2744/2069/1184 1549/2070/1184
f 1548/2068/1184 450/1985/1184 1613/1988/1184 2744/2069/1184
f 2744/2069/1184 1613/1988/1184 449/1993/1184 1547/2071/1184
f 1549/2070/1184 2744/2069/1184 1547/2071/1184 403/2072/1184
f 397/1967/1217 1609/2073/1217 2745/2074/1217 1553/1996/1217
f 1609/2073/1173 447/1933/1173 1614/1953/1173 2745/2074/1173
f 2745/2074/1218 1614/1953/1218 449/1957/1218 1611/2075/1218
f 1553/1996/1219 2745/2074/1219 1611/2075/1219 402/1997/1219
f 358/1828/1220 1608/2076/1220 2746/2077/1220 1536/1829/1220
f 1608/2076/1221 446/1863/1221 1615/1950/1221 2746/2077/1221
f 2746/2077/1222 1615/1950/1222 448/1925/1222 1610/2078/1222
f 1536/1829/1223 2746/2077/1223 1610/2078/1223 392/1830/1223
f 392/1830/1224 1610/2078/1224 2747/2079/1224 1544/1966/1224
f 1610/2078/1225 448/1925/1225 1616/1928/1225 2747/2079/1225
f 2747/2079/1226 1616/1928/1226 447/1933/1226 1609/2073/1226
f 1544/1966/1227 2747/2079/1227 1609/2073/1227 397/1967/1227
f 98/625/1228 1593/2080/1228 2748/2081/1228 1476/1866/1228
f 1593/2080/1229 431/277/1229 1617/1859/1229 2748/2081/1229
f 2748/2081/1230 1617/1859/1230 446/1863/1230 1608/2076/1230
f 1476/1866/1231 2748/2081/1231 1608/2076/1231 358/1828/1231
f 156/978/1232 1096/2082/1232 2749/2083/1232 1402/1719/1232
f 1096/2082/1233 440/966/1233 1618/1724/1233 2749/2083/1233
f 2749/2083/1234 1618/1724/1234 445/1677/1234 1417/2084/1234
f 1402/1719/1235 2749/2083/1235 1417/2084/1235 324/1691/1235
f 324/1691/1236 1417/2084/1236 2750/2085/1236 1374/1692/1236
f 1417/2084/1237 445/1677/1237 1619/1680/1237 2750/2085/1237
f 2750/2085/1238 1619/1680/1238 444/659/1238 1394/2086/1238
f 1374/1692/1239 2750/2085/1239 1394/2086/1239 309/359/1239
f 46/361/1240 880/2087/1240 2751/2088/1240 1295/1492/1240
f 880/2087/1241 423/664/1241 1620/1496/1241 2751/2088/1241
f 2751/2088/1242 1620/1496/1242 443/752/1242 1318/2089/1242
f 1295/1492/1243 2751/2088/1243 1318/2089/1243 268/774/1243
f 118/776/1244 1022/2090/1244 2752/2091/1244 1280/1448/1244
f 1022/2090/1245 438/760/1245 1621/1442/1245 2752/2091/1245
f 2752/2091/1246 1621/1442/1246 442/665/1246 1286/2092/1246
f 1280/1448/1247 2752/2091/1247 1286/2092/1247 260/368/1247
f 96/601/1248 1591/2093/1248 2753/2094/1248 1172/1178/1248
f 1591/2093/1249 429/310/1249 1622/1183/1249 2753/2094/1249
f 2753/2094/1250 1622/1183/1250 441/293/1250 1180/2095/1250
f 1172/1178/1251 2753/2094/1251 1180/2095/1251 204/608/1251
f 43/321/1252 877/318/1252 2754/2096/1252 1088/977/1252
f 877/318/1253 420/317/1253 1623/962/1253 2754/2096/1253
f 2754/2096/1254 1623/962/1254 440/966/1254 1096/2082/1254
f 1088/977/1255 2754/2096/1255 1096/2082/1255 156/978/1255
f 95/610/1256 1590/2097/1256 2755/2098/1256 1034/807/1256
f 1590/2097/1257 428/301/1257 1624/812/1257 2755/2098/1257
f 2755/2098/1258 1624/812/1258 439/287/1258 1037/2099/1258
f 1034/807/1259 2755/2098/1259 1037/2099/1259 127/617/1259
f 268/774/1260 1318/2089/1260 2756/2100/1260 1019/775/1260
f 1318/2089/1261 443/752/1261 1625/755/1261 2756/2100/1261
f 2756/2100/1262 1625/755/1262 438/760/1262 1022/2090/1262
f 1019/775/1263 2756/2100/1263 1022/2090/1263 118/776/1263
f 47/2101/1264 881/2102/1264 2757/2103/1264 1014/2104/1264
f 457/2105/1265 1649/2106/1265 2757/2103/1265 881/2102/1265
f 424/741/1266 1626/744/1266 2757/2103/1266 1649/2106/1266
f 436/751/1267 1005/2107/1267 2757/2103/1267 1626/744/1267
f 112/2108/1268 1014/2104/1268 2757/2103/1268 1005/2107/1268
f 112/2109/1269 1005/2110/1269 2758/2111/1269 1008/2112/1269
f 1005/2110/1270 436/708/1270 1627/711/1270 2758/2111/1270
f 2758/2111/1271 1627/711/1271 437/699/1271 1010/2113/1271
f 1008/2112/1272 2758/2111/1272 1010/2113/1272 113/2114/1272
f 113/2114/1273 1010/2113/1273 2759/2115/1273 1006/2116/1273
f 1010/2113/1274 437/699/1274 1628/702/1274 2759/2115/1274
f 2759/2115/1275 1628/702/1275 435/707/1275 1004/2117/1275
f 1006/2116/1276 2759/2115/1276 1004/2117/1276 110/2118/1276
f 260/368/1277 1286/2092/1277 2760/2119/1277 902/369/1277
f 1286/2092/1278 442/665/1278 1629/668/1278 2760/2119/1278
f 2760/2119/1279 1629/668/1279 421/651/1279 878/2120/1279
f 902/369/1280 2760/2119/1280 878/2120/1280 44/350/1280
f 309/359/1281 1394/2086/1281 2761/2121/1281 901/360/1281
f 1394/2086/1282 444/659/1282 1630/662/1282 2761/2121/1282
f 2761/2121/1283 1630/662/1283 423/664/1283 880/2087/1283
f 901/360/1284 2761/2121/1284 880/2087/1284 46/361/1284
f 44/350/1285 878/2120/1285 2762/2122/1285 900/351/1285
f 421/651/1286 1631/654/1286 2762/2122/1286 878/2120/1286
f 424/658/1287 1649/2123/1287 2762/2122/1287 1631/654/1287
f 457/2124/1288 881/2125/1288 2762/2122/1288 1649/2123/1288
f 47/352/1289 900/351/1289 2762/2122/1289 881/2125/1289
f 89/2126/1290 1645/2127/1290 2763/2128/1290 1013/2129/1290
f 453/2130/1291 1584/2131/1291 2763/2128/1291 1645/2127/1291
f 422/640/1292 1632/643/1292 2763/2128/1292 1584/2131/1292
f 435/650/1293 1597/2132/1293 2763/2128/1293 1632/643/1293
f 109/2133/1294 1013/2129/1294 2763/2128/1294 1597/2132/1294
f 45/327/1295 879/2134/1295 2764/2135/1295 897/328/1295
f 454/2136/1296 1646/2137/1296 2764/2135/1296 879/2134/1296
f 422/634/1297 1633/637/1297 2764/2135/1297 1646/2137/1297
f 425/579/1298 882/2138/1298 2764/2135/1298 1633/637/1298
f 48/329/1299 897/328/1299 2764/2135/1299 882/2138/1299
f 48/329/1300 882/2138/1300 2765/2139/1300 883/2140/1300
f 882/2138/1301 425/579/1301 1634/582/1301 2765/2139/1301
f 2765/2139/1302 1634/582/1302 432/567/1302 904/2141/1302
f 883/2140/1303 2765/2139/1303 904/2141/1303 58/2142/1303
f 62/376/1304 911/2143/1304 2766/2144/1304 913/377/1304
f 911/2143/167 433/573/167 1635/576/167 2766/2144/167
f 2766/2144/167 1635/576/167 434/578/167 912/2145/167
f 913/377/1304 2766/2144/1304 912/2145/1304 63/378/1304
f 58/2142/1305 904/2141/1305 2767/2146/1305 914/2147/1305
f 904/2141/1306 432/567/1306 1636/570/1306 2767/2146/1306
f 2767/2146/1307 1636/570/1307 433/572/1307 911/2148/1307
f 914/2147/1308 2767/2146/1308 911/2148/1308 62/2149/1308
f 87/587/1309 1582/960/1309 2768/2150/1309 979/588/1309
f 1582/960/1310 420/317/1310 1637/320/1310 2768/2150/1310
f 2768/2150/1311 1637/320/1311 426/311/1311 1588/2151/1311
f 979/588/1312 2768/2150/1312 1588/2151/1312 93/589/1312
f 93/589/1313 1588/2151/1313 2769/2152/1313 980/594/1313
f 1588/2151/1314 426/311/1314 1638/314/1314 2769/2152/1314
f 2769/2152/1315 1638/314/1315 427/302/1315 1589/2153/1315
f 980/594/1316 2769/2152/1316 1589/2153/1316 94/595/1316
f 94/595/1317 1589/2153/1317 2770/2154/1317 981/600/1317
f 1589/2153/1318 427/302/1318 1639/305/1318 2770/2154/1318
f 2770/2154/1319 1639/305/1319 429/310/1319 1591/2093/1319
f 981/600/1320 2770/2154/1320 1591/2093/1320 96/601/1320
f 204/608/1321 1180/2095/1321 2771/2155/1321 982/609/1321
f 1180/2095/1322 441/293/1322 1640/296/1322 2771/2155/1322
f 2771/2155/1323 1640/296/1323 428/301/1323 1590/2097/1323
f 982/609/1324 2771/2155/1324 1590/2097/1324 95/610/1324
f 127/617/1325 1037/2099/1325 2772/2156/1325 983/618/1325
f 1037/2099/1326 439/287/1326 1641/290/1326 2772/2156/1326
f 2772/2156/1327 1641/290/1327 430/269/1327 1592/2157/1327
f 983/618/1328 2772/2156/1328 1592/2157/1328 97/619/1328
f 97/619/1329 1592/2157/1329 2773/2158/1329 984/624/1329
f 1592/2157/1330 430/269/1330 1642/272/1330 2773/2158/1330
f 2773/2158/1331 1642/272/1331 431/277/1331 1593/2080/1331
f 984/624/1332 2773/2158/1332 1593/2080/1332 98/625/1332
f 116/1452/1333 1653/1451/1333 2774/2159/1333 1017/2160/1333
f 1653/1451/1334 460/196/1334 1654/195/1334 2774/2159/1334
f 2774/2159/1335 1654/195/1335 135/194/1335 1057/2161/1335
f 1017/2160/1336 2774/2159/1336 1057/2161/1336 136/2162/1336
f 258/1/1 812/4/1 2775/2163/1 2061/2164/1
f 7/11/1 1658/2165/1 2775/2163/1 812/4/1
f 464/2166/1 2053/2167/1 2775/2163/1 1658/2165/1
f 643/2168/1 2094/2169/1 2775/2163/1 2053/2167/1
f 661/2170/1 2061/2164/1 2775/2163/1 2094/2169/1
f 642/2171/1337 1810/2172/1337 2776/2173/1337 2060/2174/1337
f 1810/2172/1338 521/2175/1338 1783/2176/1338 2776/2173/1338
f 2776/2173/1339 1783/2176/1339 463/2177/1339 1657/2178/1339
f 2060/2174/1340 2776/2173/1340 1657/2178/1340 639/2179/1340
f 476/2180/1341 1698/2181/1341 2777/2182/1341 1695/2183/1341
f 1698/2181/1342 558/2184/1342 1865/2185/1342 2777/2182/1342
f 2777/2182/1343 1865/2185/1343 559/2186/1343 1876/2187/1343
f 1695/2183/1344 2777/2182/1344 1876/2187/1344 479/2188/1344
f 463/2189/1345 1671/2190/1345 2778/2191/1345 1660/2192/1345
f 1671/2190/1346 467/2193/1346 1669/2194/1346 2778/2191/1346
f 2778/2191/11 1669/2194/11 14/36/11 825/35/11
f 1660/2192/11 2778/2191/11 825/35/11 6/34/11
f 639/2195/1347 1657/2196/1347 2779/2197/1347 2059/2198/1347
f 1657/2196/1347 463/2189/1347 1660/2192/1347 2779/2197/1347
f 2779/2197/14 1660/2192/14 6/34/14 814/44/14
f 2059/2198/14 2779/2197/14 814/44/14 259/43/14
f 595/2199/1348 1969/2200/1348 2780/2201/1348 1694/2202/1348
f 1969/2200/1349 602/2203/1349 1864/2204/1349 2780/2201/1349
f 2780/2201/1350 1864/2204/1350 560/2205/1350 1875/2206/1350
f 1694/2202/1351 2780/2201/1351 1875/2206/1351 481/2207/1351
f 685/2208/1352 1809/2209/1352 2781/2210/1352 2161/2211/1352
f 1809/2209/1353 523/2212/1353 1785/2213/1353 2781/2210/1353
f 2781/2210/1354 1785/2213/1354 465/2214/1354 1662/2215/1354
f 2161/2211/1355 2781/2210/1355 1662/2215/1355 682/2216/1355
f 308/63/25 817/66/25 2782/2217/25 2160/2218/25
f 10/73/26 1666/2219/26 2782/2217/26 817/66/26
f 466/2220/26 2143/2221/26 2782/2217/26 1666/2219/26
f 688/2222/23 2193/2223/23 2782/2217/23 2143/2221/23
f 709/2224/24 2160/2218/24 2782/2217/24 2193/2223/24
f 103/74/27 992/77/27 2783/2225/27 1821/2226/27
f 992/77/27 17/82/27 1673/2227/27 2783/2225/27
f 2783/2225/27 1673/2227/27 470/2228/27 1670/2229/27
f 1821/2226/27 2783/2225/27 1670/2229/27 534/2230/27
f 7/11/28 828/84/28 2784/2231/28 1658/2165/28
f 828/84/28 13/88/28 1668/2232/28 2784/2231/28
f 2784/2231/28 1668/2232/28 468/2233/28 1672/2234/28
f 1658/2165/28 2784/2231/28 1672/2234/28 464/2166/28
f 521/2175/1356 1808/2235/1356 2785/2236/1356 1783/2176/1356
f 1808/2235/1357 524/2237/1357 1786/2238/1357 2785/2236/1357
f 2785/2236/1358 1786/2238/1358 467/2239/1358 1671/2240/1358
f 1783/2176/1359 2785/2236/1359 1671/2240/1359 463/2177/1359
f 17/82/33 839/96/33 2786/2241/33 1673/2227/33
f 839/96/33 21/100/33 1678/2242/33 2786/2241/33
f 2786/2241/33 1678/2242/33 472/2243/33 1675/2244/33
f 1673/2227/33 2786/2241/33 1675/2244/33 470/2228/33
f 535/2245/1360 1812/2246/1360 2787/2247/1360 1820/2248/1360
f 1812/2246/1361 469/2249/1361 1674/2250/1361 2787/2247/1361
f 2787/2247/35 1674/2250/35 18/107/35 833/106/35
f 1820/2248/35 2787/2247/35 833/106/35 104/105/35
f 538/2251/1362 2372/2252/1362 2788/2253/1362 1819/2254/1362
f 794/2255/1363 1807/2256/1363 2788/2253/1363 2372/2252/1363
f 522/2257/1364 1784/2258/1364 2788/2253/1364 1807/2256/1364
f 469/2259/1365 1812/2260/1365 2788/2253/1365 1784/2258/1365
f 535/2261/1366 1819/2254/1366 2788/2253/1366 1812/2260/1366
f 471/2262/1367 1737/2263/1367 2789/2264/1367 1679/2265/1367
f 1737/2263/1368 498/2266/1368 1734/2267/1368 2789/2264/1368
f 2789/2264/43 1734/2267/43 57/127/43 907/126/43
f 1679/2265/43 2789/2264/43 907/126/43 22/125/43
f 522/2257/1369 1806/2268/1369 2790/2269/1369 1784/2258/1369
f 1806/2268/1370 525/2270/1370 1787/2271/1370 2790/2269/1370
f 2790/2269/1371 1787/2271/1371 471/2272/1371 1680/2273/1371
f 1784/2258/1372 2790/2269/1372 1680/2273/1372 469/2259/1372
f 469/2249/1373 1680/2274/1373 2791/2275/1373 1674/2250/1373
f 1680/2274/1374 471/2262/1374 1679/2265/1374 2791/2275/1374
f 2791/2275/50 1679/2265/50 22/125/50 841/138/50
f 1674/2250/50 2791/2275/50 841/138/50 18/107/50
f 572/2276/1375 1846/2277/1375 2792/2278/1375 1908/2279/1375
f 1846/2277/1376 604/2280/1376 1985/2281/1376 2792/2278/1376
f 2792/2278/1377 1985/2281/1377 221/145/1377 809/144/1377
f 1908/2279/1378 2792/2278/1378 809/144/1378 155/143/1378
f 620/2282/1379 2048/2283/1379 2793/2284/1379 1655/2285/1379
f 2048/2283/1380 626/2286/1380 1681/2287/1380 2793/2284/1380
f 2793/2284/1381 1681/2287/1381 474/2288/1381 1683/2289/1381
f 1655/2285/1382 2793/2284/1382 1683/2289/1382 462/2290/1382
f 474/2291/60 1696/2292/60 2794/2293/60 1683/2294/60
f 1696/2292/60 606/2295/60 1973/2296/60 2794/2293/60
f 2794/2293/60 1973/2296/60 605/2297/60 1693/2298/60
f 1683/2294/60 2794/2293/60 1693/2298/60 462/2299/60
f 550/2300/1383 1874/2301/1383 2795/2302/1383 1856/2303/1383
f 1874/2301/1384 562/2304/1384 1873/2305/1384 2795/2302/1384
f 2795/2302/1385 1873/2305/1385 134/172/1385 807/171/1385
f 1856/2303/1386 2795/2302/1386 807/171/1386 122/170/1386
f 626/2286/1387 2047/2306/1387 2796/2307/1387 1681/2287/1387
f 2047/2306/1388 627/2308/1388 1684/2309/1388 2796/2307/1388
f 2796/2307/1389 1684/2309/1389 477/2310/1389 1689/2311/1389
f 1681/2287/1390 2796/2307/1390 1689/2311/1390 474/2288/1390
f 573/2312/1391 1907/2313/1391 2797/2314/1391 1894/2315/1391
f 1907/2313/1392 577/2316/1392 1899/2317/1392 2797/2314/1392
f 2797/2314/1393 1899/2317/1393 555/2318/1393 1664/2319/1393
f 1894/2315/1394 2797/2314/1394 1664/2319/1394 461/2320/1394
f 801/2321/1395 1834/2322/1395 2798/2323/1395 2380/2324/1395
f 1834/2322/1396 545/2325/1396 1842/2326/1396 2798/2323/1396
f 2798/2323/1397 1842/2326/1397 802/2327/1397 2382/2328/1397
f 2380/2324/1398 2798/2323/1398 2382/2328/1398 561/2329/1398
f 123/199/1399 843/202/1399 2799/2330/1399 1855/2331/1399
f 843/202/1400 220/207/1400 1983/2332/1400 2799/2330/1400
f 2799/2330/1401 1983/2332/1401 613/2333/1401 1686/2334/1401
f 1855/2331/1402 2799/2330/1402 1686/2334/1402 551/2335/1402
f 627/2308/1403 2046/2336/1403 2800/2337/1403 1684/2309/1403
f 2046/2338/1404 629/2339/1404 1691/2340/1404 2800/2341/1404
f 2800/2341/1405 1691/2340/1405 480/2342/1405 1697/2343/1405
f 1684/2309/1406 2800/2337/1406 1697/2344/1406 477/2310/1406
f 122/170/1407 1029/218/1407 2801/2345/1407 1856/2303/1407
f 1029/218/1408 37/222/1408 1704/2346/1408 2801/2345/1408
f 2801/2345/1409 1704/2346/1409 484/2347/1409 1700/2348/1409
f 1856/2303/1410 2801/2345/1410 1700/2348/1410 550/2300/1410
f 480/2342/89 1968/2349/89 2802/2350/89 1697/2343/89
f 1968/2349/89 609/2351/89 1978/2352/89 2802/2350/89
f 2802/2350/89 1978/2352/89 607/2353/89 1688/2354/89
f 1697/2343/89 2802/2350/89 1688/2354/89 477/2355/89
f 638/2356/1411 2045/2357/1411 2803/2358/1411 2029/2359/1411
f 2045/2357/1412 628/2360/1412 1687/2361/1412 2803/2358/1412
f 2803/2358/1413 1687/2361/1413 482/2362/1413 1956/2363/1413
f 2029/2359/1414 2803/2358/1414 1956/2363/1414 598/2364/1414
f 551/2335/97 1847/2365/97 2804/2366/97 1855/2331/97
f 1847/2365/97 36/247/97 867/247/97 2804/2366/97
f 2804/2366/97 867/247/97 38/247/97 869/246/97
f 1855/2331/97 2804/2366/97 869/246/97 123/199/97
f 636/2367/1415 2044/2368/1415 2805/2369/1415 2027/2370/1415
f 2044/2368/1416 630/2371/1416 1703/2372/1416 2805/2369/1416
f 2805/2369/1417 1703/2372/1417 36/247/1417 1847/2365/1417
f 2027/2370/1418 2805/2369/1418 1847/2365/1418 551/2335/1418
f 630/2371/1419 2043/2373/1419 2806/2374/1419 1703/2372/1419
f 2043/2375/1420 631/2376/1420 1706/2377/1420 2806/2378/1420
f 2806/2378/1421 1706/2377/1421 40/2379/1421 875/2380/1421
f 1703/2372/1422 2806/2374/1422 875/256/1422 36/247/1422
f 37/222/106 868/264/106 2807/2381/106 1704/2346/106
f 868/264/106 41/268/106 1707/2382/106 2807/2381/106
f 2807/2381/106 1707/2382/106 485/2383/106 1708/2384/106
f 1704/2346/106 2807/2381/106 1708/2384/106 484/2347/106
f 774/2385/1423 2370/2386/1423 2808/2387/1423 1720/2388/1423
f 2370/2386/1424 775/2389/1424 1721/2390/1424 2808/2387/1424
f 2808/2387/1425 1721/2390/1425 497/2391/1425 1722/2392/1425
f 1720/2388/1426 2808/2387/1426 1722/2392/1426 496/2393/1426
f 737/2394/1427 2278/2395/1427 2809/2396/1427 1764/2397/1427
f 2278/2395/1428 749/2398/1428 2220/2399/1428 2809/2396/1428
f 2809/2396/1429 2220/2399/1429 725/2400/1429 2227/2401/1429
f 1764/2397/1430 2809/2396/1430 2227/2401/1430 517/2402/1430
f 782/2403/1431 2369/2404/1431 2810/2405/1431 2330/2406/1431
f 2369/2404/1432 774/2385/1432 1720/2388/1432 2810/2405/1432
f 2810/2405/1433 1720/2388/1433 496/2393/1433 1723/2407/1433
f 2330/2406/1434 2810/2405/1434 1723/2407/1434 552/2408/1434
f 784/2409/1435 2368/2410/1435 2811/2411/1435 2332/2412/1435
f 2368/2410/1436 772/2413/1436 1718/2414/1436 2811/2411/1436
f 2811/2411/1437 1718/2414/1437 494/2415/1437 1724/2416/1437
f 2332/2412/1438 2811/2411/1438 1724/2416/1438 599/2417/1438
f 771/2418/1439 2367/2419/1439 2812/2420/1439 1717/2421/1439
f 2367/2419/1440 773/2422/1440 1719/2423/1440 2812/2420/1440
f 2812/2420/1441 1719/2423/1441 495/2424/1441 1725/2425/1441
f 1717/2421/1442 2812/2420/1442 1725/2425/1442 493/2426/1442
f 770/2427/1443 2366/2428/1443 2813/2429/1443 1716/2430/1443
f 2366/2428/1444 771/2418/1444 1717/2421/1444 2813/2429/1444
f 2813/2429/1445 1717/2421/1445 493/2426/1445 1726/2431/1445
f 1716/2430/1446 2813/2429/1446 1726/2431/1446 492/2432/1446
f 764/2433/1447 2365/2434/1447 2814/2435/1447 1709/2436/1447
f 2365/2434/1448 770/2427/1448 1716/2430/1448 2814/2435/1448
f 2814/2435/1449 1716/2430/1449 492/2432/1449 1727/2437/1449
f 1709/2436/1450 2814/2435/1450 1727/2437/1450 486/2438/1450
f 728/2439/1451 2277/2440/1451 2815/2441/1451 2232/2442/1451
f 2277/2440/1452 731/2443/1452 2235/2444/1452 2815/2441/1452
f 2815/2441/1453 2235/2444/1453 491/2445/1453 1728/2446/1453
f 2232/2442/1454 2815/2441/1454 1728/2446/1454 488/2447/1454
f 731/2443/1455 2276/2448/1455 2816/2449/1455 2235/2444/1455
f 2276/2448/1456 738/2450/1456 2242/2451/1456 2816/2449/1456
f 2816/2449/1457 2242/2451/1457 502/2452/1457 1747/2453/1457
f 2235/2444/1458 2816/2449/1458 1747/2453/1458 491/2445/1458
f 740/2454/1459 2275/2455/1459 2817/2456/1459 2244/2457/1459
f 728/2439/1460 2232/2442/1460 2817/2456/1460 2275/2455/1460
f 488/2447/1461 1730/2458/1461 2817/2456/1461 2232/2442/1461
f 797/2459/1462 2375/2460/1462 2817/2456/1462 1730/2458/1462
f 536/2461/1463 2244/2457/1463 2817/2456/1463 2375/2460/1463
f 727/2462/1464 2274/2463/1464 2818/2464/1464 2231/2465/1464
f 2274/2463/1465 730/2466/1465 2234/2467/1465 2818/2464/1465
f 2818/2464/1466 2234/2467/1466 490/2468/1466 1731/2469/1466
f 2231/2465/1467 2818/2464/1467 1731/2469/1467 487/2470/1467
f 747/2471/1468 2273/2472/1468 2819/2473/1468 2251/2474/1468
f 2273/2472/1469 729/2475/1469 2233/2476/1469 2819/2473/1469
f 2819/2473/1470 2233/2476/1470 489/2477/1470 1732/2478/1470
f 2251/2474/1471 2819/2473/1471 1732/2478/1471 683/2479/1471
f 745/2480/1472 2272/2481/1472 2820/2482/1472 2249/2483/1472
f 2272/2481/1473 727/2462/1473 2231/2465/1473 2820/2482/1473
f 2820/2482/1474 2231/2465/1474 487/2470/1474 1733/2484/1474
f 2249/2483/1475 2820/2482/1475 1733/2484/1475 640/2485/1475
f 59/370/160 915/373/160 2821/2486/160 1736/2487/160
f 915/373/160 63/378/160 1740/2488/160 2821/2486/160
f 2821/2486/160 1740/2488/160 501/2489/160 1741/2490/160
f 1736/2487/160 2821/2486/160 1741/2490/160 499/2491/160
f 49/379/162 909/382/162 2822/2492/162 1729/2493/162
f 909/382/162 59/370/162 1736/2487/162 2822/2492/162
f 2822/2492/162 1736/2487/162 499/2491/162 1715/2494/162
f 1729/2493/162 2822/2492/162 1715/2494/162 491/2495/162
f 525/2270/1476 1798/2496/1476 2823/2497/1476 1787/2271/1476
f 1798/2496/1477 532/2498/1477 1794/2499/1477 2823/2497/1477
f 2823/2497/1478 1794/2499/1478 498/2500/1478 1737/2501/1478
f 1787/2271/1479 2823/2497/1479 1737/2501/1479 471/2272/1479
f 533/2502/167 1797/2503/167 2824/2504/167 1795/2505/167
f 1797/2503/167 101/399/167 975/398/167 2824/2504/167
f 2824/2504/167 975/398/167 61/397/167 1738/2506/167
f 1795/2505/1480 2824/2504/1480 1738/2506/1480 500/2507/1480
f 532/2498/1481 1796/2508/1481 2825/2509/1481 1794/2499/1481
f 1796/2508/1482 533/2510/1482 1795/2511/1482 2825/2509/1482
f 2825/2512/1483 1795/2513/1483 500/2514/1483 1742/2515/1483
f 1794/2499/1484 2825/2509/1484 1742/2516/1484 498/2500/1484
f 498/2266/1485 1742/2515/1485 2826/2517/1485 1734/2267/1485
f 1742/2515/1486 500/2514/1486 1738/2518/1486 2826/2517/1486
f 2826/2517/174 1738/2518/174 61/409/174 905/408/174
f 1734/2267/174 2826/2517/174 905/408/174 57/127/174
f 738/2450/1487 2271/2519/1487 2827/2520/1487 2242/2451/1487
f 2271/2519/1488 739/2521/1488 2243/2522/1488 2827/2520/1488
f 2827/2520/1489 2243/2522/1489 504/2523/1489 1745/2524/1489
f 2242/2451/1490 2827/2520/1490 1745/2524/1490 502/2452/1490
f 491/2525/180 1747/2526/180 2828/2527/180 1729/2528/180
f 1747/2526/180 502/2529/180 1746/2530/180 2828/2527/180
f 2828/2527/180 1746/2530/180 67/424/180 923/423/180
f 1729/2528/180 2828/2527/180 923/423/180 49/422/180
f 21/100/181 838/428/181 2829/2531/181 1678/2242/181
f 838/428/181 66/432/181 1744/2532/181 2829/2531/181
f 2829/2531/181 1744/2532/181 503/2533/181 1748/2534/181
f 1678/2242/181 2829/2531/181 1748/2534/181 472/2243/181
f 739/2535/182 2270/2536/182 2830/2537/182 2243/2538/182
f 2270/2536/182 378/441/182 1491/440/182 2830/2537/182
f 2830/2537/182 1491/440/182 71/439/182 1751/2539/182
f 2243/2538/182 2830/2537/182 1751/2539/182 504/2540/182
f 502/2529/183 1745/2541/183 2831/2542/183 1746/2530/183
f 1745/2541/183 504/2543/183 1751/2544/183 2831/2542/183
f 2831/2542/183 1751/2544/183 71/445/183 929/444/183
f 1746/2530/183 2831/2542/183 929/444/183 67/424/183
f 66/448/184 930/451/184 2832/2545/184 1744/2546/184
f 930/451/184 70/456/184 1750/2547/184 2832/2545/184
f 2832/2545/184 1750/2547/184 505/2548/184 1752/2549/184
f 1744/2546/184 2832/2545/184 1752/2549/184 503/2550/184
f 633/2551/182 2042/2552/182 2833/2553/182 2024/2554/182
f 2042/2552/182 251/465/182 1252/464/182 2833/2553/182
f 2833/2553/182 1252/464/182 86/463/182 1767/2555/182
f 2024/2554/182 2833/2553/182 1767/2555/182 519/2556/182
f 632/2557/1491 2041/2558/1491 2834/2559/1491 2023/2560/1491
f 2041/2558/1492 633/2551/1492 2024/2554/1492 2834/2559/1492
f 2834/2559/1493 2024/2554/1493 519/2556/1493 1768/2561/1493
f 2023/2560/1494 2834/2559/1494 1768/2561/1494 518/2562/1494
f 644/2563/1495 2040/2564/1495 2835/2565/1495 2057/2566/1495
f 2040/2564/1496 621/2567/1496 2012/2568/1496 2835/2565/1496
f 2835/2565/1497 2012/2568/1497 507/2569/1497 1769/2570/1497
f 2057/2566/1498 2835/2565/1498 1769/2570/1498 641/2571/1498
f 693/2572/1499 2039/2573/1499 2836/2574/1499 2158/2575/1499
f 2039/2573/1500 623/2576/1500 2014/2577/1500 2836/2574/1500
f 2836/2574/1501 2014/2577/1501 509/2578/1501 1770/2579/1501
f 2158/2575/1502 2836/2574/1502 1770/2579/1502 684/2580/1502
f 621/2567/1503 2038/2581/1503 2837/2582/1503 2012/2568/1503
f 2038/2581/1504 624/2583/1504 2015/2584/1504 2837/2582/1504
f 2837/2582/1505 2015/2584/1505 510/2585/1505 1771/2586/1505
f 2012/2568/1506 2837/2582/1506 1771/2586/1506 507/2569/1506
f 634/2587/1507 2037/2588/1507 2838/2589/1507 2025/2590/1507
f 2037/2588/1508 622/2591/1508 2013/2592/1508 2838/2589/1508
f 2838/2589/1509 2013/2592/1509 508/2593/1509 1772/2594/1509
f 2025/2590/1510 2838/2589/1510 1772/2594/1510 537/2595/1510
f 625/2596/1511 2036/2597/1511 2839/2598/1511 2016/2599/1511
f 2036/2597/1512 632/2600/1512 2023/2601/1512 2839/2598/1512
f 2839/2598/1513 2023/2601/1513 518/2602/1513 1773/2603/1513
f 2016/2599/1514 2839/2598/1514 1773/2603/1514 511/2604/1514
f 622/2591/1515 2035/2605/1515 2840/2606/1515 2013/2592/1515
f 2035/2605/1516 625/2596/1516 2016/2599/1516 2840/2606/1516
f 2840/2606/1517 2016/2599/1517 511/2604/1517 1774/2607/1517
f 2013/2592/1518 2840/2606/1518 1774/2607/1518 508/2593/1518
f 517/2402/1519 2227/2401/1519 2841/2608/1519 2022/2609/1519
f 2227/2401/1520 725/2400/1520 2225/2610/1520 2841/2608/1520
f 2841/2608/1521 2225/2610/1521 720/2611/1521 1805/2612/1521
f 2022/2609/1522 2841/2608/1522 1805/2612/1522 631/2376/1522
f 736/2613/1523 2269/2614/1523 2842/2615/1523 1763/2616/1523
f 2269/2614/1524 737/2394/1524 1764/2397/1524 2842/2615/1524
f 2842/2615/1525 1764/2397/1525 517/2402/1525 1776/2617/1525
f 1763/2616/1526 2842/2615/1526 1776/2617/1526 516/2618/1526
f 742/2619/1527 2268/2620/1527 2843/2621/1527 2246/2622/1527
f 2268/2620/1528 736/2613/1528 1763/2616/1528 2843/2621/1528
f 2843/2621/1529 1763/2616/1529 516/2618/1529 1777/2623/1529
f 2246/2622/1530 2843/2621/1530 1777/2623/1530 553/2624/1530
f 744/2625/1531 2267/2626/1531 2844/2627/1531 2248/2628/1531
f 2267/2626/1532 734/2629/1532 1761/2630/1532 2844/2627/1532
f 2844/2627/1533 1761/2630/1533 514/2631/1533 1778/2632/1533
f 2248/2628/1534 2844/2627/1534 1778/2632/1534 600/2633/1534
f 733/2634/1535 2266/2635/1535 2845/2636/1535 1760/2637/1535
f 2266/2635/1536 735/2638/1536 1762/2639/1536 2845/2636/1536
f 2845/2636/1537 1762/2639/1537 515/2640/1537 1779/2641/1537
f 1760/2637/1538 2845/2636/1538 1779/2641/1538 513/2642/1538
f 732/2643/1539 2265/2644/1539 2846/2645/1539 1759/2646/1539
f 2265/2644/1540 733/2634/1540 1760/2637/1540 2846/2645/1540
f 2846/2645/1541 1760/2637/1541 513/2642/1541 1780/2647/1541
f 1759/2646/1542 2846/2645/1542 1780/2647/1542 512/2648/1542
f 726/2649/1543 2264/2650/1543 2847/2651/1543 1753/2652/1543
f 2264/2650/1544 732/2643/1544 1759/2646/1544 2847/2651/1544
f 2847/2651/1545 1759/2646/1545 512/2648/1545 1781/2653/1545
f 1753/2652/1546 2847/2651/1546 1781/2653/1546 506/2654/1546
f 776/2655/1547 2364/2656/1547 2848/2657/1547 2324/2658/1547
f 2364/2656/1548 777/2659/1548 2325/2660/1548 2848/2657/1548
f 2848/2657/1549 2325/2660/1549 533/2510/1549 1796/2508/1549
f 2324/2658/1550 2848/2657/1550 1796/2508/1550 532/2498/1550
f 777/2661/167 2363/2662/167 2849/2663/167 2325/2664/167
f 2363/2662/167 434/578/167 1596/577/167 2849/2663/167
f 2849/2663/167 1596/577/167 101/399/167 1797/2503/167
f 2325/2664/167 2849/2663/167 1797/2503/167 533/2502/167
f 769/2665/1551 2362/2666/1551 2850/2667/1551 2317/2668/1551
f 2362/2666/1552 776/2655/1552 2324/2658/1552 2850/2667/1552
f 2850/2667/1553 2324/2658/1553 532/2498/1553 1798/2496/1553
f 2317/2668/1554 2850/2667/1554 1798/2496/1554 525/2270/1554
f 461/2669/1555 1682/2670/1555 2851/2671/1555 1782/2672/1555
f 1682/2670/1556 473/2673/1556 1788/2674/1556 2851/2671/1556
f 2851/2671/1557 1788/2674/1557 526/2675/1557 1799/2676/1557
f 1782/2672/1558 2851/2671/1558 1799/2676/1558 520/2677/1558
f 473/2673/1559 1690/2678/1559 2852/2679/1559 1788/2674/1559
f 1690/2678/1560 476/2680/1560 1789/2681/1560 2852/2679/1560
f 2852/2679/1561 1789/2681/1561 527/2682/1561 1800/2683/1561
f 1788/2674/1562 2852/2679/1562 1800/2683/1562 526/2675/1562
f 476/2680/1563 1695/2684/1563 2853/2685/1563 1789/2681/1563
f 1695/2684/1564 479/2686/1564 1791/2687/1564 2853/2685/1564
f 2853/2685/1565 1791/2687/1565 529/2688/1565 1801/2689/1565
f 1789/2681/1566 2853/2685/1566 1801/2689/1566 527/2682/1566
f 595/2690/1567 1694/2691/1567 2854/2692/1567 1964/2693/1567
f 1694/2691/1568 481/2694/1568 1790/2695/1568 2854/2692/1568
f 2854/2692/1569 1790/2695/1569 528/2696/1569 1802/2697/1569
f 1964/2693/1570 2854/2692/1570 1802/2697/1570 601/2698/1570
f 550/2699/1571 1700/2700/1571 2855/2701/1571 1851/2702/1571
f 1700/2700/1572 484/2703/1572 1792/2704/1572 2855/2701/1572
f 2855/2701/1573 1792/2704/1573 530/2705/1573 1803/2706/1573
f 1851/2702/1573 2855/2701/1573 1803/2706/1573 554/2707/1573
f 484/2703/1574 1708/2708/1574 2856/2709/1574 1792/2704/1574
f 1708/2708/1575 485/2710/1575 1793/2711/1575 2856/2709/1575
f 2856/2709/1576 1793/2711/1576 531/2712/1576 1804/2713/1576
f 1792/2704/1577 2856/2709/1577 1804/2713/1577 530/2705/1577
f 41/268/272 891/629/272 2857/2714/272 1707/2382/272
f 891/629/272 354/633/272 2215/2715/272 2857/2714/272
f 2857/2714/272 2215/2715/272 721/2716/272 1775/2717/272
f 1707/2382/272 2857/2714/272 1775/2717/272 485/2383/272
f 766/2718/1578 2361/2719/1578 2858/2720/1578 2314/2721/1578
f 769/2665/1579 2317/2668/1579 2858/2720/1579 2361/2719/1579
f 525/2270/1580 1806/2268/1580 2858/2720/1580 2317/2668/1580
f 522/2257/1581 2373/2722/1581 2858/2720/1581 1806/2268/1581
f 795/2723/1582 2314/2721/1582 2858/2720/1582 2373/2722/1582
f 766/2724/1583 2360/2725/1583 2859/2726/1583 2374/2727/1583
f 778/2728/1584 1822/2729/1584 2859/2726/1584 2360/2725/1584
f 540/2730/1585 1830/2731/1585 2859/2726/1585 1822/2729/1585
f 488/2732/1586 1711/2733/1586 2859/2726/1586 1830/2731/1586
f 796/2734/1587 2374/2727/1587 2859/2726/1587 1711/2733/1587
f 765/2735/1588 2359/2736/1588 2860/2737/1588 2313/2738/1588
f 768/2739/1589 2316/2740/1589 2860/2737/1589 2359/2736/1589
f 800/2741/1590 2378/2742/1590 2860/2737/1590 2316/2740/1590
f 524/2237/1591 1808/2235/1591 2860/2737/1591 2378/2742/1591
f 521/2175/1592 2313/2738/1592 2860/2737/1592 1808/2235/1592
f 787/2743/1593 2358/2744/1593 2861/2745/1593 2335/2746/1593
f 2358/2744/1594 767/2747/1594 2315/2748/1594 2861/2745/1594
f 2861/2745/1595 2315/2748/1595 523/2212/1595 1809/2209/1595
f 2335/2746/1596 2861/2745/1596 1809/2209/1596 685/2208/1596
f 785/2749/1597 2357/2750/1597 2862/2751/1597 2333/2752/1597
f 2357/2750/1598 765/2735/1598 2313/2738/1598 2862/2751/1598
f 2862/2751/1599 2313/2738/1599 521/2175/1599 1810/2172/1599
f 2333/2752/1600 2862/2751/1600 1810/2172/1600 642/2171/1600
f 524/2753/1601 1829/2754/1601 2863/2755/1601 2371/2756/1601
f 541/2757/1602 1827/2758/1602 2863/2755/1602 1829/2754/1602
f 544/2759/1603 1816/2760/1603 2863/2755/1603 1827/2758/1603
f 538/2761/1604 1815/2762/1604 2863/2755/1604 1816/2760/1604
f 793/2763/1605 2371/2764/1605 2863/2765/1605 1815/2766/1605
f 624/2583/1606 2034/2767/1606 2864/2768/1606 2015/2584/1606
f 2034/2767/1607 634/2587/1607 2025/2590/1607 2864/2768/1607
f 2864/2768/1608 2025/2590/1608 537/2595/1608 1814/2769/1608
f 2015/2584/1609 2864/2768/1609 1814/2769/1609 510/2585/1609
f 730/2466/1610 2263/2770/1610 2865/2771/1610 2234/2467/1610
f 740/2454/1611 2244/2457/1611 2865/2771/1611 2263/2770/1611
f 536/2461/1612 1813/2772/1612 2865/2771/1612 2244/2457/1612
f 798/2773/1613 2376/2774/1613 2865/2771/1613 1813/2772/1613
f 490/2468/1614 2234/2467/1614 2865/2771/1614 2376/2774/1614
f 524/2237/1615 2371/2764/1615 2866/2775/1615 1786/2238/1615
f 793/2763/1616 1815/2766/1616 2866/2775/1616 2371/2764/1616
f 538/2251/1617 1819/2254/1617 2866/2775/1617 1815/2766/1617
f 535/2261/1618 1676/2776/1618 2866/2775/1618 1819/2254/1618
f 467/2239/1619 1786/2238/1619 2866/2775/1619 1676/2776/1619
f 467/2193/1620 1676/2777/1620 2867/2778/1620 1669/2194/1620
f 1676/2777/1621 535/2245/1621 1820/2248/1621 2867/2778/1621
f 2867/2778/35 1820/2248/35 104/105/35 993/695/35
f 1669/2194/35 2867/2778/35 993/695/35 14/36/35
f 13/88/27 832/697/27 2868/2779/27 1668/2232/27
f 832/697/27 103/74/27 1821/2226/27 2868/2779/27
f 2868/2779/27 1821/2226/27 534/2230/27 1811/2780/27
f 1668/2232/27 2868/2779/27 1811/2780/27 468/2233/27
f 780/2781/1622 2356/2782/1622 2869/2783/1622 2328/2784/1622
f 2356/2782/1623 778/2785/1623 2326/2786/1623 2869/2783/1623
f 2869/2783/1624 2326/2786/1624 539/2787/1624 1825/2788/1624
f 2328/2784/1625 2869/2783/1625 1825/2788/1625 544/2789/1625
f 779/2790/1626 2355/2791/1626 2870/2792/1626 2327/2793/1626
f 2355/2791/1627 780/2781/1627 2328/2784/1627 2870/2792/1627
f 2870/2792/1628 2328/2784/1628 544/2789/1628 1827/2794/1628
f 2327/2793/1629 2870/2792/1629 1827/2794/1629 541/2795/1629
f 536/2796/1630 1833/2797/1630 2871/2798/1630 1813/2799/1630
f 543/2800/1631 1826/2801/1631 2871/2798/1631 1833/2797/1631
f 542/2802/1632 1832/2803/1632 2871/2798/1632 1826/2801/1632
f 490/2804/1633 2376/2805/1633 2871/2798/1633 1832/2803/1633
f 798/2806/1634 1813/2799/1634 2871/2798/1634 2376/2805/1634
f 538/2761/1635 1816/2760/1635 2872/2807/1635 2372/2808/1635
f 544/2759/1636 1825/2809/1636 2872/2807/1636 1816/2760/1636
f 539/2810/1637 1831/2811/1637 2872/2807/1637 1825/2809/1637
f 522/2812/1638 1807/2813/1638 2872/2807/1638 1831/2811/1638
f 794/2255/1639 2372/2252/1639 2872/2814/1639 1807/2256/1639
f 488/2815/1640 1830/2816/1640 2873/2817/1640 1730/2818/1640
f 540/2819/1641 1824/2820/1641 2873/2817/1641 1830/2816/1641
f 543/2800/1642 1833/2797/1642 2873/2817/1642 1824/2820/1642
f 536/2796/1643 2375/2821/1643 2873/2817/1643 1833/2797/1643
f 797/2822/1644 1730/2818/1644 2873/2817/1644 2375/2821/1644
f 768/2823/1645 2354/2824/1645 2874/2825/1645 2316/2826/1645
f 779/2827/1646 2327/2828/1646 2874/2825/1646 2354/2824/1646
f 541/2829/1647 1829/2830/1647 2874/2825/1647 2327/2828/1647
f 524/2831/1648 2378/2832/1648 2874/2825/1648 1829/2830/1648
f 800/2833/1649 2316/2826/1649 2874/2825/1649 2378/2832/1649
f 786/2834/1650 2353/2835/1650 2875/2836/1650 2334/2837/1650
f 2353/2835/1651 781/2838/1651 2329/2839/1651 2875/2836/1651
f 2875/2836/1652 2329/2839/1652 549/2840/1652 1838/2841/1652
f 2334/2837/1653 2875/2836/1653 1838/2841/1653 649/2842/1653
f 656/2843/1654 2033/2844/1654 2876/2845/1654 2085/2846/1654
f 2033/2844/1655 635/2847/1655 2026/2848/1655 2876/2845/1655
f 2876/2845/1656 2026/2848/1656 548/2849/1656 1837/2850/1656
f 2085/2846/1657 2876/2845/1657 1837/2850/1657 648/2851/1657
f 746/2852/1658 2262/2853/1658 2877/2854/1658 2250/2855/1658
f 2262/2853/1659 741/2856/1659 2245/2857/1659 2877/2854/1659
f 2877/2854/1660 2245/2857/1660 547/2858/1660 1836/2859/1660
f 2250/2855/1661 2877/2854/1661 1836/2859/1661 647/2860/1661
f 646/2861/1662 2083/2862/1662 2878/2863/1662 2063/2864/1662
f 2083/2862/1663 650/2865/1663 2067/2866/1663 2878/2863/1663
f 2878/2863/1664 2067/2866/1664 556/2867/1664 1685/2868/1664
f 2063/2864/1665 2878/2863/1665 1685/2868/1665 465/2869/1665
f 649/2842/1666 1838/2841/1666 2879/2870/1666 2082/2871/1666
f 549/2840/1667 1843/2872/1667 2879/2870/1667 1838/2841/1667
f 545/2873/1668 1834/2874/1668 2879/2870/1668 1843/2872/1668
f 801/2875/1669 2379/2876/1669 2879/2870/1669 1834/2874/1669
f 646/2877/1670 2082/2871/1670 2879/2870/1670 2379/2876/1670
f 662/2878/1671 2062/2879/1671 2880/2880/1671 2098/2881/1671
f 2062/2879/1672 645/2882/1672 2099/2883/1672 2880/2880/1672
f 2880/2880/1673 2099/2883/1673 663/2884/1673 2100/2885/1673
f 2098/2881/1674 2880/2880/1674 2100/2885/1674 659/2886/1674
f 481/2694/1675 1845/2887/1675 2881/2888/1675 1790/2695/1675
f 1845/2887/1676 550/2699/1676 1851/2702/1676 2881/2888/1676
f 2881/2888/1573 1851/2702/1573 554/2707/1573 1850/2889/1573
f 1790/2695/1573 2881/2888/1573 1850/2889/1573 528/2696/1573
f 734/2629/1677 2261/2890/1677 2882/2891/1677 1761/2630/1677
f 2261/2890/1678 742/2619/1678 2246/2622/1678 2882/2891/1678
f 2882/2891/1679 2246/2622/1679 553/2624/1679 1849/2892/1679
f 1761/2630/1680 2882/2891/1680 1849/2892/1680 514/2631/1680
f 772/2413/1681 2352/2893/1681 2883/2894/1681 1718/2414/1681
f 2352/2893/1682 782/2403/1682 2330/2406/1682 2883/2894/1682
f 2883/2894/1683 2330/2406/1683 552/2408/1683 1848/2895/1683
f 1718/2414/1684 2883/2894/1684 1848/2895/1684 494/2415/1684
f 628/2360/1685 2032/2896/1685 2884/2897/1685 1687/2361/1685
f 2032/2896/1686 636/2367/1686 2027/2370/1686 2884/2897/1686
f 2884/2897/1687 2027/2370/1687 551/2335/1687 1705/2898/1687
f 1687/2361/1688 2884/2897/1688 1705/2898/1688 482/2362/1688
f 462/2299/1689 1693/2298/1689 2885/2899/1689 1659/2900/1689
f 1693/2298/1690 605/2297/1690 1970/2901/1690 2885/2899/1690
f 2885/2899/1691 1970/2901/1691 604/2280/1691 1846/2277/1691
f 1659/2900/1692 2885/2899/1692 1846/2277/1692 572/2276/1692
f 473/2902/1693 1692/2903/1693 2886/2904/1693 1690/2905/1693
f 1692/2903/1694 557/2906/1694 1862/2907/1694 2886/2904/1694
f 2886/2904/1695 1862/2907/1695 558/2184/1695 1698/2181/1695
f 1690/2905/1696 2886/2904/1696 1698/2181/1696 476/2180/1696
f 577/2908/1697 1903/2909/1697 2887/2910/1697 1899/2911/1697
f 1903/2909/1698 578/2912/1698 1900/2913/1698 2887/2910/1698
f 2887/2910/1697 1900/2913/1697 563/2914/1697 1858/2915/1697
f 1899/2911/1697 2887/2910/1697 1858/2915/1697 555/2916/1697
f 562/2917/1699 1860/2918/1699 2888/2919/1699 1873/2920/1699
f 1860/2918/1700 571/2921/1700 1892/2922/1700 2888/2919/1700
f 2888/2919/1701 1892/2922/1701 149/2923/1701 1041/2924/1701
f 1873/2920/1702 2888/2919/1702 1041/2924/1702 134/2925/1702
f 555/2916/1703 1858/2915/1703 2889/2926/1703 1861/2927/1703
f 1858/2915/1704 563/2914/1704 1882/2928/1704 2889/2926/1704
f 2889/2926/1705 1882/2928/1705 566/2929/1705 1866/2930/1705
f 1861/2927/1706 2889/2926/1706 1866/2930/1706 557/2931/1706
f 560/2932/1707 1870/2933/1707 2890/2934/1707 1872/2935/1707
f 1870/2933/1708 569/2936/1708 1891/2937/1708 2890/2934/1708
f 2890/2934/1708 1891/2937/1708 571/2921/1708 1860/2918/1708
f 1872/2935/1707 2890/2934/1707 1860/2918/1707 562/2917/1707
f 558/2938/1709 1859/2939/1709 2891/2940/1709 1865/2941/1709
f 1859/2939/1710 567/2942/1710 1887/2943/1710 2891/2940/1710
f 2891/2940/1711 1887/2943/1711 568/2944/1711 1867/2945/1711
f 1865/2941/1712 2891/2940/1712 1867/2945/1712 559/2946/1712
f 136/2947/1713 1047/2948/1713 2892/2949/1713 1871/2950/1713
f 1047/2948/1714 151/2951/1714 1890/2952/1714 2892/2949/1714
f 2892/2949/1715 1890/2952/1715 570/2953/1715 1863/2954/1715
f 1871/2950/1716 2892/2949/1716 1863/2954/1716 561/2955/1716
f 602/2956/1717 1963/2957/1717 2893/2958/1717 1864/2959/1717
f 1963/2957/1718 603/2960/1718 1886/2961/1718 2893/2958/1718
f 2893/2958/1719 1886/2961/1719 569/2936/1719 1870/2933/1719
f 1864/2959/1720 2893/2958/1720 1870/2933/1720 560/2932/1720
f 461/2320/1721 1664/2319/1721 2894/2962/1721 1682/2963/1721
f 1664/2319/1722 555/2318/1722 1861/2964/1722 2894/2962/1722
f 2894/2962/1723 1861/2964/1723 557/2906/1723 1692/2903/1723
f 1682/2963/1724 2894/2962/1724 1692/2903/1724 473/2902/1724
f 481/2207/1725 1875/2206/1725 2895/2965/1725 1845/2966/1725
f 1875/2206/1726 560/2205/1726 1872/2967/1726 2895/2965/1726
f 2895/2965/1727 1872/2967/1727 562/2304/1727 1874/2301/1727
f 1845/2966/1728 2895/2965/1728 1874/2301/1728 550/2300/1728
f 566/2968/1729 1901/2969/1729 2896/2970/1729 1881/2971/1729
f 1901/2969/1730 580/2972/1730 1911/2973/1730 2896/2970/1730
f 2896/2970/1731 1911/2973/1731 164/892/1731 1109/891/1731
f 1881/2971/1732 2896/2970/1732 1109/891/1732 141/890/1732
f 578/2974/1733 1879/2975/1733 2897/2976/1733 1902/2977/1733
f 1879/2975/1734 587/2978/1734 1932/2979/1734 2897/2976/1734
f 2897/2976/1735 1932/2979/1735 181/901/1735 1129/900/1735
f 1902/2977/1736 2897/2976/1736 1129/900/1736 161/899/1736
f 143/904/1737 1076/907/1737 2898/2980/1737 1883/2981/1737
f 1076/907/1738 145/912/1738 1885/2982/1738 2898/2980/1738
f 2898/2980/1739 1885/2982/1739 568/2983/1739 1887/2984/1739
f 1883/2981/1740 2898/2980/1740 1887/2984/1740 567/2985/1740
f 141/890/1741 1068/914/1741 2899/2986/1741 1881/2971/1741
f 1068/914/1742 143/904/1742 1883/2981/1742 2899/2986/1742
f 2899/2986/1743 1883/2981/1743 567/2985/1743 1884/2987/1743
f 1881/2971/1744 2899/2986/1744 1884/2987/1744 566/2968/1744
f 207/916/1745 1175/919/1745 2900/2988/1745 1962/2989/1745
f 1175/919/1746 148/924/1746 1888/2990/1746 2900/2988/1746
f 2900/2988/1747 1888/2990/1747 569/2991/1747 1886/2992/1747
f 1962/2989/1748 2900/2988/1748 1886/2992/1748 603/2993/1748
f 570/2994/1749 1890/2995/1749 2901/2996/1749 1929/2997/1749
f 151/931/1749 1081/930/1749 2901/2996/1749 1890/2995/1749
f 178/929/1749 1929/2997/1749 2901/2996/1749 1081/930/1749
f 148/924/1750 1079/2998/1750 2902/2999/1750 1888/2990/1750
f 1079/3000/1751 149/2923/1751 1892/2922/1751 2902/3001/1751
f 2902/3001/1752 1892/2922/1752 571/2921/1752 1891/2937/1752
f 1888/3002/1753 2902/3003/1753 1891/3004/1753 569/3005/1753
f 557/2931/1754 1866/2930/1754 2903/3006/1754 1862/3007/1754
f 1866/2930/1755 566/2929/1755 1884/3008/1755 2903/3006/1755
f 2903/3006/1756 1884/3008/1756 567/2942/1756 1859/2939/1756
f 1862/3007/1757 2903/3006/1757 1859/2939/1757 558/2938/1757
f 650/3009/1758 2080/3010/1758 2904/3011/1758 2067/3012/1758
f 2080/3010/1759 651/3013/1759 2068/3014/1759 2904/3011/1759
f 2904/3011/1758 2068/3014/1758 564/3015/1758 1868/3016/1758
f 2067/3012/1759 2904/3011/1759 1868/3016/1759 556/3017/1759
f 563/2914/1760 1877/3018/1760 2905/3019/1760 1882/2928/1760
f 1877/3018/1761 579/3020/1761 1912/3021/1761 2905/3019/1761
f 2905/3019/1762 1912/3021/1762 580/3022/1762 1901/3023/1762
f 1882/2928/1763 2905/3019/1763 1901/3023/1763 566/2929/1763
f 699/3024/1764 2186/3025/1764 2906/3026/1764 2167/3027/1764
f 2186/3025/1764 700/3028/1764 2168/3029/1764 2906/3026/1764
f 2906/3026/1698 2168/3029/1698 578/2912/1698 1903/2909/1698
f 2167/3027/1698 2906/3026/1698 1903/2909/1698 577/2908/1698
f 764/2433/1765 2351/3030/1765 2907/3031/1765 2312/3032/1765
f 2351/3030/1766 783/3033/1766 2331/3034/1766 2907/3031/1766
f 2907/3031/1767 2331/3034/1767 576/3035/1767 1898/3036/1767
f 2312/3032/1768 2907/3031/1768 1898/3036/1768 520/2677/1768
f 620/2282/1769 2031/3037/1769 2908/3038/1769 2011/3039/1769
f 2031/3037/1770 637/3040/1770 2028/3041/1770 2908/3038/1770
f 2908/3038/1771 2028/3041/1771 575/3042/1771 1897/3043/1771
f 2011/3039/1772 2908/3038/1772 1897/3043/1772 506/2654/1772
f 726/2649/1773 2260/3044/1773 2909/3045/1773 2230/3046/1773
f 2260/3044/1774 743/3047/1774 2247/3048/1774 2909/3045/1774
f 2909/3045/1775 2247/3048/1775 574/3049/1775 1896/3050/1775
f 2230/3046/1776 2909/3045/1776 1896/3050/1776 486/2438/1776
f 695/3051/1777 2185/3052/1777 2910/3053/1777 2163/3054/1777
f 2185/3052/1778 699/3055/1778 2167/3056/1778 2910/3053/1778
f 2910/3053/1779 2167/3056/1779 577/2316/1779 1907/2313/1779
f 2163/3054/1780 2910/3053/1780 1907/2313/1780 573/2312/1780
f 477/2355/476 1688/2354/476 2911/3057/476 1689/3058/476
f 1688/2354/476 607/2353/476 1976/3059/476 2911/3057/476
f 2911/3057/476 1976/3059/476 606/2295/476 1696/2292/476
f 1689/3058/476 2911/3057/476 1696/2292/476 474/2291/476
f 520/2677/1781 1898/3036/1781 2912/3060/1781 1782/2672/1781
f 1898/3036/1782 576/3035/1782 1909/3061/1782 2912/3060/1782
f 2912/3060/1783 1909/3061/1783 573/3062/1783 1894/3063/1783
f 1782/2672/1784 2912/3060/1784 1894/3063/1784 461/2669/1784
f 581/3064/1785 1910/3065/1785 2913/3066/1785 1913/3067/1785
f 1910/3065/1785 584/3068/1785 1919/3069/1785 2913/3066/1785
f 2913/3066/1785 1919/3069/1785 582/3070/1785 1921/3071/1785
f 1913/3067/1785 2913/3066/1785 1921/3071/1785 579/3020/1785
f 167/1002/1786 1116/1005/1786 2914/3072/1786 1915/3073/1786
f 1116/1005/1787 172/1010/1787 1920/3074/1787 2914/3072/1787
f 2914/3072/1788 1920/3074/1788 584/3075/1788 1910/3076/1788
f 1915/3073/1789 2914/3072/1789 1910/3076/1789 581/3077/1789
f 161/1011/1790 1111/1014/1790 2915/3078/1790 1902/3079/1790
f 1111/1014/1791 167/1018/1791 1915/3080/1791 2915/3078/1791
f 2915/3081/1792 1915/3073/1792 581/3077/1792 1916/3082/1792
f 1902/2977/1793 2915/3081/1793 1916/3082/1793 578/2974/1793
f 578/2912/1785 1916/3083/1785 2916/3084/1785 1900/2913/1785
f 1916/3083/1785 581/3064/1785 1913/3067/1785 2916/3084/1785
f 2916/3084/1785 1913/3067/1785 579/3020/1785 1877/3018/1785
f 1900/2913/1785 2916/3084/1785 1877/3018/1785 563/2914/1785
f 172/1010/1794 1127/3085/1794 2917/3086/1794 1920/3074/1794
f 1127/3087/1795 177/3088/1795 1925/3089/1795 2917/3090/1795
f 2917/3090/1796 1925/3089/1796 586/3091/1796 1927/3092/1796
f 1920/3074/1797 2917/3086/1797 1927/3093/1797 584/3075/1797
f 583/3094/1798 1926/3095/1798 2918/3096/1798 1917/3097/1798
f 1926/3095/1799 175/3098/1799 1119/3099/1799 2918/3096/1799
f 2918/3096/1800 1119/3099/1800 174/3100/1800 1070/3101/1800
f 1917/3097/1801 2918/3096/1801 1070/3101/1801 169/3102/1801
f 579/3020/1802 1921/3071/1802 2919/3103/1802 1912/3021/1802
f 1921/3071/1803 582/3070/1803 1918/3104/1803 2919/3103/1803
f 2919/3103/1804 1918/3104/1804 583/3094/1804 1922/3105/1804
f 1912/3021/1805 2919/3103/1805 1922/3105/1805 580/3022/1805
f 580/3106/1806 1922/3107/1806 2920/3108/1806 1911/3109/1806
f 1922/3105/1807 583/3094/1807 1917/3097/1807 2920/3110/1807
f 2920/3110/1808 1917/3097/1808 169/3102/1808 1105/3111/1808
f 1911/3109/1809 2920/3108/1809 1105/1046/1809 164/1045/1809
f 162/3112/1810 1121/3113/1810 2921/3114/1810 1914/3115/1810
f 1121/3113/1811 174/3100/1811 1119/3099/1811 2921/3114/1811
f 2921/3114/1812 1119/3099/1812 175/3098/1812 1923/3116/1812
f 1914/3115/1813 2921/3114/1813 1923/3116/1813 585/3117/1813
f 585/3117/1814 1924/3118/1814 2922/3119/1814 1914/3115/1814
f 1924/3118/1815 586/3091/1815 1925/3089/1815 2922/3119/1815
f 2922/3119/1816 1925/3089/1816 177/3088/1816 1123/3120/1816
f 1914/3115/1817 2922/3119/1817 1123/3120/1817 162/3112/1817
f 584/3068/1785 1927/3092/1785 2923/3121/1785 1919/3069/1785
f 1927/3092/1785 586/3091/1785 1924/3118/1785 2923/3121/1785
f 2923/3121/1785 1924/3118/1785 585/3117/1785 1928/3122/1785
f 1919/3069/1785 2923/3121/1785 1928/3122/1785 582/3070/1785
f 582/3070/1818 1928/3122/1818 2924/3123/1818 1918/3104/1818
f 1928/3122/1819 585/3117/1819 1923/3116/1819 2924/3123/1819
f 2924/3123/1820 1923/3116/1820 175/3098/1820 1926/3095/1820
f 1918/3104/1821 2924/3123/1821 1926/3095/1821 583/3094/1821
f 651/3013/1822 2079/3124/1822 2925/3125/1822 2068/3014/1822
f 2079/3124/1823 652/3126/1823 2069/3127/1823 2925/3125/1823
f 2925/3125/1824 2069/3127/1824 588/3128/1824 1880/3129/1824
f 2068/3014/1825 2925/3125/1825 1880/3129/1825 564/3015/1825
f 701/3130/1826 2184/3131/1826 2926/3132/1826 2169/3133/1826
f 2184/3131/1827 702/3134/1827 2170/3135/1827 2926/3132/1827
f 2926/3132/1828 2170/3135/1828 565/3136/1828 1942/3137/1828
f 2169/3133/1829 2926/3132/1829 1942/3137/1829 587/3138/1829
f 587/3139/1830 1942/3140/1830 2927/3141/1830 1932/3142/1830
f 1942/3140/1831 565/3143/1831 1940/3144/1831 2927/3141/1831
f 2927/3141/1832 1940/3144/1832 186/1082/1832 1133/1081/1832
f 1932/3142/1833 2927/3141/1833 1133/1081/1833 181/1080/1833
f 178/929/1834 1139/1086/1834 2928/3145/1834 1929/2997/1834
f 1139/1086/1835 184/1090/1835 1934/3146/1835 2928/3145/1835
f 2928/3145/1836 1934/3146/1836 590/3147/1836 1935/3148/1836
f 1929/2997/1837 2928/3145/1837 1935/3148/1837 570/2994/1837
f 700/3028/1838 2183/3149/1838 2929/3150/1838 2168/3029/1838
f 2183/3149/1838 701/3130/1838 2169/3133/1838 2929/3150/1838
f 2929/3150/1838 2169/3133/1838 587/3138/1838 1879/3151/1838
f 2168/3029/1838 2929/3150/1838 1879/3151/1838 578/2912/1838
f 565/3143/1839 1949/3152/1839 2930/3153/1839 1940/3144/1839
f 1949/3152/1840 589/3154/1840 1947/3155/1840 2930/3153/1840
f 2930/3153/1841 1947/3155/1841 191/1097/1841 1157/1096/1841
f 1940/3144/1842 2930/3153/1842 1157/1096/1842 186/1082/1842
f 189/3156/1843 1156/3157/1843 2931/3158/1843 1941/3159/1843
f 1156/3157/1844 194/3160/1844 1155/3161/1844 2931/3158/1844
f 2931/3158/1845 1155/3161/1845 193/3162/1845 1938/3163/1845
f 1941/3159/1846 2931/3158/1846 1938/3163/1846 593/3164/1846
f 652/3126/1847 2078/3165/1847 2932/3166/1847 2069/3127/1847
f 2078/3165/1848 653/3167/1848 2070/3168/1848 2932/3166/1848
f 2932/3166/1849 2070/3168/1849 591/3169/1849 1943/3170/1849
f 2069/3127/1850 2932/3166/1850 1943/3170/1850 588/3128/1850
f 184/1090/1851 1132/1116/1851 2933/3171/1851 1934/3146/1851
f 1132/3172/1852 189/3156/1852 1941/3159/1852 2933/3173/1852
f 2933/3173/1853 1941/3159/1853 593/3164/1853 1933/3174/1853
f 1934/3146/1854 2933/3171/1854 1933/3175/1854 590/3147/1854
f 589/3154/1855 1954/3176/1855 2934/3177/1855 1947/3155/1855
f 1954/3176/1856 592/3178/1856 1953/3179/1856 2934/3177/1856
f 2934/3177/1857 1953/3179/1857 196/1124/1857 1166/1123/1857
f 1947/3155/1858 2934/3177/1858 1166/1123/1858 191/1097/1858
f 702/3134/1859 2182/3180/1859 2935/3181/1859 2170/3135/1859
f 2182/3180/1859 704/3182/1859 2172/3183/1859 2935/3181/1859
f 2935/3181/1859 2172/3183/1859 589/3184/1859 1949/3185/1859
f 2170/3135/1859 2935/3181/1859 1949/3185/1859 565/3136/1859
f 653/3167/1860 2077/3186/1860 2936/3187/1860 2070/3168/1860
f 2077/3186/1861 654/3188/1861 2071/3189/1861 2936/3187/1861
f 2936/3187/1862 2071/3189/1862 594/3190/1862 1950/3191/1862
f 2070/3168/1863 2936/3187/1863 1950/3191/1863 591/3169/1863
f 691/3192/1864 1937/3193/1864 2937/3194/1864 2151/3195/1864
f 1937/3193/1865 596/3196/1865 1951/3197/1865 2937/3194/1865
f 2937/3194/1866 1951/3197/1866 197/3198/1866 1145/3199/1866
f 2151/3195/1867 2937/3194/1867 1145/3199/1867 318/3200/1867
f 655/3201/1868 1952/3202/1868 2938/3203/1868 2076/3204/1868
f 1952/3202/1869 198/3205/1869 1164/3206/1869 2938/3203/1869
f 2938/3203/1870 1164/3206/1870 199/3207/1870 1163/3208/1870
f 2076/3204/1871 2938/3203/1871 1163/3208/1871 277/3209/1871
f 704/3182/1872 2181/3210/1872 2939/3211/1872 2172/3183/1872
f 2181/3210/1873 703/3212/1873 2171/3213/1873 2939/3211/1873
f 2939/3211/1874 2171/3213/1874 592/3214/1874 1954/3215/1874
f 2172/3183/1875 2939/3211/1875 1954/3215/1875 589/3184/1875
f 654/3188/1876 2075/3216/1876 2940/3217/1876 2071/3189/1876
f 2075/3216/1877 655/3201/1877 2072/3218/1877 2940/3217/1877
f 2940/3217/1878 2072/3218/1878 596/3196/1878 1955/3219/1878
f 2071/3189/1879 2940/3217/1879 1955/3219/1879 594/3190/1879
f 145/912/1880 1078/1171/1880 2941/3220/1880 1885/2982/1880
f 1078/1171/1881 207/916/1881 1962/2989/1881 2941/3220/1881
f 2941/3220/1882 1962/2989/1882 603/2993/1882 1961/3221/1882
f 1885/2982/1883 2941/3220/1883 1961/3221/1883 568/2983/1883
f 559/2946/1884 1867/2945/1884 2942/3222/1884 1960/3223/1884
f 1867/2945/1885 568/2944/1885 1961/3224/1885 2942/3222/1885
f 2942/3222/1886 1961/3224/1886 603/2960/1886 1963/2957/1886
f 1960/3223/1887 2942/3222/1887 1963/2957/1887 602/2956/1887
f 479/2686/1888 1945/3225/1888 2943/3226/1888 1791/2687/1888
f 1945/3225/1889 595/2690/1889 1964/2693/1889 2943/3226/1889
f 2943/3226/1890 1964/2693/1890 601/2698/1890 1959/3227/1890
f 1791/2687/1891 2943/3226/1891 1959/3227/1891 529/2688/1891
f 735/2638/1892 2259/3228/1892 2944/3229/1892 1762/2639/1892
f 2259/3228/1893 744/2625/1893 2248/2628/1893 2944/3229/1893
f 2944/3229/1894 2248/2628/1894 600/2633/1894 1958/3230/1894
f 1762/2639/1895 2944/3229/1895 1958/3230/1895 515/2640/1895
f 773/2422/1896 2350/3231/1896 2945/3232/1896 1719/2423/1896
f 2350/3231/1897 784/2409/1897 2332/2412/1897 2945/3232/1897
f 2945/3232/1898 2332/2412/1898 599/2417/1898 1957/3233/1898
f 1719/2423/1899 2945/3232/1899 1957/3233/1899 495/2424/1899
f 629/2339/1900 2030/3234/1900 2946/3235/1900 1691/2340/1900
f 2030/3234/1901 638/2356/1901 2029/2359/1901 2946/3235/1901
f 2946/3235/1902 2029/2359/1902 598/2364/1902 1702/3236/1902
f 1691/2340/1903 2946/3235/1903 1702/3236/1903 480/2342/1903
f 598/2364/600 1699/3237/600 2947/3238/600 1702/3236/600
f 1699/3237/600 612/3239/600 1980/3240/600 2947/3238/600
f 2947/3238/600 1980/3240/600 609/2351/600 1968/2349/600
f 1702/3236/600 2947/3238/600 1968/2349/600 480/2342/600
f 479/2188/1904 1876/2187/1904 2948/3241/1904 1945/3242/1904
f 1876/2187/1905 559/2186/1905 1960/3243/1905 2948/3241/1905
f 2948/3241/1906 1960/3243/1906 602/2203/1906 1969/2200/1906
f 1945/3242/1907 2948/3241/1907 1969/2200/1907 595/2199/1907
f 613/3244/1908 1988/3245/1908 2949/3246/1908 1981/3247/1908
f 1988/3245/1909 617/3248/1909 1997/3249/1909 2949/3246/1909
f 2949/3246/1910 1997/3249/1910 615/3250/1910 1986/3251/1910
f 1981/3247/1911 2949/3246/1911 1986/3251/1911 610/3252/1911
f 612/3253/1912 1979/3254/1912 2950/3255/1912 1980/3256/1912
f 1979/3254/1913 616/3257/1913 1996/3258/1913 2950/3255/1913
f 2950/3255/1914 1996/3258/1914 614/3259/1914 1971/3260/1914
f 1980/3256/1915 2950/3255/1915 1971/3260/1915 609/3261/1915
f 610/3252/1916 1986/3251/1916 2951/3262/1916 1987/3263/1916
f 1986/3251/1917 615/3250/1917 2001/3264/1917 2951/3262/1917
f 2951/3262/1918 2001/3264/1918 616/3257/1918 1979/3254/1918
f 1987/3263/1919 2951/3262/1919 1979/3254/1919 612/3253/1919
f 606/3265/1920 1972/3266/1920 2952/3267/1920 1973/3268/1920
f 1972/3266/1921 475/3269/1921 1990/3270/1921 2952/3267/1921
f 2952/3267/1922 1990/3270/1922 597/3271/1922 1974/3272/1922
f 1973/3268/1923 2952/3267/1923 1974/3272/1923 605/3273/1923
f 604/3274/1924 1977/3275/1924 2953/3276/1924 1985/3277/1924
f 1977/3275/1925 483/3278/1925 2000/3279/1925 2953/3276/1925
f 2953/3276/1926 2000/3279/1926 231/3280/1926 1193/3281/1926
f 1985/3277/1927 2953/3276/1927 1193/3281/1927 221/3282/1927
f 609/3261/1928 1971/3260/1928 2954/3283/1928 1978/3284/1928
f 1971/3260/1929 614/3259/1929 1994/3285/1929 2954/3283/1929
f 2954/3283/1930 1994/3285/1930 478/3286/1930 1984/3287/1930
f 1978/3284/1931 2954/3283/1931 1984/3287/1931 607/3288/1931
f 220/1240/1932 1195/1243/1932 2955/3289/1932 1983/3290/1932
f 1195/1243/1933 230/1248/1933 1998/3291/1933 2955/3289/1933
f 2955/3289/1934 1998/3291/1934 617/3292/1934 1988/3293/1934
f 1983/3290/1935 2955/3289/1935 1988/3293/1935 613/3294/1935
f 551/3295/1936 1686/3296/1936 2956/3297/1936 1705/3298/1936
f 1686/3296/1937 613/3299/1937 1981/3300/1937 2956/3297/1937
f 2956/3297/1938 1981/3300/1938 610/3301/1938 1895/3302/1938
f 1705/3298/1939 2956/3297/1939 1895/3302/1939 482/3303/1939
f 482/2362/637 1895/3304/637 2957/3305/637 1956/2363/637
f 1895/3304/637 610/3306/637 1987/3307/637 2957/3305/637
f 2957/3305/637 1987/3307/637 612/3239/637 1699/3237/637
f 1956/2363/637 2957/3305/637 1699/3237/637 598/2364/637
f 475/3308/638 1992/3309/638 2958/3310/638 1989/3311/638
f 1992/3309/638 478/3312/638 1991/3313/638 2958/3310/638
f 2958/3310/638 1991/3313/638 222/1268/638 1209/1267/638
f 1989/3311/638 2958/3310/638 1209/1267/638 5/1266/638
f 597/3314/639 1990/3315/639 2959/3316/639 1948/3317/639
f 1990/3315/639 475/3308/639 1989/3311/639 2959/3316/639
f 2959/3316/639 1989/3311/639 5/1266/639 811/1276/639
f 1948/3317/639 2959/3316/639 811/1276/639 31/1275/639
f 478/3312/640 1994/3318/640 2960/3319/640 1991/3313/640
f 1994/3318/640 614/3320/640 1993/3321/640 2960/3319/640
f 2960/3319/640 1993/3321/640 224/1280/640 1212/1279/640
f 1991/3313/640 2960/3319/640 1212/1279/640 222/1268/640
f 616/3322/641 2001/3323/641 2961/3324/641 2002/3325/641
f 2001/3323/641 615/3326/641 1995/3327/641 2961/3324/641
f 2961/3324/641 1995/3327/641 226/1289/641 1215/1288/641
f 2002/3325/641 2961/3324/641 1215/1288/641 227/1287/641
f 615/3326/1940 1997/3328/1940 2962/3329/1940 1995/3327/1940
f 1997/3328/1941 617/3330/1941 1998/3331/1941 2962/3329/1941
f 2962/3329/1942 1998/3331/1942 230/1295/1942 1218/1294/1942
f 1995/3327/1943 2962/3329/1943 1218/1294/1943 226/1289/1943
f 31/1298/1944 1227/1301/1944 2963/3332/1944 1948/3333/1944
f 1227/1301/1945 210/1306/1945 1975/3334/1945 2963/3332/1945
f 2963/3332/1946 1975/3334/1946 608/3335/1946 2004/3336/1946
f 1948/3333/1947 2963/3332/1947 2004/3336/1947 597/3337/1947
f 614/3320/650 1996/3338/650 2964/3339/650 1993/3321/650
f 1996/3338/650 616/3322/650 2002/3325/650 2964/3339/650
f 2964/3339/650 2002/3325/650 227/1287/650 1222/1309/650
f 1993/3321/650 2964/3339/650 1222/1309/650 224/1280/650
f 607/3288/1948 1984/3287/1948 2965/3340/1948 1976/3341/1948
f 1984/3287/1949 478/3286/1949 1992/3342/1949 2965/3340/1949
f 2965/3340/1950 1992/3342/1950 475/3269/1950 1972/3266/1950
f 1976/3341/1951 2965/3340/1951 1972/3266/1951 606/3265/1951
f 605/3273/1952 1974/3272/1952 2966/3343/1952 1970/3344/1952
f 1974/3272/1952 597/3271/1952 1701/3345/1952 2966/3343/1952
f 2966/3343/1952 1701/3345/1952 483/3278/1952 1977/3275/1952
f 1970/3344/1952 2966/3343/1952 1977/3275/1952 604/3274/1952
f 232/3346/1953 1185/3347/1953 2967/3348/1953 2006/3349/1953
f 217/3350/1953 2003/3351/1953 2967/3348/1953 1185/3347/1953
f 611/3352/1953 2006/3349/1953 2967/3348/1953 2003/3351/1953
f 597/3271/1954 2004/3353/1954 2968/3354/1954 1701/3345/1954
f 2004/3353/1955 608/3355/1955 1982/3356/1955 2968/3354/1955
f 2968/3354/1956 1982/3356/1956 611/3352/1956 1999/3357/1956
f 1701/3345/1957 2968/3354/1957 1999/3357/1957 483/3278/1957
f 483/3278/1958 1999/3357/1958 2969/3358/1958 2000/3279/1958
f 1999/3357/1959 611/3352/1959 2003/3351/1959 2969/3358/1959
f 2969/3358/1960 2003/3351/1960 217/3350/1960 1228/3359/1960
f 2000/3279/1961 2969/3358/1961 1228/3359/1961 231/3280/1961
f 611/3352/1962 2010/3360/1962 2970/3361/1962 2006/3349/1962
f 2010/3360/1963 619/3362/1963 2009/3363/1963 2970/3361/1963
f 2970/3361/1964 2009/3363/1964 236/3364/1964 1235/3365/1964
f 2006/3349/1965 2970/3361/1965 1235/3365/1965 232/3346/1965
f 234/1336/1966 1233/1339/1966 2971/3366/1966 2007/3367/1966
f 1233/3368/1967 236/3364/1967 2009/3363/1967 2971/3369/1967
f 2971/3369/1968 2009/3363/1968 619/3362/1968 2008/3370/1968
f 2007/3371/1969 2971/3372/1969 2008/3373/1969 618/3374/1969
f 210/1306/1970 1237/1348/1970 2972/3375/1970 1975/3334/1970
f 1237/1348/1971 234/1336/1971 2007/3367/1971 2972/3375/1971
f 2972/3375/1972 2007/3367/1972 618/3376/1972 2005/3377/1972
f 1975/3334/1973 2972/3375/1973 2005/3377/1973 608/3335/1973
f 608/3355/1974 2005/3378/1974 2973/3379/1974 1982/3356/1974
f 2005/3378/1975 618/3380/1975 2008/3370/1975 2973/3379/1975
f 2973/3379/1976 2008/3370/1976 619/3362/1976 2010/3360/1976
f 1982/3356/1977 2973/3379/1977 2010/3360/1977 611/3352/1977
f 515/3381/1978 1958/3382/1978 2974/3383/1978 2020/3384/1978
f 1958/3382/1979 600/3385/1979 1967/3386/1979 2974/3383/1979
f 2974/3383/1980 1967/3386/1980 638/2356/1980 2030/3234/1980
f 2020/3384/1981 2974/3383/1981 2030/3234/1981 629/2339/1981
f 462/2290/1982 1659/3387/1982 2975/3388/1982 1655/2285/1982
f 1659/3387/1983 572/3389/1983 1905/3390/1983 2975/3388/1983
f 2975/3388/1984 1905/3390/1984 637/3040/1984 2031/3037/1984
f 1655/2285/1985 2975/3388/1985 2031/3037/1985 620/2282/1985
f 514/3391/1986 1849/3392/1986 2976/3393/1986 2019/3394/1986
f 1849/3392/1987 553/3395/1987 1854/3396/1987 2976/3393/1987
f 2976/3393/1988 1854/3396/1988 636/2367/1988 2032/2896/1988
f 2019/3394/1989 2976/3393/1989 2032/2896/1989 628/2360/1989
f 645/3397/1990 2062/3398/1990 2977/3399/1990 2074/3400/1990
f 662/3401/1991 2097/3402/1991 2977/3399/1991 2062/3398/1991
f 546/3403/1992 1840/3404/1992 2977/3399/1992 2097/3402/1992
f 635/2847/1993 2033/2844/1993 2977/3399/1993 1840/3404/1993
f 656/2843/1994 2074/3400/1994 2977/3399/1994 2033/2844/1994
f 468/3405/1995 1811/3406/1995 2978/3407/1995 1667/3408/1995
f 1811/3406/1996 534/3409/1996 1817/3410/1996 2978/3407/1996
f 2978/3407/1997 1817/3410/1997 634/2587/1997 2034/2767/1997
f 1667/3408/1998 2978/3407/1998 2034/2767/1998 624/2583/1998
f 631/2376/1999 1805/2612/1999 2979/3411/1999 1706/2377/1999
f 1805/2612/2000 720/2611/2000 2214/3412/2000 2979/3411/2000
f 2979/3411/2001 2214/3412/2001 353/3413/2001 1263/3414/2001
f 1706/2377/2002 2979/3411/2002 1263/3414/2002 40/2379/2002
f 470/2228/2003 1675/2244/2003 2980/3415/2003 1661/3416/2003
f 1675/2244/2004 472/2243/2004 1677/3417/2004 2980/3415/2004
f 2980/3415/2005 1677/3417/2005 625/3418/2005 2035/3419/2005
f 1661/3416/2006 2980/3415/2006 2035/3419/2006 622/3420/2006
f 472/2243/2007 1748/2534/2007 2981/3421/2007 1677/3417/2007
f 1748/2534/2008 503/2533/2008 1743/3422/2008 2981/3421/2008
f 2981/3421/2009 1743/3422/2009 632/3423/2009 2036/3424/2009
f 1677/3417/2010 2981/3421/2010 2036/3424/2010 625/3418/2010
f 534/3409/2011 1670/3425/2011 2982/3426/2011 1817/3410/2011
f 1670/3425/2012 470/3427/2012 1661/3428/2012 2982/3426/2012
f 2982/3426/2013 1661/3428/2013 622/2591/2013 2037/2588/2013
f 1817/3410/2014 2982/3426/2014 2037/2588/2014 634/2587/2014
f 464/3429/2015 1672/3430/2015 2983/3431/2015 1656/3432/2015
f 1672/3430/2016 468/3405/2016 1667/3408/2016 2983/3431/2016
f 2983/3431/2017 1667/3408/2017 624/2583/2017 2038/2581/2017
f 1656/3432/2018 2983/3431/2018 2038/2581/2018 621/2567/2018
f 688/3433/2019 2143/3434/2019 2984/3435/2019 2149/3436/2019
f 2143/3434/2020 466/3437/2020 1665/3438/2020 2984/3435/2020
f 2984/3435/2021 1665/3438/2021 623/2576/2021 2039/2573/2021
f 2149/3436/2022 2984/3435/2022 2039/2573/2022 693/2572/2022
f 643/3439/2023 2053/3440/2023 2985/3441/2023 2055/3442/2023
f 2053/3440/2024 464/3429/2024 1656/3432/2024 2985/3441/2024
f 2985/3441/2025 1656/3432/2025 621/2567/2025 2040/2564/2025
f 2055/3442/2026 2985/3441/2026 2040/2564/2026 644/2563/2026
f 503/2550/2027 1752/2549/2027 2986/3443/2027 1743/3444/2027
f 1752/3445/2028 505/3446/2028 1749/3447/2028 2986/3448/2028
f 2986/3443/2029 1749/3449/2029 633/2551/2029 2041/2558/2029
f 1743/3444/2030 2986/3443/2030 2041/2558/2030 632/2557/2030
f 505/2548/182 1750/2547/182 2987/3450/182 1749/3449/182
f 1750/2547/182 70/456/182 926/1418/182 2987/3450/182
f 2987/3450/182 926/1418/182 251/465/182 2042/2552/182
f 1749/3449/182 2987/3450/182 2042/2552/182 633/2551/182
f 516/2618/2031 1776/2617/2031 2988/3451/2031 2021/3452/2031
f 1776/2617/2032 517/2402/2032 2022/2609/2032 2988/3451/2032
f 2988/3451/2033 2022/2609/2033 631/2376/2033 2043/2375/2033
f 2021/3452/2034 2988/3451/2034 2043/2375/2034 630/3453/2034
f 553/3395/2035 1777/3454/2035 2989/3455/2035 1854/3396/2035
f 1777/3454/2036 516/3456/2036 2021/3457/2036 2989/3455/2036
f 2989/3455/2037 2021/3457/2037 630/2371/2037 2044/2368/2037
f 1854/3396/2038 2989/3455/2038 2044/2368/2038 636/2367/2038
f 600/3385/2039 1778/3458/2039 2990/3459/2039 1967/3386/2039
f 1778/3458/2040 514/3391/2040 2019/3394/2040 2990/3459/2040
f 2990/3459/2041 2019/3394/2041 628/2360/2041 2045/2357/2041
f 1967/3386/2042 2990/3459/2042 2045/2357/2042 638/2356/2042
f 513/2642/2043 1779/2641/2043 2991/3460/2043 2018/3461/2043
f 1779/3462/2044 515/3381/2044 2020/3384/2044 2991/3463/2044
f 2991/3463/2045 2020/3384/2045 629/2339/2045 2046/2338/2045
f 2018/3461/2046 2991/3460/2046 2046/2336/2046 627/2308/2046
f 512/2648/2047 1780/2647/2047 2992/3464/2047 2017/3465/2047
f 1780/2647/2048 513/2642/2048 2018/3461/2048 2992/3464/2048
f 2992/3464/2049 2018/3461/2049 627/2308/2049 2047/2306/2049
f 2017/3465/2050 2992/3464/2050 2047/2306/2050 626/2286/2050
f 506/2654/2051 1781/2653/2051 2993/3466/2051 2011/3039/2051
f 1781/2653/2052 512/2648/2052 2017/3465/2052 2993/3466/2052
f 2993/3466/2053 2017/3465/2053 626/2286/2053 2048/2283/2053
f 2011/3039/2054 2993/3466/2054 2048/2283/2054 620/2282/2054
f 546/3403/2055 1835/3467/2055 2994/3468/2055 1840/3404/2055
f 660/3469/2056 2093/3470/2056 2994/3468/2056 1835/3467/2056
f 643/3439/2057 2055/3442/2057 2994/3468/2057 2093/3470/2057
f 644/2563/2058 2054/3471/2058 2994/3468/2058 2055/3442/2058
f 635/2847/2059 1840/3404/2059 2994/3468/2059 2054/3471/2059
f 781/2838/2060 2349/3472/2060 2995/3473/2060 2329/2839/2060
f 2349/3472/2061 785/2749/2061 2333/2752/2061 2995/3473/2061
f 2995/3473/2062 2333/2752/2062 642/2171/2062 2052/3474/2062
f 2329/2839/2063 2995/3473/2063 2052/3474/2063 549/2840/2063
f 635/2847/2064 2054/3471/2064 2996/3475/2064 2026/2848/2064
f 2054/3471/2065 644/2563/2065 2057/2566/2065 2996/3475/2065
f 2996/3475/2066 2057/2566/2066 641/2571/2066 2051/3476/2066
f 2026/2848/2067 2996/3475/2067 2051/3476/2067 548/2849/2067
f 741/2856/2068 2258/3477/2068 2997/3478/2068 2245/2857/2068
f 2258/3477/2069 745/2480/2069 2249/2483/2069 2997/3478/2069
f 2997/3478/2070 2249/2483/2070 640/2485/2070 2050/3479/2070
f 2245/2857/2071 2997/3478/2071 2050/3479/2071 547/2858/2071
f 545/2325/2072 2049/3480/2072 2998/3481/2072 1842/2326/2072
f 639/2195/2073 2059/2198/2073 2998/3481/2073 2049/3480/2073
f 259/43/14 1279/1453/14 2998/3481/14 2059/2198/14
f 116/1452/14 2381/3482/14 2998/3481/14 1279/1453/14
f 802/2327/14 1842/2326/14 2998/3481/14 2381/3482/14
f 549/2840/2074 2052/3474/2074 2999/3483/2074 1843/2872/2074
f 2052/3474/2075 642/2171/2075 2060/2174/2075 2999/3483/2075
f 2999/3483/2076 2060/2174/2076 639/2179/2076 2049/3484/2076
f 1843/2872/2077 2999/3483/2077 2049/3484/2077 545/2873/2077
f 662/3401/2078 2109/3485/2078 3000/3486/2078 2097/3402/2078
f 2109/3485/2079 669/3487/2079 2105/3488/2079 3000/3486/2079
f 3000/3486/2080 2105/3488/2080 665/3489/2080 2108/3490/2080
f 2097/3402/2081 3000/3486/2081 2108/3490/2081 546/3403/2081
f 466/3437/2082 1663/3491/2082 3001/3492/2082 1665/3438/2082
f 1663/3491/2083 645/3397/2083 2074/3400/2083 3001/3492/2083
f 3001/3492/2084 2074/3400/2084 656/2843/2084 2073/3493/2084
f 1665/3438/2085 3001/3492/2085 2073/3493/2085 623/2576/2085
f 193/3162/2086 1151/3494/2086 3002/3495/2086 1946/3496/2086
f 1151/3494/2087 198/3205/2087 1952/3202/2087 3002/3495/2087
f 3002/3495/2088 1952/3202/2088 655/3201/2088 2075/3216/2088
f 1946/3496/2089 3002/3495/2089 2075/3216/2089 654/3188/2089
f 596/3196/2090 2072/3218/2090 3003/3497/2090 1951/3197/2090
f 2072/3218/2091 655/3201/2091 2076/3204/2091 3003/3497/2091
f 3003/3497/2092 2076/3204/2092 277/3209/2092 1304/3498/2092
f 1951/3197/2093 3003/3497/2093 1304/3498/2093 197/3198/2093
f 593/3164/2094 1938/3163/2094 3004/3499/2094 1939/3500/2094
f 1938/3163/2095 193/3162/2095 1946/3496/2095 3004/3499/2095
f 3004/3499/2096 1946/3496/2096 654/3188/2096 2077/3186/2096
f 1939/3500/2097 3004/3499/2097 2077/3186/2097 653/3167/2097
f 590/3501/2098 1933/3174/2098 3005/3502/2098 1931/3503/2098
f 1933/3174/2099 593/3164/2099 1939/3500/2099 3005/3502/2099
f 3005/3502/2100 1939/3500/2100 653/3167/2100 2078/3165/2100
f 1931/3503/2101 3005/3502/2101 2078/3165/2101 652/3126/2101
f 570/2953/2102 1935/3504/2102 3006/3505/2102 1889/3506/2102
f 1935/3504/2103 590/3501/2103 1931/3503/2103 3006/3505/2103
f 3006/3505/2104 1931/3503/2104 652/3126/2104 2079/3124/2104
f 1889/3506/2105 3006/3505/2105 2079/3124/2105 651/3013/2105
f 561/2955/2106 1863/2954/2106 3007/3507/2106 1869/3508/2106
f 1863/2954/2107 570/2953/2107 1889/3506/2107 3007/3507/2107
f 3007/3507/2108 1889/3506/2108 651/3013/2108 2080/3010/2108
f 1869/3508/2109 3007/3507/2109 2080/3010/2109 650/3009/2109
f 10/73/1 1294/1480/1 3008/3509/1 1666/2219/1
f 267/1483/1 2081/3510/1 3008/3509/1 1294/1480/1
f 663/2884/1 2099/2883/1 3008/3509/1 2081/3510/1
f 645/2882/1 1663/3511/1 3008/3509/1 2099/2883/1
f 466/2220/1 1666/2219/1 3008/3509/1 1663/3511/1
f 523/2212/2110 2066/3512/2110 3009/3513/2110 1785/2213/2110
f 2066/3512/2111 649/2842/2111 2082/2871/2111 3009/3513/2111
f 3009/3513/2112 2082/2871/2112 646/2877/2112 2063/3514/2112
f 1785/2213/2113 3009/3513/2113 2063/3514/2113 465/2214/2113
f 801/2321/2114 2380/2324/2114 3010/3515/2114 2379/3516/2114
f 2380/2324/2115 561/2329/2115 1869/3517/2115 3010/3515/2115
f 3010/3515/2116 1869/3517/2116 650/2865/2116 2083/2862/2116
f 2379/3516/2117 3010/3515/2117 2083/2862/2117 646/2861/2117
f 729/2475/2118 2257/3518/2118 3011/3519/2118 2233/2476/2118
f 2257/3518/2119 746/2852/2119 2250/2855/2119 3011/3519/2119
f 3011/3519/2120 2250/2855/2120 647/2860/2120 2064/3520/2120
f 2233/2476/2121 3011/3519/2121 2064/3520/2121 489/2477/2121
f 623/2576/2122 2073/3493/2122 3012/3521/2122 2014/2577/2122
f 2073/3493/2123 656/2843/2123 2085/2846/2123 3012/3521/2123
f 3012/3521/2124 2085/2846/2124 648/2851/2124 2065/3522/2124
f 2014/2577/2125 3012/3521/2125 2065/3522/2125 509/2578/2125
f 767/2747/2126 2348/3523/2126 3013/3524/2126 2315/2748/2126
f 2348/3523/2127 786/2834/2127 2334/2837/2127 3013/3524/2127
f 3013/3524/2128 2334/2837/2128 649/2842/2128 2066/3512/2128
f 2315/2748/2129 3013/3524/2129 2066/3512/2129 523/2212/2129
f 279/1497/2130 1319/1500/2130 3014/3525/2130 2091/3526/2130
f 1319/1500/2131 280/1504/2131 2088/3527/2131 3014/3525/2131
f 3014/3525/2132 2088/3527/2132 658/3528/2132 2090/3529/2132
f 2091/3526/2133 3014/3525/2133 2090/3529/2133 659/2886/2133
f 280/1504/2134 1322/1506/2134 3015/3530/2134 2088/3527/2134
f 1322/1506/2135 283/1510/2135 2089/3531/2135 3015/3530/2135
f 3015/3530/2136 2089/3531/2136 657/3532/2136 2087/3533/2136
f 2088/3527/2137 3015/3530/2137 2087/3533/2137 658/3528/2137
f 657/3532/2138 2089/3531/2138 3016/3534/2138 2095/3535/2138
f 2089/3531/2139 283/1510/2139 1328/1513/2139 3016/3534/2139
f 3016/3534/2140 1328/1513/2140 258/1/2140 2061/2164/2140
f 2095/3535/2141 3016/3534/2141 2061/2164/2141 661/2170/2141
f 660/3536/2142 2096/3537/2142 3017/3538/2142 2093/3539/2142
f 2096/3537/2143 657/3532/2143 2095/3535/2143 3017/3538/2143
f 3017/3538/2144 2095/3535/2144 661/2170/2144 2094/2169/2144
f 2093/3539/2145 3017/3538/2145 2094/2169/2145 643/2168/2145
f 658/3540/2146 2107/3541/2146 3018/3542/2146 2090/3543/2146
f 2107/3541/2147 666/3544/2147 2103/3545/2147 3018/3542/2147
f 3018/3542/2148 2103/3545/2148 668/3546/2148 1844/3547/2148
f 2090/3543/2149 3018/3542/2149 1844/3547/2149 659/3548/2149
f 666/3544/2150 2121/3549/2150 3019/3550/2150 2103/3545/2150
f 2121/3549/2151 672/3551/2151 2115/3552/2151 3019/3550/2151
f 3019/3550/2152 2115/3552/2152 674/3553/2152 2120/3554/2152
f 2103/3545/2153 3019/3550/2153 2120/3554/2153 668/3546/2153
f 267/1483/2154 1327/1534/2154 3020/3555/2154 2081/3510/2154
f 1327/1534/2155 279/1497/2155 2091/3526/2155 3020/3555/2155
f 3020/3555/2156 2091/3526/2156 659/2886/2156 2100/2885/2156
f 2081/3510/2157 3020/3555/2157 2100/2885/2157 663/2884/2157
f 669/3487/2158 2119/3556/2158 3021/3557/2158 2105/3488/2158
f 2119/3556/2159 675/3558/2159 2117/3559/2159 3021/3557/2159
f 3021/3557/2160 2117/3559/2160 671/3560/2160 2101/3561/2160
f 2105/3488/2161 3021/3557/2161 2101/3561/2161 665/3489/2161
f 657/3562/2162 2110/3563/2162 3022/3564/2162 2087/3565/2162
f 2110/3563/2163 667/3566/2163 2102/3567/2163 3022/3564/2163
f 3022/3564/2164 2102/3567/2164 666/3544/2164 2107/3541/2164
f 2087/3565/2165 3022/3564/2165 2107/3541/2165 658/3540/2165
f 546/3403/2166 2108/3490/2166 3023/3568/2166 1835/3467/2166
f 2108/3490/2167 665/3489/2167 2092/3569/2167 3023/3568/2167
f 3023/3568/2168 2092/3569/2168 664/3570/2168 2111/3571/2168
f 1835/3467/2169 3023/3568/2169 2111/3571/2169 660/3469/2169
f 659/3572/2170 1844/3573/2170 3024/3574/2170 2098/3575/2170
f 1844/3573/2171 668/3576/2171 2106/3577/2171 3024/3574/2171
f 3024/3574/2172 2106/3577/2172 669/3578/2172 2109/3579/2172
f 2098/3575/2173 3024/3574/2173 2109/3579/2173 662/3580/2173
f 660/3581/2174 2111/3582/2174 3025/3583/2174 2096/3584/2174
f 2111/3582/2175 664/3585/2175 2104/3586/2175 3025/3583/2175
f 3025/3583/2176 2104/3586/2176 667/3587/2176 2110/3588/2176
f 2096/3584/2177 3025/3583/2177 2110/3588/2177 657/3589/2177
f 670/3590/2178 2133/3591/2178 3026/3592/2178 2116/3593/2178
f 2133/3591/2178 676/3594/2178 2128/3595/2178 3026/3592/2178
f 3026/3592/2178 2128/3595/2178 679/3596/2178 2132/3597/2178
f 2116/3593/2178 3026/3592/2178 2132/3597/2178 673/3598/2178
f 674/3599/2179 2131/3600/2179 3027/3601/2179 2118/3602/2179
f 2131/3600/2179 680/3603/2179 2130/3604/2179 3027/3601/2179
f 3027/3601/2179 2130/3604/2179 681/3605/2179 2113/3606/2179
f 2118/3602/2179 3027/3601/2179 2113/3606/2179 675/3607/2179
f 665/3489/2180 2101/3561/2180 3028/3608/2180 2092/3569/2180
f 2101/3561/2181 671/3560/2181 2112/3609/2181 3028/3608/2181
f 3028/3608/2182 2112/3609/2182 670/3610/2182 2122/3611/2182
f 2092/3569/2183 3028/3608/2183 2122/3611/2183 664/3570/2183
f 668/3576/2184 2120/3612/2184 3029/3613/2184 2106/3577/2184
f 2120/3612/2185 674/3599/2185 2118/3602/2185 3029/3613/2185
f 3029/3613/2186 2118/3602/2186 675/3607/2186 2119/3614/2186
f 2106/3577/2187 3029/3613/2187 2119/3614/2187 669/3578/2187
f 664/3585/2188 2122/3615/2188 3030/3616/2188 2104/3586/2188
f 2122/3615/2189 670/3590/2189 2116/3593/2189 3030/3616/2189
f 3030/3616/2190 2116/3593/2190 673/3598/2190 2123/3617/2190
f 2104/3586/2191 3030/3616/2191 2123/3617/2191 667/3587/2191
f 667/3566/2192 2123/3618/2192 3031/3619/2192 2102/3567/2192
f 2123/3618/2193 673/3620/2193 2114/3621/2193 3031/3619/2193
f 3031/3619/2194 2114/3621/2194 672/3551/2194 2121/3549/2194
f 2102/3567/2195 3031/3619/2195 2121/3549/2195 666/3544/2195
f 681/3622/2196 2130/3623/2196 3032/3624/2196 2129/3625/2196
f 2130/3623/2197 680/3626/2197 2127/3627/2197 3032/3624/2197
f 3032/3624/2198 2127/3627/2198 678/3628/2198 2125/3629/2198
f 2129/3625/2199 3032/3624/2199 2125/3629/2199 677/3630/2199
f 677/3630/2200 2125/3629/2200 3033/3631/2200 2124/3632/2200
f 2125/3629/2201 678/3628/2201 2126/3633/2201 3033/3631/2201
f 3033/3631/2202 2126/3633/2202 679/3634/2202 2128/3635/2202
f 2124/3632/2203 3033/3631/2203 2128/3635/2203 676/3636/2203
f 673/3620/2204 2132/3637/2204 3034/3638/2204 2114/3621/2204
f 2132/3637/2205 679/3639/2205 2126/3640/2205 3034/3638/2205
f 3034/3638/2206 2126/3640/2206 678/3641/2206 2134/3642/2206
f 2114/3621/2207 3034/3638/2207 2134/3642/2207 672/3551/2207
f 671/3560/2208 2135/3643/2208 3035/3644/2208 2112/3609/2208
f 2135/3643/2209 677/3645/2209 2124/3646/2209 3035/3644/2209
f 3035/3644/2210 2124/3646/2210 676/3647/2210 2133/3648/2210
f 2112/3609/2211 3035/3644/2211 2133/3648/2211 670/3610/2211
f 675/3558/2212 2113/3649/2212 3036/3650/2212 2117/3559/2212
f 2113/3649/2213 681/3651/2213 2129/3652/2213 3036/3650/2213
f 3036/3650/2214 2129/3652/2214 677/3645/2214 2135/3643/2214
f 2117/3559/2215 3036/3650/2215 2135/3643/2215 671/3560/2215
f 672/3551/2216 2134/3642/2216 3037/3653/2216 2115/3552/2216
f 2134/3642/2217 678/3641/2217 2127/3654/2217 3037/3653/2217
f 3037/3653/2218 2127/3654/2218 680/3655/2218 2131/3656/2218
f 2115/3552/2219 3037/3653/2219 2131/3656/2219 674/3553/2219
f 694/3657/2220 2162/3658/2220 3038/3659/2220 2180/3660/2220
f 710/3661/2221 2191/3662/2221 3038/3659/2221 2162/3658/2221
f 708/3663/2222 2137/3664/2222 3038/3659/2222 2191/3662/2222
f 688/3433/2223 2149/3436/2223 3038/3659/2223 2137/3664/2223
f 693/2572/2224 2148/3665/2224 3038/3659/2224 2149/3436/2224
f 705/3666/2225 2180/3660/2225 3038/3659/2225 2148/3665/2225
f 594/3190/2226 1955/3219/2226 3039/3667/2226 1944/3668/2226
f 1955/3219/2227 596/3196/2227 1937/3193/2227 3039/3667/2227
f 3039/3667/2228 1937/3193/2228 691/3192/2228 2150/3669/2228
f 1944/3668/2229 3039/3667/2229 2150/3669/2229 692/3670/2229
f 703/3212/2230 2146/3671/2230 3040/3672/2230 2179/3673/2230
f 2146/3671/2231 691/3192/2231 2151/3195/2231 3040/3672/2231
f 3040/3672/2232 2151/3195/2232 318/3200/2232 1383/3674/2232
f 2179/3673/2233 3040/3672/2233 1383/3674/2233 332/3675/2233
f 591/3169/1859 1950/3191/1859 3041/3676/1859 1936/3677/1859
f 1950/3191/1859 594/3190/1859 1944/3668/1859 3041/3676/1859
f 3041/3676/1859 1944/3668/1859 692/3670/1859 2152/3678/1859
f 1936/3677/1859 3041/3676/1859 2152/3678/1859 690/3679/1859
f 564/3015/2234 1880/3129/2234 3042/3680/2234 1878/3681/2234
f 1880/3129/2234 588/3128/2234 1930/3682/2234 3042/3680/2234
f 3042/3680/2235 1930/3682/2235 689/3683/2235 2153/3684/2235
f 1878/3681/2235 3042/3680/2235 2153/3684/2235 687/3685/2235
f 588/3128/2236 1943/3170/2236 3043/3686/2236 1930/3682/2236
f 1943/3170/2237 591/3169/2237 1936/3677/2237 3043/3686/2237
f 3043/3686/2237 1936/3677/2237 690/3679/2237 2154/3687/2237
f 1930/3682/2238 3043/3686/2238 2154/3687/2238 689/3683/2238
f 465/2869/2239 1685/2868/2239 3044/3688/2239 1662/3689/2239
f 1685/2868/2240 556/2867/2240 1857/3690/2240 3044/3688/2240
f 3044/3688/2241 1857/3690/2241 686/3691/2241 2155/3692/2241
f 1662/3689/2242 3044/3688/2242 2155/3692/2242 682/3693/2242
f 556/3017/2243 1868/3016/2243 3045/3694/2243 1857/3695/2243
f 1868/3016/2244 564/3015/2244 1878/3681/2244 3045/3694/2244
f 3045/3694/2245 1878/3681/2245 687/3685/2245 2156/3696/2245
f 1857/3695/2246 3045/3694/2246 2156/3696/2246 686/3697/2246
f 788/3698/2247 2347/3699/2247 3046/3700/2247 2336/3701/2247
f 2347/3699/2248 787/2743/2248 2335/2746/2248 3046/3700/2248
f 3046/3700/2249 2335/2746/2249 685/2208/2249 2140/3702/2249
f 2336/3701/2250 3046/3700/2250 2140/3702/2250 698/3703/2250
f 705/3666/2251 2148/3665/2251 3047/3704/2251 2177/3705/2251
f 2148/3665/2252 693/2572/2252 2158/2575/2252 3047/3704/2252
f 3047/3704/2253 2158/2575/2253 684/2580/2253 2139/3706/2253
f 2177/3705/2254 3047/3704/2254 2139/3706/2254 697/3707/2254
f 748/3708/2255 2256/3709/2255 3048/3710/2255 2252/3711/2255
f 2256/3709/2256 747/2471/2256 2251/2474/2256 3048/3710/2256
f 3048/3710/2257 2251/2474/2257 683/2479/2257 2138/3712/2257
f 2252/3711/2258 3048/3710/2258 2138/3712/2258 696/3713/2258
f 715/3714/2259 2211/3715/2259 3049/3716/2259 2199/3717/2259
f 2211/3715/2260 719/3718/2260 2207/3719/2260 3049/3716/2260
f 3049/3716/2261 2207/3719/2261 718/3720/2261 2210/3721/2261
f 2199/3717/2262 3049/3716/2262 2210/3721/2262 714/3722/2262
f 698/3703/2263 2140/3702/2263 3050/3723/2263 2174/3724/2263
f 2140/3702/2264 685/2208/2264 2161/2211/2264 3050/3723/2264
f 3050/3723/2265 2161/2211/2265 682/2216/2265 2136/3725/2265
f 2174/3724/2266 3050/3723/2266 2136/3725/2266 695/3726/2266
f 576/3035/2267 2166/3727/2267 3051/3728/2267 1909/3061/2267
f 2166/3727/2268 698/3703/2268 2174/3724/2268 3051/3728/2268
f 3051/3728/2269 2174/3724/2269 695/3726/2269 2163/3729/2269
f 1909/3061/2270 3051/3728/2270 2163/3729/2270 573/3062/2270
f 155/143/26 1401/1710/26 3052/3730/26 1908/2279/26
f 323/1716/26 2175/3731/26 3052/3730/26 1401/1710/26
f 711/3732/26 2195/3733/26 3052/3730/26 2175/3731/26
f 694/3734/26 1893/3735/26 3052/3730/26 2195/3733/26
f 572/2276/26 1908/2279/26 3052/3730/26 1893/3735/26
f 743/3047/2271 2255/3736/2271 3053/3737/2271 2247/3048/2271
f 2255/3736/2272 748/3708/2272 2252/3711/2272 3053/3737/2272
f 3053/3737/2273 2252/3711/2273 696/3713/2273 2164/3738/2273
f 2247/3048/2274 3053/3737/2274 2164/3738/2274 574/3049/2274
f 637/3040/2275 2173/3739/2275 3054/3740/2275 2028/3041/2275
f 2173/3739/2276 705/3666/2276 2177/3705/2276 3054/3740/2276
f 3054/3740/2277 2177/3705/2277 697/3707/2277 2165/3741/2277
f 2028/3041/2278 3054/3740/2278 2165/3741/2278 575/3042/2278
f 783/3033/2279 2346/3742/2279 3055/3743/2279 2331/3034/2279
f 2346/3742/2280 788/3698/2280 2336/3701/2280 3055/3743/2280
f 3055/3743/2281 2336/3701/2281 698/3703/2281 2166/3727/2281
f 2331/3034/2282 3055/3743/2282 2166/3727/2282 576/3035/2282
f 592/3744/2283 2171/3745/2283 3056/3746/2283 1953/3747/2283
f 2171/3213/2284 703/3212/2284 2179/3673/2284 3056/3748/2284
f 3056/3748/2285 2179/3673/2285 332/3675/2285 1410/3749/2285
f 1953/3747/2286 3056/3746/2286 1410/3750/2286 196/3751/2286
f 572/3389/2287 1893/3752/2287 3057/3753/2287 1905/3390/2287
f 1893/3752/2288 694/3657/2288 2180/3660/2288 3057/3753/2288
f 3057/3753/2289 2180/3660/2289 705/3666/2289 2173/3739/2289
f 1905/3390/2290 3057/3753/2290 2173/3739/2290 637/3040/2290
f 692/3670/2291 2150/3669/2291 3058/3754/2291 2147/3755/2291
f 2150/3669/2292 691/3192/2292 2146/3671/2292 3058/3754/2292
f 3058/3754/2293 2146/3671/2293 703/3212/2293 2181/3210/2293
f 2147/3755/2294 3058/3754/2294 2181/3210/2294 704/3182/2294
f 690/3679/1859 2152/3678/1859 3059/3756/1859 2145/3757/1859
f 2152/3678/1859 692/3670/1859 2147/3755/1859 3059/3756/1859
f 3059/3756/1859 2147/3755/1859 704/3182/1859 2182/3180/1859
f 2145/3757/1859 3059/3756/1859 2182/3180/1859 702/3134/1859
f 687/3685/2235 2153/3684/2235 3060/3758/2235 2142/3759/2235
f 2153/3684/2235 689/3683/2235 2144/3760/2235 3060/3758/2235
f 3060/3758/2235 2144/3760/2235 701/3130/2235 2183/3149/2235
f 2142/3759/2235 3060/3758/2235 2183/3149/2235 700/3028/2235
f 689/3683/2295 2154/3687/2295 3061/3761/2295 2144/3760/2295
f 2154/3687/2296 690/3679/2296 2145/3757/2296 3061/3761/2296
f 3061/3761/2297 2145/3757/2297 702/3134/2297 2184/3131/2297
f 2144/3760/1826 3061/3761/1826 2184/3131/1826 701/3130/1826
f 682/3693/2298 2155/3692/2298 3062/3762/2298 2136/3763/2298
f 2155/3692/2299 686/3691/2299 2141/3764/2299 3062/3762/2299
f 3062/3762/2300 2141/3764/2300 699/3055/2300 2185/3052/2300
f 2136/3763/2301 3062/3762/2301 2185/3052/2301 695/3051/2301
f 686/3697/2302 2156/3696/2302 3063/3765/2302 2141/3766/2302
f 2156/3696/2303 687/3685/2303 2142/3759/2303 3063/3765/2303
f 3063/3765/2304 2142/3759/2304 700/3028/2304 2186/3025/2304
f 2141/3766/2305 3063/3765/2305 2186/3025/2305 699/3024/2305
f 707/3767/2306 2197/3768/2306 3064/3769/2306 2188/3770/2306
f 2197/3768/2306 342/1752/2306 1426/1751/2306 3064/3769/2306
f 3064/3769/2307 1426/1751/2307 336/1750/2307 2187/3771/2307
f 2188/3770/2308 3064/3769/2308 2187/3771/2308 706/3772/2308
f 708/3773/2309 2192/3774/2309 3065/3775/2309 2137/3776/2309
f 2192/3774/2310 706/3772/2310 2194/3777/2310 3065/3775/2310
f 3065/3775/2311 2194/3777/2311 709/2224/2311 2193/2223/2311
f 2137/3776/2312 3065/3775/2312 2193/2223/2312 688/2222/2312
f 709/2224/2313 2194/3777/2313 3066/3778/2313 2160/2218/2313
f 2194/3777/2314 706/3772/2314 2187/3771/2314 3066/3778/2314
f 3066/3778/2315 2187/3771/2315 336/1750/2315 1433/1759/2315
f 2160/2218/2316 3066/3778/2316 1433/1759/2316 308/63/2316
f 708/3779/2317 2203/3780/2317 3067/3781/2317 2192/3782/2317
f 2203/3780/2318 714/3783/2318 2200/3784/2318 3067/3781/2318
f 3067/3781/2319 2200/3784/2319 712/3785/2319 2202/3786/2319
f 2192/3782/2320 3067/3781/2320 2202/3786/2320 706/3787/2320
f 710/3788/2321 2162/3789/2321 3068/3790/2321 2198/3791/2321
f 2162/3789/2322 694/3734/2322 2195/3733/2322 3068/3790/2322
f 3068/3790/2323 2195/3733/2323 711/3732/2323 2196/3792/2323
f 2198/3791/2324 3068/3790/2324 2196/3792/2324 707/3767/2324
f 335/1716/2325 1437/1775/2325 3069/3793/2325 2189/3794/2325
f 1437/1775/2326 342/1752/2326 2197/3768/2326 3069/3793/2326
f 3069/3793/2327 2197/3768/2327 707/3767/2327 2196/3792/2327
f 2189/3794/2328 3069/3793/2328 2196/3792/2328 711/3732/2328
f 710/3661/2329 2204/3795/2329 3070/3796/2329 2191/3662/2329
f 2204/3795/2330 715/3714/2330 2199/3717/2330 3070/3796/2330
f 3070/3796/2331 2199/3717/2331 714/3722/2331 2203/3797/2331
f 2191/3662/2332 3070/3796/2332 2203/3797/2332 708/3663/2332
f 707/3798/2333 2205/3799/2333 3071/3800/2333 2198/3801/2333
f 2205/3799/2334 713/3802/2334 2201/3803/2334 3071/3800/2334
f 3071/3800/2335 2201/3803/2335 715/3804/2335 2204/3805/2335
f 2198/3801/2336 3071/3800/2336 2204/3805/2336 710/3806/2336
f 706/3807/2337 2202/3808/2337 3072/3809/2337 2188/3810/2337
f 2202/3808/2338 712/3811/2338 2190/3812/2338 3072/3809/2338
f 3072/3809/2339 2190/3812/2339 713/3813/2339 2205/3814/2339
f 2188/3810/2340 3072/3809/2340 2205/3814/2340 707/3815/2340
f 719/3816/2341 2209/3817/2341 3073/3818/2341 2207/3819/2341
f 2209/3817/2342 717/3820/2342 2206/3821/2342 3073/3818/2342
f 3073/3818/2343 2206/3821/2343 716/3822/2343 2208/3823/2343
f 2207/3819/2343 3073/3818/2343 2208/3823/2343 718/3824/2343
f 714/3825/2344 2210/3826/2344 3074/3827/2344 2200/3828/2344
f 2210/3826/2344 718/3824/2344 2208/3823/2344 3074/3827/2344
f 3074/3827/2344 2208/3823/2344 716/3822/2344 2212/3829/2344
f 2200/3828/2344 3074/3827/2344 2212/3829/2344 712/3830/2344
f 712/3811/2345 2212/3831/2345 3075/3832/2345 2190/3812/2345
f 2212/3831/2346 716/3833/2346 2206/3834/2346 3075/3832/2346
f 3075/3832/2347 2206/3834/2347 717/3835/2347 2213/3836/2347
f 2190/3812/2348 3075/3832/2348 2213/3836/2348 713/3813/2348
f 713/3802/2349 2213/3837/2349 3076/3838/2349 2201/3803/2349
f 2213/3837/2349 717/3839/2349 2209/3840/2349 3076/3838/2349
f 3076/3838/2349 2209/3840/2349 719/3841/2349 2211/3842/2349
f 2201/3803/2349 3076/3838/2349 2211/3842/2349 715/3804/2349
f 721/3843/2350 2224/3844/2350 3077/3845/2350 2222/3846/2350
f 2224/3844/2351 750/3847/2351 2282/3848/2351 3077/3845/2351
f 3077/3845/2352 2282/3848/2352 751/3849/2352 2284/3850/2352
f 2222/3846/2353 3077/3845/2353 2284/3850/2353 723/3851/2353
f 389/1833/1055 2254/3852/1055 3078/3853/1055 1502/1834/1055
f 2254/3852/1055 749/3854/1055 2253/3855/1055 3078/3853/1055
f 3078/3853/2354 2253/3855/2354 724/3856/2354 2219/3857/2354
f 1502/1834/1055 3078/3853/1055 2219/3857/1055 361/1837/1055
f 354/633/1056 1535/1847/1056 3079/3858/1056 2215/2715/1056
f 1535/1847/1056 390/1851/1056 2279/3859/1056 3079/3858/1056
f 3079/3858/1056 2279/3859/1056 750/3860/1056 2224/3861/1056
f 2215/2715/1056 3079/3858/1056 2224/3861/1056 721/2716/1056
f 725/2400/2355 2302/3862/2355 3080/3863/2355 2225/2610/2355
f 2302/3862/2356 761/3864/2356 2300/3865/2356 3080/3863/2356
f 3080/3863/2357 2300/3865/2357 756/3866/2357 2226/3867/2357
f 2225/2610/2358 3080/3863/2358 2226/3867/2358 720/2611/2358
f 775/2389/2359 2345/3868/2359 3081/3869/2359 1721/2390/2359
f 2345/3868/2360 789/3870/2360 2217/3871/2360 3081/3869/2360
f 3081/3869/2361 2217/3871/2361 724/3872/2361 2228/3873/2361
f 1721/2390/2362 3081/3869/2362 2228/3873/2362 497/2391/2362
f 485/2710/2363 1775/3874/2363 3082/3875/2363 1793/2711/2363
f 1775/3874/2364 721/3843/2364 2222/3846/2364 3082/3875/2364
f 3082/3875/2365 2222/3846/2365 723/3851/2365 2229/3876/2365
f 1793/2711/2366 3082/3875/2366 2229/3876/2366 531/2712/2366
f 363/1867/1069 2221/3877/1069 3083/3878/1069 1465/1868/1069
f 2221/3877/1069 725/3879/1069 2220/3880/1069 3083/3878/1069
f 3083/3878/1069 2220/3880/1069 749/3854/1069 2254/3852/1069
f 1465/1868/1069 3083/3878/1069 2254/3852/1069 389/1833/1069
f 575/3042/2367 2165/3741/2367 3084/3881/2367 1906/3882/2367
f 2165/3741/2368 697/3707/2368 2176/3883/2368 3084/3881/2368
f 3084/3881/2369 2176/3883/2369 748/3708/2369 2255/3736/2369
f 1906/3882/2370 3084/3881/2370 2255/3736/2370 743/3047/2370
f 697/3707/2371 2139/3706/2371 3085/3884/2371 2176/3883/2371
f 2139/3706/2372 684/2580/2372 2159/3885/2372 3085/3884/2372
f 3085/3884/2373 2159/3885/2373 747/2471/2373 2256/3709/2373
f 2176/3883/2374 3085/3884/2374 2256/3709/2374 748/3708/2374
f 509/2578/2375 2065/3522/2375 3086/3886/2375 1756/3887/2375
f 2065/3522/2376 648/2851/2376 2084/3888/2376 3086/3886/2376
f 3086/3886/2377 2084/3888/2377 746/2852/2377 2257/3518/2377
f 1756/3887/2378 3086/3886/2378 2257/3518/2378 729/2475/2378
f 548/2849/2379 2051/3476/2379 3087/3889/2379 1841/3890/2379
f 2051/3476/2380 641/2571/2380 2058/3891/2380 3087/3889/2380
f 3087/3889/2381 2058/3891/2381 745/2480/2381 2258/3477/2381
f 1841/3890/2382 3087/3889/2382 2258/3477/2382 741/2856/2382
f 495/2424/2383 1957/3233/2383 3088/3892/2383 2239/3893/2383
f 1957/3233/2384 599/2417/2384 1965/3894/2384 3088/3892/2384
f 3088/3892/2385 1965/3894/2385 744/2625/2385 2259/3228/2385
f 2239/3893/2386 3088/3892/2386 2259/3228/2386 735/2638/2386
f 506/2654/2387 1897/3043/2387 3089/3895/2387 1753/2652/2387
f 1897/3043/2388 575/3042/2388 1906/3882/2388 3089/3895/2388
f 3089/3895/2389 1906/3882/2389 743/3047/2389 2260/3044/2389
f 1753/2652/2390 3089/3895/2390 2260/3044/2390 726/2649/2390
f 494/2415/2391 1848/2895/2391 3090/3896/2391 2238/3897/2391
f 1848/2895/2392 552/2408/2392 1852/3898/2392 3090/3896/2392
f 3090/3896/2393 1852/3898/2393 742/2619/2393 2261/2890/2393
f 2238/3897/2394 3090/3896/2394 2261/2890/2394 734/2629/2394
f 648/2851/2395 1837/2850/2395 3091/3899/2395 2084/3888/2395
f 1837/2850/2396 548/2849/2396 1841/3890/2396 3091/3899/2396
f 3091/3899/2397 1841/3890/2397 741/2856/2397 2262/2853/2397
f 2084/3888/2398 3091/3899/2398 2262/2853/2398 746/2852/2398
f 510/2585/2399 1814/2769/2399 3092/3900/2399 1757/3901/2399
f 1814/2769/2400 537/2595/2400 1818/3902/2400 3092/3900/2400
f 3092/3900/2401 1818/3902/2401 740/2454/2401 2263/2770/2401
f 1757/3901/2402 3092/3900/2402 2263/2770/2402 730/2466/2402
f 486/2438/2403 1727/2437/2403 3093/3903/2403 2230/3046/2403
f 1727/2437/2404 492/2432/2404 2236/3904/2404 3093/3903/2404
f 3093/3903/2405 2236/3904/2405 732/2643/2405 2264/2650/2405
f 2230/3046/2406 3093/3903/2406 2264/2650/2406 726/2649/2406
f 492/2432/2407 1726/2431/2407 3094/3905/2407 2236/3904/2407
f 1726/2431/2408 493/2426/2408 2237/3906/2408 3094/3905/2408
f 3094/3905/2409 2237/3906/2409 733/2634/2409 2265/2644/2409
f 2236/3904/2410 3094/3905/2410 2265/2644/2410 732/2643/2410
f 493/2426/2411 1725/2425/2411 3095/3907/2411 2237/3906/2411
f 1725/2425/2412 495/2424/2412 2239/3893/2412 3095/3907/2412
f 3095/3907/2413 2239/3893/2413 735/2638/2413 2266/2635/2413
f 2237/3906/2414 3095/3907/2414 2266/2635/2414 733/2634/2414
f 599/2417/2415 1724/2416/2415 3096/3908/2415 1965/3894/2415
f 1724/2416/2416 494/2415/2416 2238/3897/2416 3096/3908/2416
f 3096/3908/2417 2238/3897/2417 734/2629/2417 2267/2626/2417
f 1965/3894/2418 3096/3908/2418 2267/2626/2418 744/2625/2418
f 552/2408/2419 1723/2407/2419 3097/3909/2419 1852/3898/2419
f 1723/2407/2420 496/2393/2420 2240/3910/2420 3097/3909/2420
f 3097/3909/2421 2240/3910/2421 736/2613/2421 2268/2620/2421
f 1852/3898/2422 3097/3909/2422 2268/2620/2422 742/2619/2422
f 496/2393/2423 1722/2392/2423 3098/3911/2423 2240/3910/2423
f 1722/2392/2424 497/2391/2424 2241/3912/2424 3098/3911/2424
f 3098/3911/2425 2241/3912/2425 737/2394/2425 2269/2614/2425
f 2240/3910/2426 3098/3911/2426 2269/2614/2426 736/2613/2426
f 519/2556/182 1767/2555/182 3099/3913/182 1766/3914/182
f 1767/2555/182 86/463/182 945/1907/182 3099/3913/182
f 3099/3913/182 945/1907/182 378/441/182 2270/2536/182
f 1766/3914/182 3099/3913/182 2270/2536/182 739/2535/182
f 518/2602/2427 1768/3915/2427 3100/3916/2427 1765/3917/2427
f 1768/3915/2428 519/3918/2428 1766/3919/2428 3100/3916/2428
f 3100/3916/2429 1766/3919/2429 739/2521/2429 2271/2519/2429
f 1765/3917/2430 3100/3916/2430 2271/2519/2430 738/2450/2430
f 641/2571/2431 1769/2570/2431 3101/3920/2431 2058/3891/2431
f 1769/2570/2432 507/2569/2432 1754/3921/2432 3101/3920/2432
f 3101/3920/2433 1754/3921/2433 727/2462/2433 2272/2481/2433
f 2058/3891/2434 3101/3920/2434 2272/2481/2434 745/2480/2434
f 684/2580/2435 1770/2579/2435 3102/3922/2435 2159/3885/2435
f 1770/2579/2436 509/2578/2436 1756/3887/2436 3102/3922/2436
f 3102/3922/2437 1756/3887/2437 729/2475/2437 2273/2472/2437
f 2159/3885/2438 3102/3922/2438 2273/2472/2438 747/2471/2438
f 507/2569/2439 1771/2586/2439 3103/3923/2439 1754/3921/2439
f 1771/2586/2440 510/2585/2440 1757/3901/2440 3103/3923/2440
f 3103/3923/2441 1757/3901/2441 730/2466/2441 2274/2463/2441
f 1754/3921/2442 3103/3923/2442 2274/2463/2442 727/2462/2442
f 537/2595/2443 1772/2594/2443 3104/3924/2443 1818/3902/2443
f 1772/2594/2444 508/2593/2444 1755/3925/2444 3104/3924/2444
f 3104/3924/2445 1755/3925/2445 728/2439/2445 2275/2455/2445
f 1818/3902/2446 3104/3924/2446 2275/2455/2446 740/2454/2446
f 511/2604/2447 1773/2603/2447 3105/3926/2447 1758/3927/2447
f 1773/2603/2448 518/2602/2448 1765/3917/2448 3105/3926/2448
f 3105/3926/2449 1765/3917/2449 738/2450/2449 2276/2448/2449
f 1758/3927/2450 3105/3926/2450 2276/2448/2450 731/2443/2450
f 508/2593/2451 1774/2607/2451 3106/3928/2451 1755/3925/2451
f 1774/2607/2452 511/2604/2452 1758/3927/2452 3106/3928/2452
f 3106/3928/2453 1758/3927/2453 731/2443/2453 2277/2440/2453
f 1755/3925/2454 3106/3928/2454 2277/2440/2454 728/2439/2454
f 497/2391/2455 2228/3873/2455 3107/3929/2455 2241/3912/2455
f 2228/3873/2456 724/3872/2456 2253/3930/2456 3107/3929/2456
f 3107/3929/2457 2253/3930/2457 749/2398/2457 2278/2395/2457
f 2241/3912/2458 3107/3929/2458 2278/2395/2458 737/2394/2458
f 791/3931/2459 2344/3932/2459 3108/3933/2459 2280/3934/2459
f 2344/3932/2460 790/3935/2460 2223/3936/2460 3108/3933/2460
f 3108/3933/2461 2223/3936/2461 755/3937/2461 2283/3938/2461
f 2280/3934/2462 3108/3933/2462 2283/3938/2462 752/3939/2462
f 752/3940/1166 2283/3941/1166 3109/3942/1166 2281/3943/1166
f 2283/3941/1166 755/3944/1166 2287/3945/1166 3109/3942/1166
f 3109/3942/1166 2287/3945/1166 400/1940/1166 1533/1939/1166
f 2281/3943/1166 3109/3942/1166 1533/1939/1166 395/1938/1166
f 724/3946/1167 2285/3947/1167 3110/3948/1167 2219/3949/1167
f 2285/3947/1168 752/3940/1168 2281/3943/1168 3110/3948/1168
f 3110/3948/1168 2281/3943/1168 395/1938/1168 1537/1948/1168
f 2219/3949/1167 3110/3948/1167 1537/1948/1167 361/1947/1167
f 789/3870/2463 2343/3950/2463 3111/3951/2463 2217/3871/2463
f 2343/3950/2464 791/3931/2464 2280/3934/2464 3111/3951/2464
f 3111/3951/2465 2280/3934/2465 752/3939/2465 2285/3952/2465
f 2217/3871/2466 3111/3951/2466 2285/3952/2466 724/3872/2466
f 790/3935/2467 2342/3953/2467 3112/3954/2467 2223/3936/2467
f 2342/3953/2468 792/3955/2468 2293/3956/2468 3112/3954/2468
f 3112/3954/2469 2293/3956/2469 759/3957/2469 2289/3958/2469
f 2223/3936/2470 3112/3954/2470 2289/3958/2470 755/3937/2470
f 755/3944/1177 2289/3959/1177 3113/3960/1177 2287/3945/1177
f 2289/3959/1177 759/3961/1177 2294/3962/1177 3113/3960/1177
f 3113/3960/1177 2294/3962/1177 405/1961/1177 1542/1960/1177
f 2287/3945/1177 3113/3960/1177 1542/1960/1177 400/1940/1177
f 750/3847/2471 2291/3963/2471 3114/3964/2471 2282/3848/2471
f 2291/3963/2472 753/3965/2472 2288/3966/2472 3114/3964/2472
f 3114/3964/2473 2288/3966/2473 754/3967/2473 2290/3968/2473
f 2282/3848/2474 3114/3964/2474 2290/3968/2474 751/3849/2474
f 390/1851/1182 1530/1971/1182 3115/3969/1182 2279/3859/1182
f 1530/1971/1182 360/1975/1182 2218/3970/1182 3115/3969/1182
f 3115/3969/1182 2218/3970/1182 753/3971/1182 2291/3972/1182
f 2279/3859/1182 3115/3969/1182 2291/3972/1182 750/3860/1182
f 404/1976/1183 2296/3973/1183 3116/3974/1183 1551/1977/1183
f 2296/3973/1183 758/3975/1183 2295/3976/1183 3116/3974/1183
f 3116/3974/1183 2295/3976/1183 757/3977/1183 2292/3978/1183
f 1551/1977/1183 3116/3974/1183 2292/3978/1183 394/1980/1183
f 450/1985/1184 2341/3979/1184 3117/3980/1184 1612/1986/1184
f 2341/3979/1184 792/3981/1184 2340/3982/1184 3117/3980/1184
f 3117/3980/1184 2340/3982/1184 758/3983/1184 2296/3984/1184
f 1612/1986/1184 3117/3980/1184 2296/3984/1184 404/1989/1184
f 753/3965/2475 2298/3985/2475 3118/3986/2475 2288/3966/2475
f 2298/3985/2476 757/3987/2476 2295/3988/2476 3118/3986/2476
f 3118/3986/2477 2295/3988/2477 758/3989/2477 2297/3990/2477
f 2288/3966/2478 3118/3986/2478 2297/3990/2478 754/3967/2478
f 360/1975/1189 1555/2001/1189 3119/3991/1189 2218/3970/1189
f 1555/2001/1189 394/1980/1189 2292/3978/1189 3119/3991/1189
f 3119/3991/1189 2292/3978/1189 757/3977/1189 2298/3992/1189
f 2218/3970/1189 3119/3991/1189 2298/3992/1189 753/3971/1189
f 409/2008/1190 1557/2011/1190 3120/3993/1190 2299/3994/1190
f 1557/2011/1190 413/2016/1190 2303/3995/1190 3120/3993/1190
f 3120/3993/1190 2303/3995/1190 762/3996/1190 2301/3997/1190
f 2299/3994/1190 3120/3993/1190 2301/3997/1190 761/3998/1190
f 720/2611/2479 2226/3867/2479 3121/3999/2479 2214/3412/2479
f 2226/3867/2480 756/3866/2480 2286/4000/2480 3121/3999/2480
f 3121/3999/2481 2286/4000/2481 406/2003/2481 1564/4001/2481
f 2214/3412/2482 3121/3999/2482 1564/4001/2482 353/3413/2482
f 363/1867/1195 1565/2021/1195 3122/4002/1195 2221/3877/1195
f 1565/2021/1195 409/2008/1195 2299/3994/1195 3122/4002/1195
f 3122/4002/1195 2299/3994/1195 761/3998/1195 2302/4003/1195
f 2221/3877/1195 3122/4002/1195 2302/4003/1195 725/3879/1195
f 413/2016/1196 1569/2024/1196 3123/4004/1196 2303/3995/1196
f 1569/2024/1196 418/2028/1196 2308/4005/1196 3123/4004/1196
f 3123/4004/1196 2308/4005/1196 763/4006/1196 2311/4007/1196
f 2303/3995/1196 3123/4004/1196 2311/4007/1196 762/3996/1196
f 762/4008/2483 2311/4009/2483 3124/4010/2483 2304/4011/2483
f 2311/4009/2484 763/4012/2484 2309/4013/2484 3124/4010/2484
f 3124/4010/2485 2309/4013/2485 760/4014/2485 2305/4015/2485
f 2304/4011/2486 3124/4010/2486 2305/4015/2486 722/4016/2486
f 756/3866/2487 2306/4017/2487 3125/4018/2487 2286/4000/2487
f 2306/4017/2488 722/4016/2488 2216/4019/2488 3125/4018/2488
f 3125/4018/2489 2216/4019/2489 411/4020/2489 1571/2005/2489
f 2286/4000/2490 3125/4018/2490 1571/2005/2490 406/2003/2490
f 761/3864/2491 2301/4021/2491 3126/4022/2491 2300/3865/2491
f 2301/4021/2492 762/4008/2492 2304/4011/2492 3126/4022/2492
f 3126/4022/2493 2304/4011/2493 722/4016/2493 2306/4017/2493
f 2300/3865/2494 3126/4022/2494 2306/4017/2494 756/3866/2494
f 417/2045/1209 2310/4023/1209 3127/4024/1209 1578/2046/1209
f 2310/4023/1209 760/4025/1209 2309/4026/1209 3127/4024/1209
f 3127/4024/1209 2309/4026/1209 763/4027/1209 2308/4028/1209
f 1578/2046/1209 3127/4024/1209 2308/4028/1209 418/2049/1209
f 416/2054/1211 1574/2054/1211 3128/4029/1211 1575/2055/1211
f 1574/2054/1211 415/2054/1211 2307/4030/1211 3128/4029/1211
f 3128/4029/1211 2307/4030/1211 760/4025/1211 2310/4023/1211
f 1575/2055/1211 3128/4029/1211 2310/4023/1211 417/2045/1211
f 722/4016/2495 2305/4015/2495 3129/4031/2495 2216/4019/2495
f 2305/4015/2496 760/4014/2496 2307/4032/2496 3129/4031/2496
f 3129/4031/2497 2307/4032/2497 415/4033/2497 1566/4034/2497
f 2216/4019/2498 3129/4031/2498 1566/4034/2498 411/4020/2498
f 405/2067/1184 2294/4035/1184 3130/4036/1184 1548/2068/1184
f 2294/4035/1184 759/4037/1184 2293/4038/1184 3130/4036/1184
f 3130/4036/1184 2293/4038/1184 792/3981/1184 2341/3979/1184
f 1548/2068/1184 3130/4036/1184 2341/3979/1184 450/1985/1184
f 754/3967/2499 2297/3990/2499 3131/4039/2499 2338/4040/2499
f 2297/3990/2500 758/3989/2500 2340/4041/2500 3131/4039/2500
f 3131/4039/2501 2340/4041/2501 792/3955/2501 2342/3953/2501
f 2338/4040/2467 3131/4039/2467 2342/3953/2467 790/3935/2467
f 723/3851/2502 2284/3850/2502 3132/4042/2502 2337/4043/2502
f 2284/3850/2503 751/3849/2503 2339/4044/2503 3132/4042/2503
f 3132/4042/2504 2339/4044/2504 791/3931/2504 2343/3950/2504
f 2337/4043/2505 3132/4042/2505 2343/3950/2505 789/3870/2505
f 751/3849/2506 2290/3968/2506 3133/4045/2506 2339/4044/2506
f 2290/3968/2507 754/3967/2507 2338/4040/2507 3133/4045/2507
f 3133/4045/2508 2338/4040/2508 790/3935/2508 2344/3932/2508
f 2339/4044/2509 3133/4045/2509 2344/3932/2509 791/3931/2509
f 531/2712/2510 2229/3876/2510 3134/4046/2510 2323/4047/2510
f 2229/3876/2511 723/3851/2511 2337/4043/2511 3134/4046/2511
f 3134/4046/2512 2337/4043/2512 789/3870/2512 2345/3868/2512
f 2323/4047/2513 3134/4046/2513 2345/3868/2513 775/2389/2513
f 574/3049/2514 2164/3738/2514 3135/4048/2514 1904/4049/2514
f 2164/3738/2515 696/3713/2515 2178/4050/2515 3135/4048/2515
f 3135/4048/2516 2178/4050/2516 788/3698/2516 2346/3742/2516
f 1904/4049/2517 3135/4048/2517 2346/3742/2517 783/3033/2517
f 696/3713/2518 2138/3712/2518 3136/4051/2518 2178/4050/2518
f 2138/3712/2519 683/2479/2519 2157/4052/2519 3136/4051/2519
f 3136/4051/2520 2157/4052/2520 787/2743/2520 2347/3699/2520
f 2178/4050/2521 3136/4051/2521 2347/3699/2521 788/3698/2521
f 489/2477/2522 2064/3520/2522 3137/4053/2522 1712/4054/2522
f 2064/3520/2523 647/2860/2523 2086/4055/2523 3137/4053/2523
f 3137/4053/2524 2086/4055/2524 786/2834/2524 2348/3523/2524
f 1712/4054/2525 3137/4053/2525 2348/3523/2525 767/2747/2525
f 547/2858/2526 2050/3479/2526 3138/4056/2526 1839/4057/2526
f 2050/3479/2527 640/2485/2527 2056/4058/2527 3138/4056/2527
f 3138/4056/2528 2056/4058/2528 785/2749/2528 2349/3472/2528
f 1839/4057/2529 3138/4056/2529 2349/3472/2529 781/2838/2529
f 529/2688/2530 1959/3227/2530 3139/4059/2530 2321/4060/2530
f 1959/3227/2531 601/2698/2531 1966/4061/2531 3139/4059/2531
f 3139/4059/2532 1966/4061/2532 784/2409/2532 2350/3231/2532
f 2321/4060/2533 3139/4059/2533 2350/3231/2533 773/2422/2533
f 486/2438/2534 1896/3050/2534 3140/4062/2534 1709/2436/2534
f 1896/3050/2535 574/3049/2535 1904/4049/2535 3140/4062/2535
f 3140/4062/2536 1904/4049/2536 783/3033/2536 2351/3030/2536
f 1709/2436/2537 3140/4062/2537 2351/3030/2537 764/2433/2537
f 528/2696/2538 1850/2889/2538 3141/4063/2538 2320/4064/2538
f 1850/2889/2539 554/2707/2539 1853/4065/2539 3141/4063/2539
f 3141/4063/2540 1853/4065/2540 782/2403/2540 2352/2893/2540
f 2320/4064/2541 3141/4063/2541 2352/2893/2541 772/2413/2541
f 647/2860/2542 1836/2859/2542 3142/4066/2542 2086/4055/2542
f 1836/2859/2543 547/2858/2543 1839/4057/2543 3142/4066/2543
f 3142/4066/2544 1839/4057/2544 781/2838/2544 2353/2835/2544
f 2086/4055/2545 3142/4066/2545 2353/2835/2545 786/2834/2545
f 490/4067/2546 1832/4068/2546 3143/4069/2546 1713/4070/2546
f 542/4071/2547 1823/4072/2547 3143/4069/2547 1832/4068/2547
f 779/2827/2548 2354/2824/2548 3143/4069/2548 1823/4072/2548
f 768/2823/2549 2377/4073/2549 3143/4069/2549 2354/2824/2549
f 799/4074/2550 1713/4070/2550 3143/4069/2550 2377/4073/2550
f 542/4075/2551 1826/4076/2551 3144/4077/2551 1823/4078/2551
f 1826/4076/2552 543/4079/2552 1828/4080/2552 3144/4077/2552
f 3144/4077/2553 1828/4080/2553 780/2781/2553 2355/2791/2553
f 1823/4078/2554 3144/4077/2554 2355/2791/2554 779/2790/2554
f 543/4079/2555 1824/4081/2555 3145/4082/2555 1828/4080/2555
f 1824/4081/2556 540/4083/2556 1822/4084/2556 3145/4082/2556
f 3145/4082/2557 1822/4084/2557 778/2785/2557 2356/2782/2557
f 1828/4080/2558 3145/4082/2558 2356/2782/2558 780/2781/2558
f 640/2485/2559 1733/2484/2559 3146/4085/2559 2056/4058/2559
f 1733/2484/2560 487/2470/2560 1710/4086/2560 3146/4085/2560
f 3146/4085/2561 1710/4086/2561 765/2735/2561 2357/2750/2561
f 2056/4058/2562 3146/4085/2562 2357/2750/2562 785/2749/2562
f 683/2479/2563 1732/2478/2563 3147/4087/2563 2157/4052/2563
f 1732/2478/2564 489/2477/2564 1712/4054/2564 3147/4087/2564
f 3147/4087/2565 1712/4054/2565 767/2747/2565 2358/2744/2565
f 2157/4052/2566 3147/4087/2566 2358/2744/2566 787/2743/2566
f 487/2470/2567 1731/2469/2567 3148/4088/2567 1710/4086/2567
f 490/2468/2568 1713/4089/2568 3148/4088/2568 1731/2469/2568
f 799/4090/2569 2377/4091/2569 3148/4088/2569 1713/4089/2569
f 768/2739/2570 2359/2736/2570 3148/4088/2570 2377/4091/2570
f 765/2735/2571 1710/4086/2571 3148/4088/2571 2359/2736/2571
f 522/4092/2572 1831/4093/2572 3149/4094/2572 2373/4095/2572
f 539/4096/2573 2326/4097/2573 3149/4094/2573 1831/4093/2573
f 778/2728/2574 2360/2725/2574 3149/4094/2574 2326/4097/2574
f 766/2724/2575 2314/4098/2575 3149/4094/2575 2360/2725/2575
f 795/4099/2576 2373/4095/2576 3149/4094/2576 2314/4098/2576
f 488/2447/2577 1728/2446/2577 3150/4100/2577 1711/4101/2577
f 491/2445/2578 1714/4102/2578 3150/4100/2578 1728/2446/2578
f 769/2665/2579 2361/2719/2579 3150/4100/2579 1714/4102/2579
f 766/2718/2580 2374/4103/2580 3150/4100/2580 2361/2719/2580
f 796/4104/2581 1711/4101/2581 3150/4100/2581 2374/4103/2581
f 491/2445/2582 1715/4105/2582 3151/4106/2582 1714/4102/2582
f 1715/4105/2583 499/4107/2583 1735/4108/2583 3151/4106/2583
f 3151/4106/2584 1735/4108/2584 776/2655/2584 2362/2666/2584
f 1714/4102/2585 3151/4106/2585 2362/2666/2585 769/2665/2585
f 501/2489/1304 1740/2488/1304 3152/4109/1304 1739/4110/1304
f 1740/2488/1304 63/378/1304 912/2145/1304 3152/4109/1304
f 3152/4109/167 912/2145/167 434/578/167 2363/2662/167
f 1739/4110/167 3152/4109/167 2363/2662/167 777/2661/167
f 499/4107/2586 1741/4111/2586 3153/4112/2586 1735/4108/2586
f 1741/4111/2587 501/4113/2587 1739/4114/2587 3153/4112/2587
f 3153/4112/2588 1739/4114/2588 777/2659/2588 2364/2656/2588
f 1735/4108/2589 3153/4112/2589 2364/2656/2589 776/2655/2589
f 520/2677/2590 1799/2676/2590 3154/4115/2590 2312/3032/2590
f 1799/2676/2591 526/2675/2591 2318/4116/2591 3154/4115/2591
f 3154/4115/2592 2318/4116/2592 770/2427/2592 2365/2434/2592
f 2312/3032/2593 3154/4115/2593 2365/2434/2593 764/2433/2593
f 526/2675/2594 1800/2683/2594 3155/4117/2594 2318/4116/2594
f 1800/2683/2595 527/2682/2595 2319/4118/2595 3155/4117/2595
f 3155/4117/2596 2319/4118/2596 771/2418/2596 2366/2428/2596
f 2318/4116/2597 3155/4117/2597 2366/2428/2597 770/2427/2597
f 527/2682/2598 1801/2689/2598 3156/4119/2598 2319/4118/2598
f 1801/2689/2599 529/2688/2599 2321/4060/2599 3156/4119/2599
f 3156/4119/2600 2321/4060/2600 773/2422/2600 2367/2419/2600
f 2319/4118/2601 3156/4119/2601 2367/2419/2601 771/2418/2601
f 601/2698/2602 1802/2697/2602 3157/4120/2602 1966/4061/2602
f 1802/2697/2603 528/2696/2603 2320/4064/2603 3157/4120/2603
f 3157/4120/2604 2320/4064/2604 772/2413/2604 2368/2410/2604
f 1966/4061/2605 3157/4120/2605 2368/2410/2605 784/2409/2605
f 554/2707/2606 1803/2706/2606 3158/4121/2606 1853/4065/2606
f 1803/2706/2607 530/2705/2607 2322/4122/2607 3158/4121/2607
f 3158/4121/2608 2322/4122/2608 774/2385/2608 2369/2404/2608
f 1853/4065/2609 3158/4121/2609 2369/2404/2609 782/2403/2609
f 530/2705/2610 1804/2713/2610 3159/4123/2610 2322/4122/2610
f 1804/2713/2611 531/2712/2611 2323/4047/2611 3159/4123/2611
f 3159/4123/2612 2323/4047/2612 775/2389/2612 2370/2386/2612
f 2322/4122/2613 3159/4123/2613 2370/2386/2613 774/2385/2613
f 116/1452/2614 1017/2160/2614 3160/4124/2614 2381/3482/2614
f 1017/2160/2615 136/2162/2615 1871/4125/2615 3160/4124/2615
f 3160/4124/2616 1871/4125/2616 561/2329/2616 2382/2328/2616
f 2381/3482/2617 3160/4124/2617 2382/2328/2617 802/2327/2617
l 335 1431
l 1431 323
o Sphere
v 0.127617 0.226141 1.713743
v 0.143666 0.205404 1.646656
v 0.154629 0.171456 1.613935
v 0.163849 0.127100 1.596879
v 0.167351 0.103094 1.595144
v 0.169924 0.079089 1.598086
v 0.171927 0.034733 1.617370
v 0.158753 -0.019952 1.719926
v 0.135527 0.224170 1.691111
v 0.143731 0.217545 1.669468
v 0.151914 0.206523 1.649645
v 0.159762 0.191525 1.632404
v 0.166973 0.173130 1.618407
v 0.173269 0.152043 1.608194
v 0.178410 0.129074 1.602155
v 0.182197 0.105108 1.600523
v 0.184484 0.081064 1.603361
v 0.185185 0.057867 1.610560
v 0.184271 0.036407 1.621843
v 0.181779 0.017511 1.636776
v 0.177803 0.001903 1.654786
v 0.172497 -0.009815 1.675180
v 0.166065 -0.017195 1.697175
v 0.138130 0.224547 1.693032
v 0.148838 0.218286 1.673236
v 0.159329 0.207598 1.655116
v 0.169199 0.192894 1.639368
v 0.178070 0.174739 1.626596
v 0.185600 0.153831 1.617292
v 0.191500 0.130973 1.611814
v 0.195543 0.107044 1.610371
v 0.197574 0.082963 1.613020
v 0.197515 0.059655 1.619659
v 0.195368 0.038017 1.630031
v 0.191216 0.018880 1.643740
v 0.185218 0.002979 1.660257
v 0.177604 -0.009074 1.678949
v 0.168668 -0.016817 1.699097
v 0.140342 0.224896 1.695752
v 0.153176 0.218969 1.678571
v 0.165626 0.208590 1.662861
v 0.177214 0.194156 1.649224
v 0.187494 0.176223 1.638187
v 0.196071 0.155480 1.630171
v 0.202616 0.132723 1.625486
v 0.206877 0.108828 1.624311
v 0.208691 0.084713 1.626692
v 0.207987 0.061304 1.632537
v 0.204792 0.039501 1.641622
v 0.199231 0.020142 1.653597
v 0.191515 0.003970 1.668002
v 0.181942 -0.008392 1.684283
v 0.170879 -0.016469 1.701816
v 0.142075 0.225201 1.699165
v 0.156577 0.219568 1.685266
v 0.170563 0.209459 1.672580
v 0.183498 0.195262 1.661595
v 0.194883 0.177523 1.652733
v 0.204282 0.156925 1.646335
v 0.211332 0.134257 1.642645
v 0.215764 0.110392 1.641806
v 0.217407 0.086247 1.643851
v 0.216197 0.062749 1.648701
v 0.212181 0.040801 1.656169
v 0.205514 0.021248 1.665968
v 0.196452 0.004839 1.677722
v 0.185343 -0.007793 1.690979
v 0.172613 -0.016164 1.705229
v 0.143265 0.225451 1.703140
v 0.158910 0.220059 1.693065
v 0.173951 0.210172 1.683902
v 0.187809 0.196170 1.676005
v 0.199953 0.178591 1.669677
v 0.209915 0.158110 1.665162
v 0.217313 0.135516 1.662632
v 0.221862 0.111676 1.662185
v 0.223387 0.087506 1.663838
v 0.221830 0.063935 1.667528
v 0.217251 0.041868 1.673113
v 0.209826 0.022155 1.680378
v 0.199840 0.005552 1.689043
v 0.187676 -0.007302 1.698777
v 0.173803 -0.015914 1.709205
v 0.143865 0.225637 1.707526
v 0.160086 0.220424 1.701667
v 0.175659 0.210701 1.696391
v 0.189983 0.196844 1.691900
v 0.202509 0.179384 1.688368
v 0.212755 0.158992 1.685930
v 0.220328 0.136451 1.684679
v 0.224936 0.112629 1.684664
v 0.226402 0.088441 1.685885
v 0.224670 0.064816 1.688296
v 0.219807 0.042661 1.691803
v 0.212000 0.022830 1.696272
v 0.201547 0.006082 1.701532
v 0.188852 -0.006937 1.707379
v 0.174402 -0.015728 1.713590
v 0.143851 0.225752 1.712152
v 0.160060 0.220648 1.710742
v 0.175621 0.211028 1.709566
v 0.189935 0.197259 1.708669
v 0.202453 0.179872 1.708086
v 0.212693 0.159534 1.707839
v 0.220261 0.137027 1.707938
v 0.224868 0.113217 1.708379
v 0.226336 0.089017 1.709144
v 0.224608 0.065358 1.710206
v 0.219751 0.043150 1.711522
v 0.211952 0.023245 1.713042
v 0.201510 0.006408 1.714707
v 0.188827 -0.006712 1.716455
v 0.174389 -0.015613 1.718217
v 0.143226 0.225790 1.716842
v 0.158833 0.220724 1.719942
v 0.173840 0.211138 1.722922
v 0.187668 0.197399 1.725668
v 0.199786 0.180037 1.728075
v 0.209730 0.159717 1.730049
v 0.217116 0.137222 1.731516
v 0.221661 0.113415 1.732419
v 0.223191 0.089212 1.732723
v 0.221645 0.065541 1.732416
v 0.217085 0.043315 1.731510
v 0.209684 0.023385 1.730040
v 0.199728 0.006519 1.728063
v 0.187599 -0.006636 1.725655
v 0.173764 -0.015575 1.722907
v 0.142012 0.225752 1.721416
v 0.156452 0.220648 1.728912
v 0.170382 0.211028 1.735945
v 0.183268 0.197259 1.742243
v 0.194613 0.179872 1.747565
v 0.203981 0.159534 1.751706
v 0.211013 0.137027 1.754507
v 0.215439 0.113217 1.755860
v 0.217088 0.089017 1.755713
v 0.215896 0.065358 1.754072
v 0.211911 0.043150 1.751001
v 0.205284 0.023245 1.746616
v 0.196271 0.006408 1.741086
v 0.185218 -0.006712 1.734625
v 0.172550 -0.015613 1.727480
v 0.140256 0.225637 1.725696
v 0.153008 0.220424 1.737309
v 0.165383 0.210701 1.748135
v 0.176904 0.196844 1.757758
v 0.187130 0.179384 1.765809
v 0.195667 0.158992 1.771977
v 0.202187 0.136451 1.776027
v 0.206440 0.112629 1.777801
v 0.208261 0.088441 1.777233
v 0.207582 0.064816 1.774343
v 0.204428 0.042661 1.769244
v 0.198921 0.022830 1.762130
v 0.191272 0.006082 1.753276
v 0.181774 -0.006937 1.743022
v 0.170794 -0.015728 1.731761
v 0.138026 0.225451 1.729520
v 0.148634 0.220059 1.744809
v 0.159033 0.210172 1.759023
v 0.168822 0.196170 1.771616
v 0.177626 0.178591 1.782104
v 0.185107 0.158110 1.790084
v 0.190977 0.135516 1.795249
v 0.195009 0.111676 1.797400
v 0.197051 0.087506 1.796455
v 0.197022 0.063935 1.792450
v 0.194925 0.041868 1.785540
v 0.190839 0.022155 1.775989
v 0.184921 0.005552 1.764165
v 0.177400 -0.007302 1.750522
v 0.168564 -0.015914 1.735584
v 0.135408 0.225201 1.732739
v 0.143498 0.219568 1.751124
v 0.151576 0.209459 1.768192
v 0.159332 0.195262 1.783285
v 0.166467 0.177523 1.795825
v 0.172707 0.156925 1.805330
v 0.177813 0.134257 1.811434
v 0.181588 0.110392 1.813902
v 0.183887 0.086247 1.812640
v 0.184622 0.062749 1.807696
v 0.183765 0.040801 1.799261
v 0.181348 0.021248 1.787658
v 0.177465 0.004839 1.773333
v 0.172264 -0.007793 1.756837
v 0.165946 -0.016164 1.738804
v 0.132501 0.224896 1.735231
v 0.137797 0.218969 1.756012
v 0.143299 0.208590 1.775287
v 0.148797 0.194156 1.792317
v 0.154080 0.176223 1.806445
v 0.158944 0.155480 1.817130
v 0.163202 0.132723 1.823960
v 0.166690 0.108828 1.826674
v 0.169276 0.084713 1.825167
v 0.170859 0.061304 1.819496
v 0.171378 0.039501 1.809880
v 0.170814 0.020142 1.796689
v 0.169188 0.003970 1.780429
v 0.166563 -0.008392 1.761724
v 0.163039 -0.016469 1.741295
v 0.129419 0.224547 1.736899
v 0.131750 0.218286 1.759284
v 0.134521 0.207598 1.780038
v 0.137625 0.192894 1.798363
v 0.140942 0.174739 1.813555
v 0.144346 0.153831 1.825030
v 0.147704 0.130973 1.832347
v 0.150890 0.107044 1.835225
v 0.153779 0.082963 1.833553
v 0.156261 0.059655 1.827396
v 0.158240 0.038017 1.816990
v 0.159641 0.018880 1.802735
v 0.160410 0.002979 1.785179
v 0.160516 -0.009075 1.764997
v 0.159957 -0.016817 1.742963
v 0.126279 0.224170 1.737680
v 0.125590 0.217545 1.760815
v 0.125578 0.206523 1.782261
v 0.126242 0.191525 1.801192
v 0.127558 0.173130 1.816882
v 0.129474 0.152043 1.828727
v 0.131917 0.129074 1.836271
v 0.134793 0.105108 1.839226
v 0.137991 0.081064 1.837478
v 0.141389 0.057867 1.831093
v 0.144856 0.036407 1.820317
v 0.148259 0.017511 1.805565
v 0.151467 0.001903 1.787402
v 0.154356 -0.009815 1.766528
v 0.156817 -0.017195 1.743744
v 0.123201 0.223777 1.737543
v 0.119554 0.216775 1.760547
v 0.116814 0.205404 1.781871
v 0.115088 0.190102 1.800696
v 0.114442 0.171456 1.816298
v 0.114900 0.150182 1.828078
v 0.116446 0.127100 1.835583
v 0.119018 0.103094 1.838524
v 0.122520 0.079089 1.836789
v 0.126816 0.056007 1.830444
v 0.131740 0.034733 1.819733
v 0.137105 0.016087 1.805068
v 0.142703 0.000785 1.787012
v 0.148320 -0.010586 1.766259
v 0.153739 -0.017588 1.743607
v 0.120305 0.223384 1.736493
v 0.113872 0.216004 1.758488
v 0.108566 0.204286 1.778883
v 0.104591 0.188678 1.796893
v 0.102098 0.169781 1.811826
v 0.101185 0.148322 1.823109
v 0.101885 0.125125 1.830307
v 0.104173 0.101081 1.833145
v 0.107960 0.077114 1.831514
v 0.113100 0.054146 1.825475
v 0.119397 0.033059 1.815261
v 0.126607 0.014664 1.801265
v 0.134455 -0.000334 1.784024
v 0.142639 -0.011356 1.764201
v 0.150843 -0.017981 1.742558
v 0.117701 0.223006 1.734572
v 0.108765 0.215263 1.754719
v 0.101152 0.203210 1.773411
v 0.095153 0.187309 1.789929
v 0.091001 0.168172 1.803637
v 0.088854 0.146534 1.814010
v 0.088795 0.123226 1.820648
v 0.090826 0.099145 1.823297
v 0.094870 0.075216 1.821855
v 0.100770 0.052358 1.816376
v 0.108300 0.031449 1.807073
v 0.117170 0.013295 1.794301
v 0.127040 -0.001409 1.778552
v 0.137531 -0.012097 1.760432
v 0.148239 -0.018358 1.740636
v 0.115490 0.222658 1.731852
v 0.104428 0.214581 1.749385
v 0.094855 0.202219 1.765667
v 0.087139 0.186047 1.780072
v 0.081577 0.166688 1.792047
v 0.078383 0.144885 1.801131
v 0.077679 0.121476 1.806976
v 0.079492 0.097361 1.809357
v 0.083753 0.073466 1.808183
v 0.090298 0.050709 1.803498
v 0.098875 0.029966 1.795482
v 0.109155 0.012033 1.784444
v 0.120743 -0.002401 1.770808
v 0.133194 -0.012780 1.755098
v 0.146028 -0.018707 1.737917
v 0.113756 0.222353 1.728439
v 0.101027 0.213982 1.742690
v 0.089917 0.201350 1.755947
v 0.080855 0.184941 1.767701
v 0.074188 0.165388 1.777500
v 0.070172 0.143440 1.784968
v 0.068963 0.119942 1.789817
v 0.070605 0.095797 1.791862
v 0.075037 0.071932 1.791024
v 0.082088 0.049264 1.787334
v 0.091486 0.028666 1.780935
v 0.102872 0.010927 1.772073
v 0.115806 -0.003270 1.761088
v 0.129793 -0.013379 1.748402
v 0.144294 -0.019012 1.734504
v 0.112567 0.222103 1.724464
v 0.098693 0.213491 1.734891
v 0.086530 0.200637 1.744625
v 0.076543 0.184034 1.753291
v 0.069118 0.164321 1.760556
v 0.064539 0.142254 1.766140
v 0.062982 0.118683 1.769830
v 0.064508 0.094513 1.771483
v 0.069057 0.070673 1.771037
v 0.076454 0.048078 1.768507
v 0.086416 0.027598 1.763991
v 0.098560 0.010019 1.757663
v 0.112419 -0.003983 1.749766
v 0.127459 -0.013870 1.740604
v 0.143105 -0.019262 1.730528
v 0.111967 0.221917 1.720078
v 0.097517 0.213126 1.726289
v 0.084822 0.200107 1.732137
v 0.074370 0.183359 1.737396
v 0.066562 0.163528 1.741865
v 0.061699 0.141373 1.745373
v 0.059967 0.117748 1.747783
v 0.061434 0.093560 1.749005
v 0.066042 0.069737 1.748990
v 0.073614 0.047197 1.747739
v 0.083861 0.026805 1.745301
v 0.096386 0.009345 1.741768
v 0.110711 -0.004513 1.737278
v 0.126283 -0.014235 1.732002
v 0.142505 -0.019448 1.726143
v 0.111980 0.221802 1.715452
v 0.097543 0.212901 1.717214
v 0.084860 0.199780 1.718961
v 0.074418 0.182944 1.720627
v 0.066618 0.163039 1.722147
v 0.061762 0.140831 1.723463
v 0.060034 0.117172 1.724524
v 0.061502 0.092972 1.725290
v 0.066108 0.069161 1.725730
v 0.073677 0.046655 1.725829
v 0.083917 0.026317 1.725582
v 0.096434 0.008930 1.724999
v 0.110748 -0.004839 1.724102
v 0.126309 -0.014460 1.722926
v 0.142518 -0.019563 1.721516
v 0.112606 0.221763 1.710762
v 0.098770 0.212825 1.708014
v 0.086641 0.199670 1.705605
v 0.076685 0.182804 1.703628
v 0.069285 0.162874 1.702159
v 0.064724 0.140647 1.701253
v 0.063179 0.116977 1.700946
v 0.064708 0.092774 1.701250
v 0.069253 0.068967 1.702152
v 0.076640 0.046472 1.703619
v 0.086583 0.026152 1.705594
v 0.098702 0.008790 1.708001
v 0.112530 -0.004949 1.710747
v 0.127536 -0.014535 1.713727
v 0.143144 -0.019601 1.716826
v 0.113820 0.221802 1.706189
v 0.101151 0.212901 1.699044
v 0.090098 0.199780 1.692582
v 0.081085 0.182944 1.687053
v 0.074459 0.163039 1.682668
v 0.070473 0.140831 1.679596
v 0.069282 0.117172 1.677955
v 0.070931 0.092972 1.677809
v 0.075356 0.069161 1.679162
v 0.082388 0.046655 1.681962
v 0.091757 0.026317 1.686103
v 0.103102 0.008930 1.691425
v 0.115987 -0.004839 1.697724
v 0.129917 -0.014460 1.704756
v 0.144358 -0.019563 1.712253
v 0.115575 0.221917 1.701908
v 0.104595 0.213126 1.690647
v 0.095098 0.200107 1.680392
v 0.087448 0.183359 1.671538
v 0.081941 0.163528 1.664425
v 0.078787 0.141373 1.659325
v 0.078108 0.117748 1.656436
v 0.079930 0.093560 1.655867
v 0.084183 0.069737 1.657642
v 0.090703 0.047197 1.661691
v 0.099239 0.026805 1.667860
v 0.109465 0.009345 1.675910
v 0.120987 -0.004513 1.685534
v 0.133361 -0.014235 1.696360
v 0.146113 -0.019448 1.707973
v 0.117805 0.222103 1.698085
v 0.108969 0.213491 1.683147
v 0.101448 0.200637 1.669504
v 0.095531 0.184034 1.657680
v 0.091445 0.164321 1.648129
v 0.089347 0.142254 1.641219
v 0.089319 0.118683 1.637214
v 0.091360 0.094513 1.636269
v 0.095393 0.070673 1.638420
v 0.101262 0.048078 1.643585
v 0.108743 0.027598 1.651564
v 0.117547 0.010019 1.662052
v 0.127337 -0.003983 1.674645
v 0.137735 -0.013870 1.688860
v 0.148343 -0.019262 1.704149
v 0.120424 0.222353 1.694865
v 0.114105 0.213982 1.676832
v 0.108905 0.201350 1.660336
v 0.105021 0.184941 1.646011
v 0.102604 0.165388 1.634408
v 0.101747 0.143440 1.625972
v 0.102482 0.119942 1.621029
v 0.104782 0.095797 1.619767
v 0.108557 0.071932 1.622235
v 0.113662 0.049264 1.628339
v 0.119903 0.028666 1.637843
v 0.127038 0.010927 1.650383
v 0.134793 -0.003270 1.665477
v 0.142871 -0.013379 1.682544
v 0.150962 -0.019012 1.700930
v 0.123330 0.222658 1.692373
v 0.119806 0.214581 1.671944
v 0.117181 0.202219 1.653240
v 0.115555 0.186047 1.636980
v 0.114991 0.166688 1.623788
v 0.115511 0.144885 1.614173
v 0.117093 0.121476 1.608502
v 0.119679 0.097361 1.606995
v 0.123168 0.073466 1.609708
v 0.127426 0.050709 1.616539
v 0.132290 0.029966 1.627224
v 0.137572 0.012033 1.641352
v 0.143070 -0.002401 1.658381
v 0.148573 -0.012780 1.677657
v 0.153868 -0.018707 1.698438
v 0.126413 0.223006 1.690705
v 0.125853 0.215263 1.668672
v 0.125960 0.203210 1.648489
v 0.126728 0.187309 1.630933
v 0.128129 0.168172 1.616678
v 0.130109 0.146534 1.606272
v 0.132591 0.123226 1.600115
v 0.135480 0.099145 1.598444
v 0.138665 0.075216 1.601322
v 0.142024 0.052358 1.608639
v 0.145427 0.031449 1.620114
v 0.148745 0.013295 1.635306
v 0.151848 -0.001409 1.653631
v 0.154619 -0.012097 1.674384
v 0.156951 -0.018358 1.696770
v 0.129553 0.223384 1.689925
v 0.132013 0.216004 1.667141
v 0.134903 0.204286 1.646266
v 0.138110 0.188678 1.628104
v 0.141513 0.169781 1.613351
v 0.144980 0.148322 1.602576
v 0.148378 0.125125 1.596191
v 0.151577 0.101081 1.594442
v 0.154453 0.077114 1.597397
v 0.156895 0.054146 1.604942
v 0.158811 0.033059 1.616787
v 0.160127 0.014664 1.632476
v 0.160791 -0.000334 1.651408
v 0.160779 -0.011356 1.672853
v 0.160091 -0.017981 1.695989
v 0.132630 0.223777 1.690062
v 0.138050 0.216775 1.667409
v 0.149264 0.190102 1.628600
v 0.159554 0.150182 1.603225
v 0.171469 0.056007 1.605591
v 0.171281 0.016087 1.632973
v 0.169555 0.000785 1.651798
v 0.166816 -0.010586 1.673122
v 0.163168 -0.017588 1.696126
v -0.127617 0.226141 1.713743
v -0.143666 0.205404 1.646656
v -0.154629 0.171456 1.613935
v -0.163849 0.127100 1.596879
v -0.167351 0.103094 1.595144
v -0.169924 0.079089 1.598086
v -0.171927 0.034733 1.617370
v -0.158753 -0.019952 1.719926
v -0.135527 0.224170 1.691111
v -0.143731 0.217545 1.669468
v -0.151914 0.206523 1.649645
v -0.159762 0.191525 1.632404
v -0.166973 0.173130 1.618407
v -0.173269 0.152043 1.608194
v -0.178410 0.129074 1.602155
v -0.182197 0.105108 1.600523
v -0.184484 0.081064 1.603361
v -0.185185 0.057867 1.610560
v -0.184271 0.036407 1.621843
v -0.181779 0.017511 1.636776
v -0.177803 0.001903 1.654786
v -0.172497 -0.009815 1.675180
v -0.166065 -0.017195 1.697175
v -0.138130 0.224547 1.693032
v -0.148838 0.218286 1.673236
v -0.159329 0.207598 1.655116
v -0.169199 0.192894 1.639368
v -0.178070 0.174740 1.626596
v -0.185600 0.153831 1.617292
v -0.191500 0.130973 1.611814
v -0.195543 0.107044 1.610371
v -0.197574 0.082963 1.613020
v -0.197515 0.059655 1.619659
v -0.195368 0.038017 1.630031
v -0.191216 0.018880 1.643740
v -0.185218 0.002979 1.660257
v -0.177604 -0.009075 1.678949
v -0.168668 -0.016817 1.699097
v -0.140342 0.224896 1.695752
v -0.153176 0.218969 1.678571
v -0.165626 0.208590 1.662861
v -0.177214 0.194156 1.649225
v -0.187494 0.176223 1.638187
v -0.196071 0.155480 1.630171
v -0.202616 0.132723 1.625486
v -0.206877 0.108828 1.624311
v -0.208691 0.084713 1.626692
v -0.207987 0.061304 1.632537
v -0.204792 0.039501 1.641622
v -0.199231 0.020142 1.653597
v -0.191515 0.003970 1.668002
v -0.181942 -0.008392 1.684283
v -0.170880 -0.016469 1.701816
v -0.142075 0.225201 1.699165
v -0.156577 0.219568 1.685266
v -0.170563 0.209459 1.672580
v -0.183498 0.195262 1.661595
v -0.194883 0.177523 1.652733
v -0.204282 0.156925 1.646335
v -0.211332 0.134257 1.642645
v -0.215764 0.110392 1.641806
v -0.217407 0.086247 1.643851
v -0.216197 0.062749 1.648701
v -0.212181 0.040801 1.656169
v -0.205514 0.021248 1.665968
v -0.196452 0.004839 1.677722
v -0.185343 -0.007793 1.690979
v -0.172613 -0.016164 1.705229
v -0.143265 0.225451 1.703140
v -0.158910 0.220059 1.693065
v -0.173951 0.210172 1.683902
v -0.187809 0.196170 1.676005
v -0.199953 0.178591 1.669677
v -0.209915 0.158110 1.665162
v -0.217313 0.135516 1.662632
v -0.221862 0.111676 1.662185
v -0.223387 0.087506 1.663838
v -0.221830 0.063935 1.667528
v -0.217251 0.041868 1.673113
v -0.209826 0.022155 1.680378
v -0.199840 0.005552 1.689043
v -0.187676 -0.007302 1.698777
v -0.173803 -0.015914 1.709205
v -0.143865 0.225637 1.707526
v -0.160086 0.220424 1.701667
v -0.175659 0.210701 1.696391
v -0.189983 0.196844 1.691900
v -0.202509 0.179384 1.688368
v -0.212755 0.158992 1.685930
v -0.220328 0.136451 1.684679
v -0.224936 0.112629 1.684664
v -0.226402 0.088441 1.685885
v -0.224670 0.064816 1.688296
v -0.219807 0.042661 1.691803
v -0.212000 0.022830 1.696272
v -0.201548 0.006082 1.701532
v -0.188852 -0.006937 1.707380
v -0.174403 -0.015728 1.713590
v -0.143851 0.225752 1.712152
v -0.160060 0.220648 1.710742
v -0.175621 0.211028 1.709566
v -0.189935 0.197259 1.708669
v -0.202453 0.179872 1.708086
v -0.212693 0.159534 1.707839
v -0.220261 0.137027 1.707938
v -0.224868 0.113217 1.708379
v -0.226336 0.089017 1.709144
v -0.224608 0.065358 1.710206
v -0.219751 0.043150 1.711522
v -0.211952 0.023245 1.713042
v -0.201510 0.006408 1.714707
v -0.188827 -0.006712 1.716455
v -0.174389 -0.015613 1.718217
v -0.143226 0.225790 1.716842
v -0.158833 0.220724 1.719942
v -0.173840 0.211138 1.722922
v -0.187668 0.197399 1.725668
v -0.199786 0.180037 1.728075
v -0.209730 0.159717 1.730049
v -0.217116 0.137222 1.731516
v -0.221661 0.113415 1.732419
v -0.223191 0.089212 1.732723
v -0.221645 0.065541 1.732416
v -0.217085 0.043315 1.731510
v -0.209684 0.023385 1.730040
v -0.199728 0.006519 1.728063
v -0.187599 -0.006636 1.725655
v -0.173764 -0.015575 1.722907
v -0.142012 0.225752 1.721416
v -0.156452 0.220648 1.728912
v -0.170383 0.211028 1.735945
v -0.183268 0.197259 1.742243
v -0.194613 0.179872 1.747565
v -0.203981 0.159534 1.751706
v -0.211013 0.137027 1.754507
v -0.215439 0.113217 1.755860
v -0.217088 0.089017 1.755713
v -0.215896 0.065358 1.754072
v -0.211911 0.043150 1.751001
v -0.205284 0.023245 1.746616
v -0.196271 0.006408 1.741086
v -0.185218 -0.006712 1.734625
v -0.172550 -0.015613 1.727480
v -0.140256 0.225637 1.725696
v -0.153008 0.220424 1.737309
v -0.165383 0.210701 1.748135
v -0.176904 0.196844 1.757758
v -0.187130 0.179384 1.765809
v -0.195667 0.158992 1.771977
v -0.202187 0.136451 1.776027
v -0.206440 0.112629 1.777801
v -0.208261 0.088441 1.777233
v -0.207582 0.064816 1.774343
v -0.204428 0.042661 1.769244
v -0.198921 0.022830 1.762131
v -0.191272 0.006082 1.753276
v -0.181774 -0.006937 1.743022
v -0.170794 -0.015728 1.731761
v -0.138026 0.225451 1.729520
v -0.148634 0.220059 1.744809
v -0.159033 0.210172 1.759023
v -0.168822 0.196170 1.771616
v -0.177626 0.178591 1.782104
v -0.185107 0.158110 1.790084
v -0.190977 0.135516 1.795249
v -0.195010 0.111676 1.797400
v -0.197051 0.087506 1.796455
v -0.197022 0.063935 1.792450
v -0.194925 0.041868 1.785540
v -0.190839 0.022155 1.775989
v -0.184921 0.005552 1.764165
v -0.177400 -0.007302 1.750522
v -0.168564 -0.015914 1.735584
v -0.135408 0.225201 1.732739
v -0.143498 0.219568 1.751124
v -0.151576 0.209459 1.768192
v -0.159332 0.195262 1.783285
v -0.166467 0.177523 1.795825
v -0.172707 0.156925 1.805330
v -0.177813 0.134257 1.811434
v -0.181588 0.110392 1.813902
v -0.183887 0.086247 1.812640
v -0.184622 0.062749 1.807696
v -0.183765 0.040801 1.799261
v -0.181348 0.021248 1.787658
v -0.177465 0.004839 1.773333
v -0.172264 -0.007793 1.756837
v -0.165946 -0.016164 1.738804
v -0.132502 0.224896 1.735231
v -0.137797 0.218969 1.756012
v -0.143299 0.208590 1.775287
v -0.148798 0.194156 1.792317
v -0.154080 0.176223 1.806445
v -0.158944 0.155480 1.817130
v -0.163202 0.132723 1.823960
v -0.166690 0.108828 1.826674
v -0.169276 0.084713 1.825167
v -0.170859 0.061304 1.819496
v -0.171378 0.039501 1.809880
v -0.170814 0.020142 1.796689
v -0.169188 0.003970 1.780429
v -0.166563 -0.008392 1.761724
v -0.163039 -0.016469 1.741295
v -0.129419 0.224547 1.736899
v -0.131750 0.218286 1.759284
v -0.134521 0.207598 1.780038
v -0.137625 0.192894 1.798363
v -0.140942 0.174740 1.813555
v -0.144346 0.153831 1.825030
v -0.147705 0.130973 1.832347
v -0.150890 0.107044 1.835225
v -0.153779 0.082963 1.833553
v -0.156261 0.059655 1.827396
v -0.158240 0.038017 1.816990
v -0.159641 0.018880 1.802735
v -0.160410 0.002979 1.785179
v -0.160516 -0.009075 1.764997
v -0.159957 -0.016817 1.742963
v -0.126279 0.224170 1.737680
v -0.125590 0.217545 1.760815
v -0.125578 0.206523 1.782261
v -0.126243 0.191525 1.801192
v -0.127558 0.173130 1.816882
v -0.129474 0.152043 1.828727
v -0.131917 0.129074 1.836271
v -0.134793 0.105108 1.839226
v -0.137991 0.081064 1.837478
v -0.141389 0.057867 1.831093
v -0.144856 0.036407 1.820317
v -0.148259 0.017511 1.805565
v -0.151467 0.001903 1.787402
v -0.154356 -0.009815 1.766528
v -0.156817 -0.017195 1.743744
v -0.123201 0.223777 1.737543
v -0.119554 0.216775 1.760547
v -0.116814 0.205404 1.781871
v -0.115088 0.190102 1.800696
v -0.114442 0.171456 1.816298
v -0.114900 0.150182 1.828078
v -0.116446 0.127100 1.835583
v -0.119019 0.103094 1.838524
v -0.122520 0.079089 1.836789
v -0.126816 0.056007 1.830444
v -0.131740 0.034733 1.819733
v -0.137105 0.016087 1.805068
v -0.142703 0.000785 1.787012
v -0.148320 -0.010586 1.766259
v -0.153739 -0.017588 1.743607
v -0.120305 0.223384 1.736493
v -0.113872 0.216004 1.758488
v -0.108566 0.204286 1.778883
v -0.104591 0.188678 1.796893
v -0.102098 0.169781 1.811826
v -0.101185 0.148322 1.823109
v -0.101885 0.125125 1.830307
v -0.104173 0.101081 1.833145
v -0.107960 0.077114 1.831514
v -0.113100 0.054146 1.825475
v -0.119397 0.033059 1.815261
v -0.126607 0.014664 1.801265
v -0.134455 -0.000334 1.784024
v -0.142639 -0.011356 1.764201
v -0.150843 -0.017981 1.742558
v -0.117701 0.223006 1.734572
v -0.108765 0.215263 1.754720
v -0.101152 0.203210 1.773411
v -0.095153 0.187309 1.789929
v -0.091001 0.168172 1.803637
v -0.088854 0.146534 1.814010
v -0.088795 0.123226 1.820648
v -0.090826 0.099145 1.823297
v -0.094870 0.075216 1.821855
v -0.100770 0.052358 1.816376
v -0.108300 0.031449 1.807073
v -0.117170 0.013295 1.794301
v -0.127040 -0.001409 1.778553
v -0.137531 -0.012097 1.760432
v -0.148239 -0.018358 1.740636
v -0.115490 0.222658 1.731852
v -0.104428 0.214581 1.749385
v -0.094855 0.202219 1.765667
v -0.087139 0.186047 1.780072
v -0.081577 0.166688 1.792047
v -0.078383 0.144885 1.801131
v -0.077679 0.121476 1.806976
v -0.079492 0.097361 1.809357
v -0.083753 0.073466 1.808183
v -0.090298 0.050709 1.803498
v -0.098875 0.029966 1.795482
v -0.109156 0.012033 1.784444
v -0.120743 -0.002401 1.770808
v -0.133194 -0.012780 1.755098
v -0.146028 -0.018707 1.737917
v -0.113756 0.222353 1.728439
v -0.101027 0.213982 1.742690
v -0.089917 0.201350 1.755947
v -0.080855 0.184941 1.767701
v -0.074188 0.165388 1.777500
v -0.070172 0.143440 1.784968
v -0.068963 0.119942 1.789817
v -0.070605 0.095797 1.791862
v -0.075037 0.071932 1.791024
v -0.082088 0.049264 1.787334
v -0.091486 0.028665 1.780935
v -0.102872 0.010927 1.772073
v -0.115806 -0.003270 1.761088
v -0.129793 -0.013379 1.748402
v -0.144294 -0.019012 1.734504
v -0.112567 0.222103 1.724464
v -0.098693 0.213491 1.734891
v -0.086530 0.200637 1.744625
v -0.076543 0.184034 1.753291
v -0.069118 0.164321 1.760556
v -0.064539 0.142254 1.766140
v -0.062982 0.118683 1.769830
v -0.064508 0.094513 1.771483
v -0.069057 0.070673 1.771037
v -0.076454 0.048078 1.768507
v -0.086416 0.027598 1.763991
v -0.098560 0.010019 1.757663
v -0.112419 -0.003983 1.749766
v -0.127459 -0.013870 1.740604
v -0.143105 -0.019262 1.730528
v -0.111967 0.221917 1.720078
v -0.097517 0.213126 1.726289
v -0.084822 0.200107 1.732137
v -0.074370 0.183359 1.737396
v -0.066562 0.163528 1.741865
v -0.061699 0.141373 1.745373
v -0.059968 0.117748 1.747783
v -0.061434 0.093560 1.749005
v -0.066042 0.069737 1.748990
v -0.073614 0.047197 1.747739
v -0.083861 0.026805 1.745301
v -0.096386 0.009345 1.741768
v -0.110711 -0.004513 1.737278
v -0.126283 -0.014235 1.732002
v -0.142505 -0.019448 1.726143
v -0.111980 0.221802 1.715452
v -0.097543 0.212901 1.717214
v -0.084860 0.199781 1.718961
v -0.074418 0.182944 1.720627
v -0.066618 0.163039 1.722147
v -0.061762 0.140831 1.723463
v -0.060034 0.117172 1.724524
v -0.061502 0.092972 1.725290
v -0.066108 0.069161 1.725730
v -0.073677 0.046655 1.725829
v -0.083917 0.026317 1.725582
v -0.096434 0.008930 1.724999
v -0.110748 -0.004839 1.724102
v -0.126309 -0.014460 1.722926
v -0.142518 -0.019563 1.721516
v -0.112606 0.221763 1.710762
v -0.098770 0.212825 1.708014
v -0.086641 0.199670 1.705605
v -0.076685 0.182804 1.703628
v -0.069285 0.162874 1.702159
v -0.064724 0.140647 1.701253
v -0.063179 0.116977 1.700946
v -0.064708 0.092774 1.701250
v -0.069253 0.068967 1.702152
v -0.076640 0.046472 1.703619
v -0.086583 0.026152 1.705594
v -0.098702 0.008790 1.708001
v -0.112530 -0.004949 1.710747
v -0.127536 -0.014535 1.713727
v -0.143144 -0.019601 1.716826
v -0.113820 0.221802 1.706189
v -0.101151 0.212901 1.699044
v -0.090098 0.199781 1.692582
v -0.081085 0.182944 1.687053
v -0.074459 0.163039 1.682668
v -0.070473 0.140831 1.679596
v -0.069282 0.117172 1.677955
v -0.070931 0.092972 1.677809
v -0.075356 0.069161 1.679162
v -0.082388 0.046655 1.681962
v -0.091757 0.026317 1.686103
v -0.103102 0.008930 1.691425
v -0.115987 -0.004839 1.697724
v -0.129917 -0.014460 1.704756
v -0.144358 -0.019563 1.712253
v -0.115575 0.221917 1.701908
v -0.104595 0.213126 1.690647
v -0.095098 0.200107 1.680392
v -0.087448 0.183359 1.671538
v -0.081941 0.163528 1.664425
v -0.078787 0.141373 1.659325
v -0.078108 0.117748 1.656436
v -0.079930 0.093560 1.655867
v -0.084183 0.069737 1.657642
v -0.090703 0.047197 1.661691
v -0.099239 0.026805 1.667860
v -0.109465 0.009345 1.675910
v -0.120987 -0.004513 1.685534
v -0.133361 -0.014235 1.696360
v -0.146113 -0.019448 1.707973
v -0.117805 0.222103 1.698085
v -0.108969 0.213491 1.683147
v -0.101448 0.200637 1.669504
v -0.095531 0.184034 1.657680
v -0.091445 0.164321 1.648129
v -0.089347 0.142254 1.641219
v -0.089319 0.118683 1.637214
v -0.091360 0.094513 1.636269
v -0.095393 0.070673 1.638420
v -0.101262 0.048078 1.643585
v -0.108743 0.027598 1.651564
v -0.117547 0.010019 1.662052
v -0.127337 -0.003983 1.674645
v -0.137735 -0.013870 1.688860
v -0.148343 -0.019262 1.704149
v -0.120424 0.222353 1.694865
v -0.114105 0.213982 1.676832
v -0.108905 0.201350 1.660336
v -0.105021 0.184941 1.646011
v -0.102604 0.165388 1.634408
v -0.101747 0.143440 1.625972
v -0.102482 0.119942 1.621029
v -0.104782 0.095797 1.619767
v -0.108557 0.071932 1.622235
v -0.113662 0.049264 1.628339
v -0.119903 0.028665 1.637843
v -0.127038 0.010927 1.650383
v -0.134794 -0.003270 1.665477
v -0.142872 -0.013379 1.682544
v -0.150962 -0.019012 1.700930
v -0.123330 0.222658 1.692373
v -0.119806 0.214581 1.671944
v -0.117181 0.202219 1.653240
v -0.115555 0.186047 1.636980
v -0.114991 0.166688 1.623788
v -0.115511 0.144885 1.614173
v -0.117093 0.121476 1.608502
v -0.119679 0.097361 1.606995
v -0.123168 0.073466 1.609708
v -0.127426 0.050709 1.616539
v -0.132290 0.029966 1.627224
v -0.137572 0.012033 1.641352
v -0.143070 -0.002401 1.658381
v -0.148573 -0.012780 1.677657
v -0.153868 -0.018707 1.698438
v -0.126413 0.223006 1.690705
v -0.125853 0.215263 1.668672
v -0.125960 0.203210 1.648489
v -0.126728 0.187309 1.630933
v -0.128129 0.168172 1.616678
v -0.130109 0.146534 1.606272
v -0.132591 0.123226 1.600115
v -0.135480 0.099145 1.598444
v -0.138665 0.075216 1.601322
v -0.142024 0.052358 1.608639
v -0.145427 0.031449 1.620114
v -0.148745 0.013295 1.635306
v -0.151848 -0.001409 1.653631
v -0.154619 -0.012097 1.674384
v -0.156951 -0.018358 1.696770
v -0.129553 0.223384 1.689925
v -0.132013 0.216004 1.667141
v -0.134903 0.204286 1.646266
v -0.138110 0.188678 1.628104
v -0.141513 0.169782 1.613351
v -0.144980 0.148322 1.602576
v -0.148378 0.125125 1.596191
v -0.151577 0.101081 1.594442
v -0.154453 0.077114 1.597397
v -0.156895 0.054146 1.604942
v -0.158812 0.033059 1.616787
v -0.160127 0.014664 1.632476
v -0.160791 -0.000334 1.651408
v -0.160779 -0.011356 1.672853
v -0.160091 -0.017981 1.695989
v -0.132630 0.223777 1.690062
v -0.138050 0.216775 1.667409
v -0.149265 0.190102 1.628600
v -0.159554 0.150182 1.603225
v -0.171469 0.056007 1.605591
v -0.171281 0.016087 1.632973
v -0.169555 0.000785 1.651798
v -0.166816 -0.010586 1.673122
v -0.163168 -0.017588 1.696126
vn 0.3488 -0.0771 -0.9340
vn -0.0207 0.9538 -0.2998
vn 0.3601 -0.2666 -0.8940
vn 0.0505 0.8816 -0.4694
vn 0.3577 -0.4465 -0.8202
vn 0.1195 0.7754 -0.6201
vn 0.3417 -0.6100 -0.7149
vn 0.1836 0.6398 -0.7463
vn 0.3126 -0.7509 -0.5817
vn 0.2404 0.4803 -0.8435
vn 0.2713 -0.8633 -0.4255
vn 0.2880 0.3033 -0.9084
vn 0.2192 -0.9425 -0.2521
vn 0.3245 0.1152 -0.9388
vn -0.0913 0.9888 -0.1181
vn 0.1584 -0.9850 -0.0685
vn 0.2995 -0.9275 -0.2236
vn 0.5737 0.1455 -0.8061
vn -0.0637 0.9920 -0.1087
vn 0.1859 -0.9808 -0.0591
vn 0.5969 -0.0378 -0.8014
vn 0.0606 0.9607 -0.2710
vn 0.5996 -0.2206 -0.7693
vn 0.1808 0.8894 -0.4199
vn 0.5814 -0.3979 -0.7097
vn 0.2914 0.7835 -0.5489
vn 0.5417 -0.5640 -0.6233
vn 0.3882 0.6496 -0.6537
vn 0.4806 -0.7124 -0.5113
vn 0.4685 0.4945 -0.7321
vn 0.3991 -0.8360 -0.3765
vn 0.5307 0.3246 -0.7830
vn 0.6978 -0.5110 -0.5020
vn 0.5518 0.6431 -0.5310
vn 0.6179 -0.6664 -0.4172
vn 0.6433 0.4925 -0.5861
vn 0.5085 -0.8030 -0.3107
vn 0.7106 0.3321 -0.6203
vn 0.3710 -0.9100 -0.1852
vn 0.7547 0.1658 -0.6348
vn -0.0384 0.9946 -0.0961
vn 0.2109 -0.9764 -0.0465
vn 0.7761 -0.0039 -0.6306
vn 0.1340 0.9634 -0.2322
vn 0.7748 -0.1750 -0.6076
vn 0.2946 0.8880 -0.3532
vn 0.7493 -0.3452 -0.5651
vn 0.4352 0.7778 -0.4534
vn -0.0165 0.9966 -0.0807
vn 0.2326 -0.9721 -0.0312
vn 0.8906 0.0221 -0.4543
vn 0.1961 0.9629 -0.1857
vn 0.8881 -0.1363 -0.4389
vn 0.3867 0.8802 -0.2751
vn 0.8617 -0.2975 -0.4111
vn 0.5452 0.7639 -0.3452
vn 0.8075 -0.4602 -0.3690
vn 0.6698 0.6279 -0.3964
vn 0.7204 -0.6202 -0.3105
vn 0.7631 0.4819 -0.4307
vn 0.5953 -0.7688 -0.2337
vn 0.8290 0.3312 -0.4507
vn 0.4307 -0.8917 -0.1391
vn 0.8709 0.1778 -0.4582
vn 0.7473 0.6106 -0.2621
vn 0.7901 -0.5795 -0.1999
vn 0.8375 0.4692 -0.2801
vn 0.6586 -0.7373 -0.1506
vn 0.8995 0.3270 -0.2897
vn 0.4770 -0.8745 -0.0876
vn 0.9383 0.1845 -0.2924
vn 0.0012 0.9980 -0.0632
vn 0.2500 -0.9682 -0.0138
vn 0.9565 0.0406 -0.2888
vn 0.2448 0.9603 -0.1337
vn 0.9544 -0.1067 -0.2788
vn 0.4553 0.8696 -0.1910
vn 0.9297 -0.2592 -0.2618
vn 0.6222 0.7473 -0.2332
vn 0.8774 -0.4175 -0.2362
vn 0.9891 0.0530 -0.1375
vn 0.2791 0.9570 -0.0788
vn 0.9876 -0.0858 -0.1314
vn 0.5008 0.8592 -0.1049
vn 0.9652 -0.2312 -0.1222
vn 0.6699 0.7322 -0.1227
vn 0.9163 -0.3853 -0.1090
vn 0.7923 0.5954 -0.1336
vn 0.8318 -0.5476 -0.0905
vn 0.8780 0.4578 -0.1395
vn 0.6996 -0.7116 -0.0655
vn 0.9360 0.3223 -0.1417
vn 0.5090 -0.8601 -0.0331
vn 0.9720 0.1881 -0.1409
vn 0.0140 0.9989 -0.0443
vn 0.2625 -0.9649 0.0050
vn 0.8504 -0.5259 0.0154
vn 0.8931 0.4498 -0.0086
vn 0.7201 -0.6936 0.0192
vn 0.9478 0.3187 -0.0052
vn 0.5267 -0.8498 0.0225
vn 0.9818 0.1899 -0.0019
vn 0.0216 0.9995 -0.0247
vn 0.2698 -0.9626 0.0246
vn 0.9982 0.0606 0.0013
vn 0.2984 0.9542 -0.0228
vn 0.9973 -0.0726 0.0046
vn 0.5247 0.8511 -0.0196
vn 0.9770 -0.2132 0.0081
vn 0.6926 0.7211 -0.0159
vn 0.9313 -0.3640 0.0117
vn 0.8113 0.5845 -0.0122
vn 0.3027 0.9525 0.0325
vn 0.9890 -0.0663 0.1325
vn 0.5283 0.8467 0.0635
vn 0.9701 -0.2044 0.1311
vn 0.6934 0.7153 0.0866
vn 0.9268 -0.3535 0.1265
vn 0.8089 0.5789 0.1031
vn 0.8491 -0.5150 0.1175
vn 0.8878 0.4456 0.1148
vn 0.7220 -0.6843 0.1020
vn 0.9405 0.3168 0.1228
vn 0.5301 -0.8444 0.0777
vn 0.9732 0.1907 0.1282
vn 0.0235 0.9997 -0.0051
vn 0.2716 -0.9614 0.0442
vn 0.9892 0.0642 0.1314
vn 0.8643 0.4456 0.2332
vn 0.7062 -0.6843 0.1817
vn 0.9161 0.3168 0.2459
vn 0.5195 -0.8444 0.1308
vn 0.9484 0.1907 0.2534
vn 0.0198 0.9997 0.0137
vn 0.2679 -0.9614 0.0630
vn 0.9644 0.0642 0.2565
vn 0.2922 0.9525 0.0856
vn 0.9645 -0.0663 0.2555
vn 0.5125 0.8467 0.1432
vn 0.9466 -0.2044 0.2495
vn 0.6739 0.7153 0.1849
vn 0.9049 -0.3535 0.2372
vn 0.7869 0.5789 0.2138
vn 0.8296 -0.5150 0.2159
vn 0.9234 -0.0726 0.3768
vn 0.4774 0.8511 0.2186
vn 0.9059 -0.2132 0.3659
vn 0.6340 0.7211 0.2793
vn 0.8651 -0.3640 0.3451
vn 0.7451 0.5845 0.3212
vn 0.7918 -0.5259 0.3107
vn 0.8220 0.4498 0.3492
vn 0.6728 -0.6936 0.2574
vn 0.8739 0.3187 0.3670
vn 0.4953 -0.8498 0.1804
vn 0.9066 0.1899 0.3769
vn 0.0105 0.9995 0.0311
vn 0.2587 -0.9626 0.0804
vn 0.9229 0.0606 0.3802
vn 0.2671 0.9542 0.1351
vn 0.6215 -0.7116 0.3278
vn 0.8108 0.3223 0.4886
vn 0.4577 -0.8601 0.2251
vn 0.8444 0.1881 0.5016
vn -0.0040 0.9989 0.0463
vn 0.2445 -0.9649 0.0956
vn 0.8615 0.0530 0.5050
vn 0.2278 0.9570 0.1794
vn 0.8625 -0.0858 0.4988
vn 0.4227 0.8592 0.2884
vn 0.8453 -0.2312 0.4817
vn 0.5722 0.7322 0.3693
vn 0.8052 -0.3853 0.4508
vn 0.6811 0.5954 0.4262
vn 0.7341 -0.5476 0.4015
vn 0.7581 0.4578 0.4644
vn 0.7591 -0.2592 0.5972
vn 0.4858 0.7473 0.4533
vn 0.7206 -0.4175 0.5536
vn 0.5905 0.6106 0.5277
vn 0.6537 -0.5795 0.4866
vn 0.6669 0.4692 0.5789
vn 0.5511 -0.7373 0.3909
vn 0.7206 0.3270 0.6115
vn 0.4073 -0.8745 0.2633
vn 0.7554 0.1845 0.6287
vn -0.0231 0.9980 0.0589
vn 0.2257 -0.9682 0.1083
vn 0.7736 0.0406 0.6324
vn 0.1752 0.9603 0.2171
vn 0.7754 -0.1067 0.6224
vn 0.3478 0.8696 0.3505
vn 0.3449 -0.8917 0.2931
vn 0.6297 0.1778 0.7562
vn -0.0461 0.9966 0.0683
vn 0.2030 -0.9721 0.1177
vn 0.6494 0.0221 0.7601
vn 0.1102 0.9629 0.2465
vn 0.6530 -0.1363 0.7450
vn 0.2522 0.8802 0.4020
vn 0.6392 -0.2975 0.7091
vn 0.3719 0.7639 0.5274
vn 0.6052 -0.4602 0.6495
vn 0.4675 0.6279 0.6222
vn 0.5471 -0.6202 0.5622
vn 0.5406 0.4819 0.6896
vn 0.4609 -0.7688 0.4434
vn 0.5939 0.3312 0.7332
vn 0.2289 0.7778 0.5853
vn 0.4530 -0.5110 0.7305
vn 0.3070 0.6431 0.7015
vn 0.4117 -0.6664 0.6216
vn 0.3705 0.4925 0.7875
vn 0.3512 -0.8030 0.4814
vn 0.4197 0.3321 0.8448
vn 0.2721 -0.9100 0.3129
vn 0.4548 0.1658 0.8750
vn -0.0722 0.9946 0.0741
vn 0.1771 -0.9764 0.1236
vn 0.4763 -0.0039 0.8793
vn 0.0351 0.9634 0.2658
vn 0.4838 -0.1750 0.8575
vn 0.1373 0.8880 0.4390
vn 0.4765 -0.3452 0.8085
vn 0.2221 0.1455 0.9641
vn -0.1004 0.9920 0.0761
vn 0.1492 -0.9808 0.1257
vn 0.2453 -0.0378 0.9687
vn -0.0475 0.9607 0.2736
vn 0.2602 -0.2206 0.9400
vn 0.0067 0.8894 0.4571
vn 0.2661 -0.3979 0.8780
vn 0.0595 0.7835 0.6186
vn 0.2625 -0.5640 0.7830
vn 0.1089 0.6496 0.7525
vn 0.2488 -0.7124 0.6562
vn 0.1532 0.4945 0.8556
vn 0.2250 -0.8360 0.5005
vn 0.1912 0.3246 0.9263
vn 0.1914 -0.9275 0.3211
vn 0.0426 -0.6100 0.7912
vn -0.1155 0.6398 0.7598
vn 0.0666 -0.7509 0.6570
vn -0.1001 0.4803 0.8713
vn 0.0881 -0.8633 0.4969
vn -0.0810 0.3033 0.9495
vn 0.1062 -0.9425 0.3168
vn -0.0588 0.1152 0.9916
vn -0.1295 0.9888 0.0742
vn 0.1202 -0.9850 0.1238
vn -0.0345 -0.0771 0.9964
vn -0.1337 0.9538 0.2691
vn -0.0089 -0.2666 0.9638
vn -0.1327 0.8816 0.4530
vn 0.0172 -0.4465 0.8946
vn -0.1265 0.7754 0.6187
vn -0.1584 0.9850 0.0685
vn 0.0913 -0.9888 0.1181
vn -0.3245 -0.1152 0.9388
vn -0.2192 0.9425 0.2521
vn -0.2880 -0.3033 0.9084
vn -0.2713 0.8633 0.4255
vn -0.2404 -0.4803 0.8435
vn -0.3126 0.7509 0.5817
vn -0.1836 -0.6398 0.7463
vn -0.3417 0.6100 0.7149
vn -0.1195 -0.7754 0.6201
vn -0.3577 0.4465 0.8202
vn -0.0505 -0.8816 0.4694
vn -0.3601 0.2666 0.8940
vn 0.0207 -0.9538 0.2998
vn -0.3488 0.0771 0.9340
vn -0.5417 0.5640 0.6233
vn -0.2914 -0.7835 0.5489
vn -0.5814 0.3979 0.7097
vn -0.1808 -0.8894 0.4199
vn -0.5996 0.2206 0.7693
vn -0.0606 -0.9607 0.2710
vn -0.5969 0.0378 0.8014
vn -0.1859 0.9808 0.0591
vn 0.0637 -0.9920 0.1087
vn -0.5737 -0.1455 0.8061
vn -0.2995 0.9275 0.2236
vn -0.5307 -0.3246 0.7830
vn -0.3991 0.8360 0.3765
vn -0.4685 -0.4945 0.7321
vn -0.4806 0.7124 0.5113
vn -0.3882 -0.6496 0.6537
vn -0.7547 -0.1658 0.6348
vn -0.3710 0.9100 0.1852
vn -0.7106 -0.3321 0.6203
vn -0.5085 0.8030 0.3107
vn -0.6433 -0.4925 0.5861
vn -0.6179 0.6664 0.4172
vn -0.5518 -0.6431 0.5310
vn -0.6978 0.5110 0.5020
vn -0.4352 -0.7778 0.4534
vn -0.7493 0.3452 0.5651
vn -0.2946 -0.8880 0.3532
vn -0.7748 0.1750 0.6076
vn -0.1340 -0.9634 0.2322
vn -0.7761 0.0039 0.6306
vn -0.2109 0.9764 0.0465
vn 0.0384 -0.9946 0.0961
vn -0.5452 -0.7639 0.3452
vn -0.8617 0.2975 0.4111
vn -0.3867 -0.8802 0.2751
vn -0.8881 0.1363 0.4389
vn -0.1961 -0.9629 0.1857
vn -0.8906 -0.0221 0.4543
vn -0.2326 0.9721 0.0312
vn 0.0165 -0.9966 0.0807
vn -0.8709 -0.1778 0.4582
vn -0.4307 0.8917 0.1391
vn -0.8290 -0.3312 0.4507
vn -0.5953 0.7688 0.2337
vn -0.7631 -0.4819 0.4307
vn -0.7204 0.6202 0.3105
vn -0.6698 -0.6279 0.3964
vn -0.8075 0.4602 0.3690
vn -0.8995 -0.3270 0.2897
vn -0.6586 0.7373 0.1506
vn -0.8375 -0.4692 0.2801
vn -0.7901 0.5795 0.1999
vn -0.7473 -0.6106 0.2621
vn -0.8774 0.4175 0.2362
vn -0.6222 -0.7473 0.2332
vn -0.9297 0.2592 0.2618
vn -0.4553 -0.8696 0.1910
vn -0.9544 0.1067 0.2788
vn -0.2448 -0.9603 0.1337
vn -0.9565 -0.0406 0.2888
vn -0.2500 0.9682 0.0138
vn -0.0012 -0.9980 0.0632
vn -0.9383 -0.1845 0.2924
vn -0.4770 0.8745 0.0876
vn -0.5008 -0.8592 0.1049
vn -0.9876 0.0858 0.1314
vn -0.2791 -0.9570 0.0788
vn -0.9891 -0.0530 0.1375
vn -0.2625 0.9649 -0.0050
vn -0.0140 -0.9989 0.0443
vn -0.9720 -0.1881 0.1409
vn -0.5090 0.8601 0.0331
vn -0.9360 -0.3223 0.1417
vn -0.6996 0.7116 0.0655
vn -0.8780 -0.4578 0.1395
vn -0.8318 0.5476 0.0905
vn -0.7923 -0.5954 0.1336
vn -0.9163 0.3853 0.1090
vn -0.6699 -0.7322 0.1227
vn -0.9652 0.2312 0.1222
vn -0.7201 0.6936 -0.0192
vn -0.8931 -0.4498 0.0086
vn -0.8504 0.5259 -0.0154
vn -0.8113 -0.5845 0.0122
vn -0.9313 0.3640 -0.0117
vn -0.6926 -0.7211 0.0159
vn -0.9770 0.2132 -0.0081
vn -0.5247 -0.8511 0.0196
vn -0.9973 0.0726 -0.0046
vn -0.2984 -0.9542 0.0228
vn -0.9982 -0.0606 -0.0013
vn -0.2698 0.9626 -0.0246
vn -0.0216 -0.9995 0.0247
vn -0.9818 -0.1899 0.0019
vn -0.5267 0.8498 -0.0225
vn -0.9478 -0.3187 0.0052
vn -0.9890 0.0663 -0.1325
vn -0.3027 -0.9525 -0.0325
vn -0.9892 -0.0642 -0.1314
vn -0.2716 0.9614 -0.0442
vn -0.0235 -0.9997 0.0051
vn -0.9732 -0.1907 -0.1282
vn -0.5301 0.8444 -0.0777
vn -0.9405 -0.3168 -0.1228
vn -0.7220 0.6843 -0.1020
vn -0.8878 -0.4456 -0.1148
vn -0.8491 0.5150 -0.1175
vn -0.8089 -0.5789 -0.1031
vn -0.9268 0.3535 -0.1265
vn -0.6934 -0.7153 -0.0866
vn -0.9701 0.2044 -0.1311
vn -0.5283 -0.8467 -0.0635
vn -0.8643 -0.4456 -0.2332
vn -0.8296 0.5150 -0.2159
vn -0.7869 -0.5789 -0.2138
vn -0.9049 0.3535 -0.2372
vn -0.6739 -0.7153 -0.1849
vn -0.9466 0.2044 -0.2495
vn -0.5125 -0.8467 -0.1432
vn -0.9645 0.0663 -0.2555
vn -0.2922 -0.9525 -0.0856
vn -0.9644 -0.0642 -0.2565
vn -0.2679 0.9614 -0.0630
vn -0.0198 -0.9997 -0.0137
vn -0.9484 -0.1907 -0.2534
vn -0.5195 0.8444 -0.1308
vn -0.9161 -0.3168 -0.2459
vn -0.7062 0.6843 -0.1817
vn -0.2671 -0.9542 -0.1351
vn -0.9229 -0.0606 -0.3802
vn -0.2587 0.9626 -0.0804
vn -0.0105 -0.9995 -0.0311
vn -0.9066 -0.1899 -0.3769
vn -0.4953 0.8498 -0.1804
vn -0.8739 -0.3187 -0.3670
vn -0.6728 0.6936 -0.2574
vn -0.8220 -0.4498 -0.3492
vn -0.7918 0.5259 -0.3107
vn -0.7451 -0.5845 -0.3212
vn -0.8651 0.3640 -0.3451
vn -0.6340 -0.7211 -0.2793
vn -0.9059 0.2132 -0.3659
vn -0.4774 -0.8511 -0.2186
vn -0.9234 0.0726 -0.3768
vn -0.7341 0.5476 -0.4015
vn -0.6811 -0.5954 -0.4262
vn -0.8052 0.3853 -0.4508
vn -0.5722 -0.7322 -0.3693
vn -0.8453 0.2312 -0.4817
vn -0.4227 -0.8592 -0.2884
vn -0.8625 0.0858 -0.4988
vn -0.2278 -0.9570 -0.1794
vn -0.8615 -0.0530 -0.5050
vn -0.2445 0.9649 -0.0956
vn 0.0040 -0.9989 -0.0463
vn -0.8444 -0.1881 -0.5016
vn -0.4577 0.8601 -0.2251
vn -0.8108 -0.3223 -0.4886
vn -0.6215 0.7116 -0.3278
vn -0.7581 -0.4578 -0.4644
vn -0.7736 -0.0406 -0.6324
vn -0.2257 0.9682 -0.1083
vn 0.0231 -0.9980 -0.0589
vn -0.7554 -0.1845 -0.6287
vn -0.4073 0.8745 -0.2633
vn -0.7206 -0.3270 -0.6115
vn -0.5511 0.7373 -0.3909
vn -0.6669 -0.4692 -0.5789
vn -0.6537 0.5795 -0.4866
vn -0.5905 -0.6106 -0.5277
vn -0.7206 0.4175 -0.5536
vn -0.4858 -0.7473 -0.4533
vn -0.7591 0.2592 -0.5972
vn -0.3478 -0.8696 -0.3505
vn -0.7754 0.1067 -0.6224
vn -0.1752 -0.9603 -0.2171
vn -0.4675 -0.6279 -0.6222
vn -0.6052 0.4602 -0.6495
vn -0.3719 -0.7639 -0.5274
vn -0.6392 0.2975 -0.7091
vn -0.2522 -0.8802 -0.4020
vn -0.6530 0.1363 -0.7450
vn -0.1102 -0.9629 -0.2465
vn -0.6494 -0.0221 -0.7601
vn -0.2030 0.9721 -0.1177
vn 0.0461 -0.9966 -0.0683
vn -0.6297 -0.1778 -0.7562
vn -0.3449 0.8917 -0.2931
vn -0.5939 -0.3312 -0.7332
vn -0.4609 0.7688 -0.4434
vn -0.5406 -0.4819 -0.6896
vn -0.5471 0.6202 -0.5622
vn 0.0722 -0.9946 -0.0741
vn -0.4548 -0.1658 -0.8750
vn -0.2721 0.9100 -0.3129
vn -0.4197 -0.3321 -0.8448
vn -0.3512 0.8030 -0.4814
vn -0.3705 -0.4925 -0.7875
vn -0.4117 0.6664 -0.6216
vn -0.3070 -0.6431 -0.7015
vn -0.4530 0.5110 -0.7305
vn -0.2289 -0.7778 -0.5853
vn -0.4765 0.3452 -0.8085
vn -0.1373 -0.8880 -0.4390
vn -0.4838 0.1750 -0.8575
vn -0.0351 -0.9634 -0.2658
vn -0.4763 0.0039 -0.8793
vn -0.1771 0.9764 -0.1236
vn -0.0595 -0.7835 -0.6186
vn -0.2661 0.3979 -0.8780
vn -0.0067 -0.8894 -0.4571
vn -0.2602 0.2206 -0.9400
vn 0.0475 -0.9607 -0.2736
vn -0.2453 0.0378 -0.9687
vn -0.1492 0.9808 -0.1257
vn 0.1004 -0.9920 -0.0761
vn -0.2221 -0.1455 -0.9641
vn -0.1914 0.9275 -0.3211
vn -0.1912 -0.3246 -0.9263
vn -0.2250 0.8360 -0.5005
vn -0.1532 -0.4945 -0.8556
vn -0.2488 0.7124 -0.6562
vn -0.1089 -0.6496 -0.7525
vn -0.2625 0.5640 -0.7830
vn -0.1062 0.9425 -0.3168
vn 0.0810 -0.3033 -0.9495
vn -0.0881 0.8633 -0.4969
vn 0.1001 -0.4803 -0.8713
vn -0.0666 0.7509 -0.6570
vn 0.1155 -0.6398 -0.7598
vn -0.0426 0.6100 -0.7912
vn 0.1265 -0.7754 -0.6187
vn -0.0172 0.4465 -0.8946
vn 0.1327 -0.8816 -0.4530
vn 0.0089 0.2666 -0.9638
vn 0.1337 -0.9538 -0.2691
vn 0.0345 0.0771 -0.9964
vn -0.1202 0.9850 -0.1238
vn 0.1295 -0.9888 -0.0742
vn 0.0588 -0.1152 -0.9916
vn -0.3488 -0.0771 -0.9340
vn 0.0207 0.9538 -0.2998
vn -0.3601 -0.2666 -0.8940
vn -0.0505 0.8816 -0.4694
vn -0.3577 -0.4465 -0.8202
vn -0.1195 0.7754 -0.6201
vn -0.3417 -0.6100 -0.7149
vn -0.1836 0.6398 -0.7463
vn -0.3126 -0.7509 -0.5817
vn -0.2404 0.4803 -0.8435
vn -0.2713 -0.8633 -0.4255
vn -0.2880 0.3033 -0.9084
vn -0.2192 -0.9425 -0.2521
vn -0.3245 0.1152 -0.9388
vn 0.0913 0.9888 -0.1181
vn -0.1584 -0.9850 -0.0685
vn -0.2995 -0.9275 -0.2236
vn -0.5737 0.1455 -0.8061
vn 0.0637 0.9920 -0.1087
vn -0.1859 -0.9808 -0.0591
vn -0.5969 -0.0378 -0.8014
vn -0.0606 0.9607 -0.2710
vn -0.5996 -0.2206 -0.7693
vn -0.1808 0.8894 -0.4199
vn -0.5814 -0.3979 -0.7097
vn -0.2914 0.7835 -0.5489
vn -0.5417 -0.5640 -0.6233
vn -0.3882 0.6496 -0.6537
vn -0.4806 -0.7124 -0.5113
vn -0.4685 0.4945 -0.7321
vn -0.3991 -0.8360 -0.3765
vn -0.5307 0.3246 -0.7830
vn -0.6978 -0.5110 -0.5020
vn -0.5518 0.6431 -0.5310
vn -0.6180 -0.6664 -0.4171
vn -0.6433 0.4925 -0.5861
vn -0.5085 -0.8030 -0.3107
vn -0.7106 0.3321 -0.6203
vn -0.3710 -0.9100 -0.1852
vn -0.7547 0.1658 -0.6348
vn 0.0384 0.9946 -0.0961
vn -0.2109 -0.9764 -0.0465
vn -0.7761 -0.0039 -0.6306
vn -0.1340 0.9634 -0.2322
vn -0.7748 -0.1750 -0.6076
vn -0.2946 0.8880 -0.3532
vn -0.7493 -0.3452 -0.5651
vn -0.4352 0.7778 -0.4534
vn 0.0165 0.9966 -0.0807
vn -0.2326 -0.9721 -0.0312
vn -0.8906 0.0221 -0.4543
vn -0.1961 0.9629 -0.1857
vn -0.8881 -0.1363 -0.4389
vn -0.3867 0.8802 -0.2751
vn -0.8617 -0.2975 -0.4111
vn -0.5452 0.7639 -0.3452
vn -0.8075 -0.4602 -0.3690
vn -0.6698 0.6279 -0.3963
vn -0.7204 -0.6202 -0.3105
vn -0.7631 0.4819 -0.4307
vn -0.5953 -0.7688 -0.2337
vn -0.8290 0.3312 -0.4507
vn -0.4307 -0.8917 -0.1391
vn -0.8709 0.1778 -0.4582
vn -0.7473 0.6106 -0.2621
vn -0.7901 -0.5795 -0.1999
vn -0.8375 0.4692 -0.2801
vn -0.6586 -0.7373 -0.1506
vn -0.8995 0.3270 -0.2897
vn -0.4770 -0.8745 -0.0876
vn -0.9383 0.1845 -0.2924
vn -0.0012 0.9980 -0.0632
vn -0.2500 -0.9682 -0.0138
vn -0.9565 0.0406 -0.2888
vn -0.2448 0.9603 -0.1337
vn -0.9544 -0.1067 -0.2788
vn -0.4553 0.8696 -0.1910
vn -0.9297 -0.2592 -0.2618
vn -0.6222 0.7473 -0.2332
vn -0.8774 -0.4175 -0.2362
vn -0.9891 0.0530 -0.1375
vn -0.2791 0.9570 -0.0788
vn -0.9876 -0.0858 -0.1314
vn -0.5008 0.8592 -0.1049
vn -0.9652 -0.2312 -0.1222
vn -0.6699 0.7322 -0.1227
vn -0.9163 -0.3853 -0.1090
vn -0.7923 0.5954 -0.1336
vn -0.8318 -0.5476 -0.0905
vn -0.8780 0.4578 -0.1395
vn -0.6996 -0.7116 -0.0655
vn -0.9360 0.3223 -0.1417
vn -0.5090 -0.8601 -0.0331
vn -0.9720 0.1881 -0.1409
vn -0.0140 0.9989 -0.0443
vn -0.2625 -0.9649 0.0050
vn -0.8504 -0.5259 0.0154
vn -0.8931 0.4498 -0.0086
vn -0.7201 -0.6936 0.0192
vn -0.9478 0.3187 -0.0052
vn -0.5267 -0.8498 0.0225
vn -0.9818 0.1899 -0.0019
vn -0.0216 0.9995 -0.0247
vn -0.2698 -0.9626 0.0246
vn -0.9982 0.0606 0.0013
vn -0.2984 0.9542 -0.0228
vn -0.9973 -0.0726 0.0046
vn -0.5247 0.8511 -0.0196
vn -0.9770 -0.2132 0.0081
vn -0.6926 0.7211 -0.0159
vn -0.9313 -0.3640 0.0117
vn -0.8113 0.5845 -0.0122
vn -0.3027 0.9525 0.0325
vn -0.9890 -0.0663 0.1325
vn -0.5283 0.8467 0.0635
vn -0.9701 -0.2044 0.1311
vn -0.6934 0.7153 0.0866
vn -0.9268 -0.3535 0.1265
vn -0.8089 0.5789 0.1031
vn -0.8491 -0.5150 0.1175
vn -0.8878 0.4456 0.1148
vn -0.7220 -0.6843 0.1020
vn -0.9405 0.3168 0.1228
vn -0.5301 -0.8444 0.0777
vn -0.9732 0.1907 0.1282
vn -0.0235 0.9997 -0.0051
vn -0.2716 -0.9614 0.0442
vn -0.9892 0.0642 0.1314
vn -0.8643 0.4456 0.2332
vn -0.7062 -0.6843 0.1817
vn -0.9161 0.3168 0.2459
vn -0.5195 -0.8444 0.1308
vn -0.9484 0.1907 0.2534
vn -0.0197 0.9997 0.0137
vn -0.2679 -0.9614 0.0630
vn -0.9644 0.0642 0.2565
vn -0.2922 0.9525 0.0856
vn -0.9645 -0.0663 0.2555
vn -0.5125 0.8467 0.1432
vn -0.9466 -0.2044 0.2495
vn -0.6739 0.7153 0.1849
vn -0.9049 -0.3535 0.2372
vn -0.7869 0.5789 0.2138
vn -0.8296 -0.5150 0.2159
vn -0.9234 -0.0726 0.3768
vn -0.4774 0.8511 0.2186
vn -0.9059 -0.2132 0.3659
vn -0.6340 0.7211 0.2793
vn -0.8651 -0.3640 0.3451
vn -0.7451 0.5845 0.3212
vn -0.7918 -0.5259 0.3107
vn -0.8220 0.4498 0.3492
vn -0.6728 -0.6936 0.2574
vn -0.8739 0.3187 0.3670
vn -0.4953 -0.8498 0.1804
vn -0.9066 0.1899 0.3769
vn -0.0105 0.9995 0.0311
vn -0.2587 -0.9626 0.0804
vn -0.9229 0.0606 0.3802
vn -0.2671 0.9542 0.1351
vn -0.6215 -0.7116 0.3278
vn -0.8108 0.3223 0.4886
vn -0.4577 -0.8601 0.2251
vn -0.8444 0.1881 0.5016
vn 0.0039 0.9989 0.0463
vn -0.2445 -0.9649 0.0957
vn -0.8615 0.0530 0.5050
vn -0.2278 0.9570 0.1794
vn -0.8625 -0.0858 0.4988
vn -0.4227 0.8592 0.2884
vn -0.8453 -0.2312 0.4817
vn -0.5722 0.7322 0.3693
vn -0.8052 -0.3853 0.4508
vn -0.6811 0.5954 0.4262
vn -0.7341 -0.5476 0.4015
vn -0.7581 0.4578 0.4644
vn -0.7591 -0.2592 0.5972
vn -0.4858 0.7473 0.4533
vn -0.7206 -0.4175 0.5536
vn -0.5905 0.6106 0.5277
vn -0.6537 -0.5795 0.4866
vn -0.6669 0.4692 0.5789
vn -0.5511 -0.7373 0.3909
vn -0.7206 0.3270 0.6115
vn -0.4073 -0.8745 0.2633
vn -0.7554 0.1845 0.6287
vn 0.0231 0.9980 0.0589
vn -0.2257 -0.9682 0.1083
vn -0.7736 0.0406 0.6324
vn -0.1752 0.9603 0.2172
vn -0.7754 -0.1067 0.6224
vn -0.3478 0.8696 0.3505
vn -0.3449 -0.8917 0.2931
vn -0.6297 0.1778 0.7562
vn 0.0461 0.9966 0.0683
vn -0.2030 -0.9721 0.1177
vn -0.6494 0.0221 0.7601
vn -0.1102 0.9629 0.2465
vn -0.6530 -0.1363 0.7450
vn -0.2522 0.8802 0.4020
vn -0.6392 -0.2975 0.7091
vn -0.3719 0.7639 0.5274
vn -0.6052 -0.4602 0.6495
vn -0.4675 0.6279 0.6222
vn -0.5471 -0.6202 0.5622
vn -0.5406 0.4819 0.6896
vn -0.4609 -0.7688 0.4434
vn -0.5939 0.3312 0.7332
vn -0.2289 0.7778 0.5853
vn -0.4530 -0.5110 0.7305
vn -0.3070 0.6431 0.7015
vn -0.4117 -0.6664 0.6216
vn -0.3705 0.4925 0.7875
vn -0.3512 -0.8030 0.4814
vn -0.4197 0.3321 0.8448
vn -0.2721 -0.9100 0.3129
vn -0.4548 0.1658 0.8750
vn 0.0722 0.9946 0.0741
vn -0.1772 -0.9764 0.1236
vn -0.4763 -0.0039 0.8793
vn -0.0351 0.9634 0.2658
vn -0.4838 -0.1750 0.8575
vn -0.1373 0.8880 0.4390
vn -0.4765 -0.3452 0.8085
vn -0.2221 0.1455 0.9641
vn 0.1004 0.9920 0.0761
vn -0.1492 -0.9808 0.1257
vn -0.2453 -0.0378 0.9687
vn 0.0475 0.9607 0.2736
vn -0.2602 -0.2206 0.9400
vn -0.0067 0.8894 0.4571
vn -0.2661 -0.3979 0.8780
vn -0.0595 0.7835 0.6186
vn -0.2625 -0.5640 0.7830
vn -0.1089 0.6496 0.7525
vn -0.2488 -0.7124 0.6562
vn -0.1532 0.4945 0.8556
vn -0.2250 -0.8360 0.5005
vn -0.1912 0.3246 0.9263
vn -0.1914 -0.9275 0.3211
vn -0.0426 -0.6100 0.7912
vn 0.1155 0.6398 0.7598
vn -0.0666 -0.7509 0.6570
vn 0.1001 0.4803 0.8713
vn -0.0881 -0.8633 0.4969
vn 0.0810 0.3033 0.9495
vn -0.1062 -0.9425 0.3168
vn 0.0588 0.1152 0.9916
vn 0.1295 0.9888 0.0742
vn -0.1202 -0.9850 0.1238
vn 0.0345 -0.0771 0.9964
vn 0.1337 0.9538 0.2691
vn 0.0089 -0.2666 0.9638
vn 0.1327 0.8816 0.4530
vn -0.0172 -0.4465 0.8946
vn 0.1265 0.7754 0.6187
vn 0.1584 0.9850 0.0685
vn -0.0913 -0.9888 0.1181
vn 0.3245 -0.1152 0.9388
vn 0.2192 0.9425 0.2521
vn 0.2880 -0.3033 0.9084
vn 0.2713 0.8633 0.4255
vn 0.2404 -0.4803 0.8435
vn 0.3126 0.7509 0.5817
vn 0.1836 -0.6398 0.7463
vn 0.3417 0.6100 0.7149
vn 0.1195 -0.7754 0.6201
vn 0.3577 0.4465 0.8202
vn 0.0505 -0.8816 0.4694
vn 0.3601 0.2666 0.8940
vn -0.0207 -0.9538 0.2998
vn 0.3488 0.0771 0.9340
vn 0.5417 0.5640 0.6233
vn 0.2914 -0.7835 0.5489
vn 0.5814 0.3979 0.7097
vn 0.1808 -0.8894 0.4199
vn 0.5996 0.2206 0.7693
vn 0.0606 -0.9607 0.2710
vn 0.5969 0.0378 0.8014
vn 0.1859 0.9808 0.0591
vn -0.0637 -0.9920 0.1087
vn 0.5737 -0.1455 0.8060
vn 0.2995 0.9275 0.2236
vn 0.5307 -0.3246 0.7830
vn 0.3991 0.8360 0.3765
vn 0.4685 -0.4945 0.7321
vn 0.4806 0.7124 0.5113
vn 0.3882 -0.6496 0.6537
vn 0.7547 -0.1658 0.6348
vn 0.3710 0.9100 0.1852
vn 0.7106 -0.3321 0.6203
vn 0.5085 0.8030 0.3107
vn 0.6433 -0.4925 0.5861
vn 0.6179 0.6664 0.4172
vn 0.5518 -0.6431 0.5310
vn 0.6978 0.5110 0.5020
vn 0.4352 -0.7778 0.4534
vn 0.7493 0.3452 0.5651
vn 0.2946 -0.8880 0.3532
vn 0.7748 0.1750 0.6076
vn 0.1340 -0.9634 0.2322
vn 0.7761 0.0039 0.6306
vn 0.2109 0.9764 0.0465
vn -0.0384 -0.9946 0.0961
vn 0.5452 -0.7639 0.3452
vn 0.8617 0.2975 0.4111
vn 0.3867 -0.8802 0.2751
vn 0.8881 0.1363 0.4389
vn 0.1961 -0.9629 0.1857
vn 0.8906 -0.0221 0.4543
vn 0.2326 0.9721 0.0312
vn -0.0165 -0.9966 0.0807
vn 0.8709 -0.1778 0.4582
vn 0.4307 0.8917 0.1391
vn 0.8290 -0.3312 0.4507
vn 0.5953 0.7688 0.2337
vn 0.7631 -0.4819 0.4307
vn 0.7204 0.6202 0.3105
vn 0.6698 -0.6279 0.3964
vn 0.8075 0.4602 0.3690
vn 0.8995 -0.3270 0.2897
vn 0.6586 0.7373 0.1506
vn 0.8375 -0.4692 0.2801
vn 0.7901 0.5795 0.1999
vn 0.7473 -0.6106 0.2621
vn 0.8774 0.4175 0.2362
vn 0.6222 -0.7473 0.2332
vn 0.9297 0.2592 0.2618
vn 0.4553 -0.8696 0.1910
vn 0.9544 0.1067 0.2788
vn 0.2448 -0.9603 0.1337
vn 0.9565 -0.0406 0.2888
vn 0.2500 0.9682 0.0138
vn 0.0012 -0.9980 0.0632
vn 0.9383 -0.1845 0.2924
vn 0.4770 0.8745 0.0876
vn 0.5008 -0.8592 0.1049
vn 0.9876 0.0858 0.1314
vn 0.2791 -0.9570 0.0788
vn 0.9891 -0.0530 0.1375
vn 0.2625 0.9649 -0.0050
vn 0.0140 -0.9989 0.0443
vn 0.9720 -0.1881 0.1409
vn 0.5090 0.8601 0.0331
vn 0.9360 -0.3223 0.1417
vn 0.6996 0.7116 0.0655
vn 0.8780 -0.4578 0.1395
vn 0.8318 0.5476 0.0905
vn 0.7923 -0.5954 0.1336
vn 0.9163 0.3853 0.1090
vn 0.6699 -0.7322 0.1227
vn 0.9652 0.2312 0.1222
vn 0.7201 0.6936 -0.0192
vn 0.8931 -0.4498 0.0086
vn 0.8504 0.5259 -0.0155
vn 0.8113 -0.5845 0.0122
vn 0.9313 0.3640 -0.0117
vn 0.6926 -0.7211 0.0159
vn 0.9770 0.2132 -0.0081
vn 0.5247 -0.8511 0.0196
vn 0.9973 0.0726 -0.0046
vn 0.2984 -0.9542 0.0228
vn 0.9982 -0.0606 -0.0013
vn 0.2698 0.9626 -0.0246
vn 0.0216 -0.9995 0.0247
vn 0.9818 -0.1899 0.0019
vn 0.5267 0.8498 -0.0225
vn 0.9478 -0.3187 0.0052
vn 0.9890 0.0663 -0.1325
vn 0.3027 -0.9525 -0.0325
vn 0.9892 -0.0642 -0.1314
vn 0.2716 0.9614 -0.0442
vn 0.0235 -0.9997 0.0051
vn 0.9732 -0.1907 -0.1282
vn 0.5301 0.8444 -0.0777
vn 0.9405 -0.3168 -0.1228
vn 0.7220 0.6843 -0.1020
vn 0.8878 -0.4456 -0.1148
vn 0.8491 0.5150 -0.1175
vn 0.8089 -0.5789 -0.1031
vn 0.9268 0.3535 -0.1265
vn 0.6934 -0.7153 -0.0866
vn 0.9701 0.2044 -0.1311
vn 0.5283 -0.8467 -0.0635
vn 0.8643 -0.4456 -0.2332
vn 0.8296 0.5150 -0.2159
vn 0.7869 -0.5789 -0.2138
vn 0.9049 0.3535 -0.2372
vn 0.6739 -0.7153 -0.1849
vn 0.9466 0.2044 -0.2495
vn 0.5125 -0.8467 -0.1432
vn 0.9645 0.0663 -0.2555
vn 0.2922 -0.9525 -0.0856
vn 0.9644 -0.0642 -0.2565
vn 0.2679 0.9614 -0.0630
vn 0.0198 -0.9997 -0.0137
vn 0.9484 -0.1907 -0.2534
vn 0.5195 0.8444 -0.1308
vn 0.9161 -0.3168 -0.2459
vn 0.7062 0.6843 -0.1817
vn 0.2671 -0.9542 -0.1351
vn 0.9229 -0.0606 -0.3802
vn 0.2587 0.9626 -0.0804
vn 0.0105 -0.9995 -0.0311
vn 0.9066 -0.1899 -0.3769
vn 0.4953 0.8498 -0.1804
vn 0.8739 -0.3187 -0.3670
vn 0.6728 0.6936 -0.2574
vn 0.8220 -0.4498 -0.3492
vn 0.7918 0.5259 -0.3107
vn 0.7451 -0.5845 -0.3212
vn 0.8651 0.3640 -0.3451
vn 0.6340 -0.7211 -0.2793
vn 0.9059 0.2132 -0.3659
vn 0.4774 -0.8511 -0.2186
vn 0.9234 0.0726 -0.3768
vn 0.7341 0.5476 -0.4015
vn 0.6811 -0.5954 -0.4262
vn 0.8052 0.3853 -0.4508
vn 0.5722 -0.7322 -0.3693
vn 0.8453 0.2312 -0.4817
vn 0.4227 -0.8592 -0.2884
vn 0.8625 0.0858 -0.4988
vn 0.2278 -0.9570 -0.1794
vn 0.8615 -0.0530 -0.5050
vn 0.2445 0.9649 -0.0956
vn -0.0039 -0.9989 -0.0463
vn 0.8444 -0.1881 -0.5016
vn 0.4577 0.8601 -0.2251
vn 0.8108 -0.3223 -0.4886
vn 0.6215 0.7116 -0.3278
vn 0.7581 -0.4578 -0.4644
vn 0.7736 -0.0406 -0.6324
vn 0.2257 0.9682 -0.1083
vn -0.0231 -0.9980 -0.0589
vn 0.7554 -0.1845 -0.6287
vn 0.4073 0.8745 -0.2633
vn 0.7206 -0.3270 -0.6115
vn 0.5511 0.7373 -0.3909
vn 0.6669 -0.4692 -0.5789
vn 0.6537 0.5795 -0.4866
vn 0.5905 -0.6106 -0.5277
vn 0.7206 0.4175 -0.5536
vn 0.4858 -0.7473 -0.4533
vn 0.7591 0.2592 -0.5972
vn 0.3478 -0.8696 -0.3505
vn 0.7754 0.1067 -0.6224
vn 0.1752 -0.9603 -0.2171
vn 0.4675 -0.6279 -0.6222
vn 0.6052 0.4602 -0.6495
vn 0.3719 -0.7639 -0.5274
vn 0.6392 0.2975 -0.7091
vn 0.2522 -0.8802 -0.4020
vn 0.6530 0.1363 -0.7450
vn 0.1102 -0.9629 -0.2465
vn 0.6494 -0.0221 -0.7601
vn 0.2030 0.9721 -0.1177
vn -0.0461 -0.9966 -0.0683
vn 0.6297 -0.1778 -0.7562
vn 0.3449 0.8917 -0.2931
vn 0.5939 -0.3312 -0.7332
vn 0.4609 0.7688 -0.4434
vn 0.5406 -0.4819 -0.6896
vn 0.5471 0.6202 -0.5622
vn -0.0722 -0.9946 -0.0741
vn 0.4548 -0.1658 -0.8750
vn 0.2721 0.9100 -0.3129
vn 0.4197 -0.3321 -0.8448
vn 0.3512 0.8030 -0.4814
vn 0.3705 -0.4925 -0.7875
vn 0.4117 0.6664 -0.6216
vn 0.3070 -0.6431 -0.7015
vn 0.4530 0.5110 -0.7305
vn 0.2289 -0.7778 -0.5853
vn 0.4765 0.3452 -0.8085
vn 0.1373 -0.8880 -0.4390
vn 0.4838 0.1750 -0.8575
vn 0.0351 -0.9634 -0.2658
vn 0.4763 0.0039 -0.8793
vn 0.1771 0.9764 -0.1236
vn 0.0595 -0.7835 -0.6186
vn 0.2661 0.3979 -0.8780
vn 0.0067 -0.8894 -0.4571
vn 0.2602 0.2206 -0.9400
vn -0.0475 -0.9607 -0.2736
vn 0.2453 0.0378 -0.9687
vn 0.1492 0.9808 -0.1257
vn -0.1004 -0.9920 -0.0761
vn 0.2221 -0.1455 -0.9641
vn 0.1914 0.9275 -0.3211
vn 0.1912 -0.3246 -0.9263
vn 0.2250 0.8360 -0.5005
vn 0.1532 -0.4945 -0.8556
vn 0.2488 0.7124 -0.6562
vn 0.1089 -0.6496 -0.7525
vn 0.2625 0.5640 -0.7830
vn 0.1062 0.9425 -0.3168
vn -0.0810 -0.3033 -0.9495
vn 0.0881 0.8633 -0.4969
vn -0.1001 -0.4803 -0.8713
vn 0.0666 0.7509 -0.6570
vn -0.1155 -0.6398 -0.7598
vn 0.0426 0.6100 -0.7912
vn -0.1265 -0.7754 -0.6187
vn 0.0172 0.4465 -0.8946
vn -0.1327 -0.8816 -0.4530
vn -0.0089 0.2666 -0.9638
vn -0.1337 -0.9538 -0.2691
vn -0.0345 0.0771 -0.9964
vn 0.1202 0.9850 -0.1238
vn -0.1295 -0.9888 -0.0742
vn -0.0588 -0.1152 -0.9916
vt 0.372366 0.532543
vt 0.387868 0.492627
vt 0.423994 0.510502
vt 0.407798 0.550074
vt 0.918378 0.136109
vt 0.878462 0.120961
vt 0.880121 0.112950
vt 0.921632 0.120394
vt 0.361452 0.571859
vt 0.394828 0.588373
vt 0.955164 0.152540
vt 0.959889 0.129725
vt 0.355545 0.609065
vt 0.385583 0.623927
vt 0.987408 0.169622
vt 0.993421 0.140583
vt 0.354873 0.642730
vt 0.380418 0.655370
vt 0.455204 0.384385
vt 0.481714 0.356767
vt 0.507259 0.369406
vt 0.485242 0.399247
vt 0.702490 0.603353
vt 0.670247 0.605062
vt 0.664234 0.576024
vt 0.697766 0.580537
vt 0.430098 0.417097
vt 0.463474 0.433611
vt 0.739277 0.598345
vt 0.736023 0.582629
vt 0.407362 0.453646
vt 0.442793 0.471177
vt 0.779193 0.590231
vt 0.777534 0.582219
vt 0.836951 0.107678
vt 0.820704 0.579322
vt 0.736023 0.566606
vt 0.777534 0.574050
vt 0.480779 0.488952
vt 0.462723 0.528625
vt 0.880121 0.104781
vt 0.445783 0.567849
vt 0.921632 0.104370
vt 0.430610 0.605116
vt 0.959889 0.106462
vt 0.417786 0.638996
vt 0.993421 0.110976
vt 0.407804 0.668184
vt 0.534645 0.382221
vt 0.517444 0.414315
vt 0.664234 0.546417
vt 0.697766 0.557275
vt 0.499256 0.450354
vt 0.450916 0.653691
vt 0.435978 0.680681
vt 0.562820 0.394718
vt 0.550574 0.429010
vt 0.670247 0.517378
vt 0.702490 0.534460
vt 0.536068 0.466682
vt 0.739277 0.550890
vt 0.519858 0.506285
vt 0.779193 0.566038
vt 0.502568 0.546298
vt 0.878462 0.096769
vt 0.484863 0.585183
vt 0.918378 0.088655
vt 0.467422 0.621445
vt 0.955164 0.083647
vt 0.550197 0.355303
vt 0.572334 0.365122
vt 0.875208 0.089222
vt 0.782447 0.558492
vt 0.541998 0.562844
vt 0.523534 0.601410
vt 0.911994 0.073851
vt 0.503850 0.636731
vt 0.945897 0.062155
vt 0.483700 0.667448
vt 0.594240 0.374314
vt 0.590700 0.406417
vt 0.463859 0.692381
vt 0.583358 0.442767
vt 0.682042 0.490024
vt 0.711758 0.512968
vt 0.572495 0.481968
vt 0.745660 0.536087
vt 0.558530 0.522513
vt 0.617216 0.416869
vt 0.614537 0.455058
vt 0.699165 0.465407
vt 0.725212 0.493626
vt 0.607139 0.495624
vt 0.754928 0.522764
vt 0.595307 0.537010
vt 0.787171 0.551700
vt 0.579496 0.577625
vt 0.870483 0.082430
vt 0.560312 0.615907
vt 0.902727 0.060528
vt 0.538493 0.650387
vt 0.932443 0.042813
vt 0.514878 0.679738
vt 0.615073 0.382526
vt 0.657654 0.468137
vt 0.677790 0.439190
vt 0.613622 0.590074
vt 0.593782 0.628118
vt 0.864470 0.076654
vt 0.890932 0.049198
vt 0.570022 0.661888
vt 0.915319 0.026364
vt 0.543253 0.690089
vt 0.958489 0.029966
vt 0.936695 0.009030
vt 0.703417 0.414572
vt 0.720960 0.444471
vt 0.641346 0.425672
vt 0.642912 0.465409
vt 0.742335 0.477177
vt 0.638668 0.507126
vt 0.766723 0.511433
vt 0.628778 0.549220
vt 0.793184 0.545924
vt 0.746587 0.428022
vt 0.762471 0.464253
vt 0.012533 0.118336
vt 0.031050 0.078884
vt 0.056113 0.088304
vt 0.040381 0.128803
vt 0.780592 0.502531
vt 0.000000 0.159787
vt 0.029563 0.170899
vt 0.800255 0.541385
vt 0.657654 0.558674
vt 0.643064 0.599713
vt 0.857400 0.072116
vt 0.622659 0.637571
vt 0.877062 0.040296
vt 0.597223 0.670794
vt 0.895184 0.013440
vt 0.690382 0.388630
vt 0.723866 0.367138
vt 0.733552 0.395231
vt 0.054840 0.042947
vt 0.082988 0.011908
vt 0.099734 0.018202
vt 0.076154 0.050958
vt 0.849543 0.068990
vt 0.861651 0.034164
vt 0.029717 0.290661
vt 0.024127 0.253414
vt 0.059124 0.262919
vt 0.062684 0.299615
vt 0.872811 0.004538
vt 0.761071 0.352335
vt 0.767036 0.381908
vt 0.119558 0.023587
vt 0.101385 0.057812
vt 0.775063 0.416692
vt 0.085782 0.096362
vt 0.784844 0.455351
vt 0.073348 0.137757
vt 0.796003 0.496399
vt 0.064560 0.180405
vt 0.808111 0.538259
vt 0.024075 0.212975
vt 0.059758 0.222667
vt 0.118918 0.102750
vt 0.110166 0.144854
vt 0.808595 0.450813
vt 0.812363 0.493273
vt 0.103646 0.187940
vt 0.816452 0.536666
vt 0.099609 0.230349
vt 0.841203 0.067396
vt 0.098210 0.270454
vt 0.845291 0.031038
vt 0.099502 0.306713
vt 0.849059 0.000000
vt 0.800568 0.344788
vt 0.802582 0.375116
vt 0.141699 0.027855
vt 0.129565 0.063244
vt 0.805293 0.410916
vt 0.139883 0.275728
vt 0.138758 0.311680
vt 0.828611 0.031038
vt 0.824843 0.000000
vt 0.840839 0.344788
vt 0.838825 0.375116
vt 0.165305 0.030842
vt 0.159610 0.067046
vt 0.836115 0.410916
vt 0.154246 0.107221
vt 0.832812 0.450813
vt 0.149421 0.149822
vt 0.829044 0.493273
vt 0.145320 0.193213
vt 0.824956 0.536666
vt 0.142099 0.235726
vt 0.832699 0.067396
vt 0.856563 0.455351
vt 0.845404 0.496399
vt 0.189605 0.152470
vt 0.187978 0.196024
vt 0.833296 0.538259
vt 0.185594 0.238592
vt 0.824359 0.068990
vt 0.182542 0.278538
vt 0.812250 0.034164
vt 0.178941 0.314328
vt 0.171113 -0.000000
vt 0.187757 0.001097
vt 0.189469 0.032434
vt 0.138765 0.342202
vt 0.174929 0.344585
vt 0.190365 0.069073
vt 0.874371 0.381908
vt 0.866344 0.416692
vt 0.190411 0.109604
vt 0.218509 0.314553
vt 0.210539 0.344788
vt 0.213263 0.032570
vt 0.220649 0.069245
vt 0.907855 0.395231
vt 0.894820 0.428022
vt 0.226021 0.109806
vt 0.878936 0.464253
vt 0.229173 0.152695
vt 0.860815 0.502531
vt 0.229983 0.196263
vt 0.841152 0.541385
vt 0.228421 0.238836
vt 0.816502 0.072116
vt 0.224547 0.278777
vt 0.796839 0.040296
vt 0.801091 0.004538
vt 0.778718 0.013440
vt 0.874685 0.511433
vt 0.848223 0.545924
vt 0.269720 0.193921
vt 0.268937 0.236448
vt 0.809432 0.076654
vt 0.264284 0.276436
vt 0.782970 0.049198
vt 0.255940 0.312347
vt 0.758583 0.026364
vt 0.917541 0.367138
vt 0.951025 0.388630
vt 0.937990 0.414573
vt 0.235772 0.031243
vt 0.249297 0.067557
vt 0.920447 0.444471
vt 0.259708 0.107821
vt 0.899072 0.477177
vt 0.266604 0.150489
vt 0.256131 0.028506
vt 0.275210 0.064073
vt 0.963617 0.439190
vt 0.942242 0.465407
vt 0.290178 0.103725
vt 0.916196 0.493626
vt 0.300460 0.145938
vt 0.886480 0.522764
vt 0.305662 0.189089
vt 0.854236 0.551700
vt 0.305583 0.231522
vt 0.803419 0.082430
vt 0.300226 0.271604
vt 0.771175 0.060528
vt 0.289797 0.307796
vt 0.741459 0.042813
vt 0.979501 0.415984
vt 0.336427 0.181952
vt 0.336951 0.224245
vt 0.798694 0.089222
vt 0.858960 0.558492
vt 0.020628 0.615199
vt 0.000000 0.576838
vt 0.026907 0.561482
vt 0.047018 0.600138
vt 0.761908 0.073851
vt 0.046725 0.649910
vt 0.071583 0.635723
vt 0.728005 0.062155
vt 0.077286 0.679637
vt 0.099659 0.666870
vt 0.273558 0.024463
vt 0.297391 0.058927
vt 0.983753 0.468137
vt 0.959366 0.490024
vt 0.316260 0.097674
vt 0.929650 0.512968
vt 0.329441 0.139215
vt 0.895747 0.536087
vt 0.130165 0.692381
vt 0.126377 0.652784
vt 0.152887 0.680402
vt 0.314987 0.052318
vt 0.336951 0.089902
vt 0.971161 0.517378
vt 0.938917 0.534460
vt 0.002937 0.480961
vt 0.000000 0.442190
vt 0.026718 0.428104
vt 0.032625 0.465310
vt 0.902130 0.550890
vt 0.012023 0.521241
vt 0.043539 0.504626
vt 0.862215 0.566038
vt 0.059041 0.544542
vt 0.795440 0.096769
vt 0.078534 0.583523
vt 0.755524 0.088655
vt 0.101271 0.620072
vt 0.718738 0.083647
vt 0.698289 0.054584
vt 0.686494 0.081937
vt 0.793781 0.104781
vt 0.863874 0.574050
vt 0.095167 0.526666
vt 0.113966 0.565991
vt 0.752270 0.104370
vt 0.134647 0.603558
vt 0.714013 0.106462
vt 0.156414 0.637921
vt 0.680481 0.110976
vt 0.178432 0.667762
vt 0.026046 0.394438
vt 0.051591 0.381799
vt 0.056756 0.413241
vt 0.977174 0.546417
vt 0.943641 0.557275
vt 0.066001 0.448795
vt 0.905385 0.566606
vt 0.078971 0.487094
vt 0.078977 0.368984
vt 0.088958 0.398173
vt 0.977174 0.576024
vt 0.943641 0.580537
vt 0.101782 0.432052
vt 0.905385 0.582629
vt 0.116956 0.469320
vt 0.863874 0.582219
vt 0.133896 0.508544
vt 0.793781 0.112950
vt 0.151952 0.548217
vt 0.752270 0.120394
vt 0.170428 0.586815
vt 0.714013 0.129725
vt 0.188617 0.622853
vt 0.680481 0.140583
vt 0.205818 0.654948
vt 0.173741 0.490870
vt 0.191031 0.530883
vt 0.795440 0.120961
vt 0.755524 0.136109
vt 0.207240 0.570486
vt 0.718738 0.152540
vt 0.221747 0.608158
vt 0.686494 0.169622
vt 0.233993 0.642451
vt 0.107151 0.356487
vt 0.122088 0.383478
vt 0.221370 0.681865
vt 0.243507 0.672046
vt 0.138594 0.415724
vt 0.938917 0.603353
vt 0.902130 0.598345
vt 0.156036 0.451986
vt 0.862215 0.590231
vt 0.261873 0.630751
vt 0.265413 0.662854
vt 0.154872 0.369721
vt 0.175022 0.400438
vt 0.929650 0.624844
vt 0.895747 0.613148
vt 0.194707 0.435758
vt 0.858960 0.597777
vt 0.213170 0.474325
vt 0.798694 0.128508
vt 0.229703 0.514656
vt 0.761908 0.150913
vt 0.243668 0.555200
vt 0.728005 0.174032
vt 0.254531 0.594401
vt 0.698289 0.196975
vt 0.135032 0.344788
vt 0.266480 0.500158
vt 0.278312 0.541544
vt 0.771175 0.164236
vt 0.741459 0.193374
vt 0.285710 0.582111
vt 0.715413 0.221593
vt 0.288388 0.620299
vt 0.673902 0.218862
vt 0.694037 0.247810
vt 0.286246 0.654642
vt 0.186051 0.357431
vt 0.209666 0.386782
vt 0.916196 0.644186
vt 0.886480 0.626471
vt 0.231485 0.421261
vt 0.854236 0.604569
vt 0.250668 0.459544
vt 0.803419 0.135300
vt 0.899072 0.660635
vt 0.874685 0.637802
vt 0.241194 0.375280
vt 0.264955 0.409051
vt 0.848223 0.610345
vt 0.284795 0.447094
vt 0.809432 0.141076
vt 0.299951 0.487948
vt 0.782970 0.175566
vt 0.309840 0.530042
vt 0.758583 0.209823
vt 0.314084 0.571760
vt 0.737207 0.242528
vt 0.312519 0.611496
vt 0.719665 0.272427
vt 0.942242 0.657034
vt 0.920447 0.677969
vt 0.214426 0.347079
vt 0.796839 0.184468
vt 0.778718 0.222746
vt 0.368001 0.265904
vt 0.349484 0.226452
vt 0.377332 0.215985
vt 0.393064 0.256484
vt 0.762834 0.258977
vt 0.391791 0.301840
vt 0.413104 0.293829
vt 0.749799 0.291769
vt 0.419938 0.332880
vt 0.436684 0.326586
vt 0.706629 0.298370
vt 0.740113 0.319861
vt 0.878936 0.673559
vt 0.860815 0.646704
vt 0.268396 0.366375
vt 0.293832 0.399597
vt 0.841152 0.614884
vt 0.314237 0.437456
vt 0.816502 0.145614
vt 0.328827 0.478494
vt 0.336951 0.185000
vt 0.366514 0.173888
vt 0.361078 0.091374
vt 0.366668 0.054127
vt 0.399635 0.045172
vt 0.396075 0.081868
vt 0.845404 0.652836
vt 0.833296 0.618010
vt 0.361026 0.131813
vt 0.396708 0.122121
vt 0.824359 0.148740
vt 0.401511 0.164383
vt 0.812250 0.190600
vt 0.410298 0.207031
vt 0.801091 0.231648
vt 0.422733 0.248425
vt 0.791310 0.270308
vt 0.438336 0.286976
vt 0.783283 0.305092
vt 0.456509 0.321201
vt 0.777318 0.334665
vt 0.856563 0.682461
vt 0.447117 0.199933
vt 0.455868 0.242038
vt 0.824843 0.236187
vt 0.821540 0.276084
vt 0.466516 0.281544
vt 0.818830 0.311884
vt 0.478649 0.316933
vt 0.816815 0.342212
vt 0.832812 0.687000
vt 0.829044 0.655962
vt 0.436453 0.038075
vt 0.435161 0.074334
vt 0.824956 0.619603
vt 0.436560 0.114438
vt 0.832699 0.150334
vt 0.440597 0.156848
vt 0.828611 0.193726
vt 0.812363 0.655962
vt 0.816452 0.619603
vt 0.476834 0.069060
vt 0.479050 0.109061
vt 0.841203 0.150334
vt 0.482271 0.151574
vt 0.845291 0.193726
vt 0.486372 0.194965
vt 0.849059 0.236187
vt 0.491197 0.237567
vt 0.852362 0.276084
vt 0.496560 0.277741
vt 0.855072 0.311884
vt 0.502255 0.313945
vt 0.857086 0.342212
vt 0.808595 0.687000
vt 0.475709 0.033107
vt 0.872810 0.231648
vt 0.882591 0.270308
vt 0.527362 0.235184
vt 0.527315 0.275715
vt 0.890619 0.305092
vt 0.526420 0.312353
vt 0.475716 0.002585
vt 0.511880 0.000203
vt 0.515892 0.030460
vt 0.508063 0.344788
vt 0.524708 0.343691
vt 0.519493 0.066249
vt 0.796003 0.652836
vt 0.808111 0.618010
vt 0.522545 0.106196
vt 0.849543 0.148740
vt 0.524929 0.148764
vt 0.861651 0.190600
vt 0.526556 0.192318
vt 0.561498 0.066010
vt 0.565372 0.105952
vt 0.857400 0.145614
vt 0.800255 0.614884
vt 0.566934 0.148525
vt 0.877062 0.184468
vt 0.566123 0.192093
vt 0.895184 0.222746
vt 0.562972 0.234981
vt 0.911067 0.258977
vt 0.557599 0.275543
vt 0.924102 0.291769
vt 0.550213 0.312218
vt 0.547490 -0.000000
vt 0.555460 0.030235
vt 0.784844 0.682461
vt 0.762471 0.673559
vt 0.780592 0.646704
vt 0.596659 0.236967
vt 0.586248 0.277231
vt 0.936695 0.242528
vt 0.954237 0.272427
vt 0.572722 0.313544
vt 0.933789 0.319861
vt 0.967272 0.298370
vt 0.742335 0.660635
vt 0.766723 0.637802
vt 0.592891 0.032440
vt 0.601235 0.068352
vt 0.793184 0.610345
vt 0.605888 0.108339
vt 0.864470 0.141076
vt 0.606671 0.150866
vt 0.890932 0.175566
vt 0.603555 0.194298
vt 0.915319 0.209822
vt 0.787171 0.604569
vt 0.642533 0.113266
vt 0.642613 0.155698
vt 0.870483 0.135300
vt 0.902727 0.164236
vt 0.637411 0.198850
vt 0.932443 0.193373
vt 0.627129 0.241063
vt 0.958489 0.221593
vt 0.612161 0.280715
vt 0.979865 0.247810
vt 0.593082 0.316282
vt 0.995748 0.271016
vt 0.725212 0.644186
vt 0.754928 0.626471
vt 0.626748 0.036992
vt 0.637177 0.073184
vt 0.634341 0.285860
vt 0.610509 0.320325
vt 0.375552 0.387259
vt 0.406114 0.357531
vt 0.428486 0.370299
vt 0.400410 0.401445
vt 0.711758 0.624844
vt 0.745660 0.613148
vt 0.349455 0.421970
vt 0.375845 0.437030
vt 0.782447 0.597777
vt 0.328827 0.460331
vt 0.355734 0.475686
vt 0.875208 0.128508
vt 0.673902 0.120543
vt 0.673378 0.162836
vt 0.911994 0.150913
vt 0.666392 0.205573
vt 0.945897 0.174032
vt 0.653210 0.247114
vt 0.975613 0.196975
vt 1.000000 0.218862
vt 0.331764 0.556208
vt 0.340850 0.515928
vt 0.328827 0.594979
vt 0.673902 0.254886
vt 0.651938 0.292470
vt 0.458992 0.344788
vt 0.682042 0.632416
s 0
usemtl Material
f 3166/4126/2618 3165/4127/2618 3176/4128/2618 3177/4129/2618
f 3635/4130/2619 3634/4131/2619 3169/4132/2619 3170/4133/2619
f 3638/4134/2620 3166/4126/2620 3177/4129/2620 3178/4135/2620
f 3162/4136/2621 3635/4130/2621 3170/4133/2621 3171/4137/2621
f 3167/4138/2622 3638/4134/2622 3178/4135/2622 3179/4139/2622
f 3636/4140/2623 3162/4136/2623 3171/4137/2623 3172/4141/2623
f 3639/4142/2624 3167/4138/2624 3179/4139/2624 3180/4143/2624
f 3163/4144/2625 3636/4145/2625 3172/4146/2625 3173/4147/2625
f 3640/4148/2626 3639/4149/2626 3180/4150/2626 3181/4151/2626
f 3637/4152/2627 3163/4144/2627 3173/4147/2627 3174/4153/2627
f 3641/4154/2628 3640/4148/2628 3181/4151/2628 3182/4155/2628
f 3164/4156/2629 3637/4152/2629 3174/4153/2629 3175/4157/2629
f 3642/4158/2630 3641/4154/2630 3182/4155/2630 3183/4159/2630
f 3165/4127/2631 3164/4156/2631 3175/4157/2631 3176/4128/2631
f 3634/4131/2632 3161/4160/2632 3169/4132/2632
f 3168/4161/2633 3642/4158/2633 3183/4159/2633
f 3183/4159/2634 3182/4155/2634 3197/4162/2634 3198/4163/2634
f 3176/4128/2635 3175/4157/2635 3190/4164/2635 3191/4165/2635
f 3169/4132/2636 3161/4160/2636 3184/4166/2636
f 3168/4161/2637 3183/4159/2637 3198/4163/2637
f 3177/4129/2638 3176/4128/2638 3191/4165/2638 3192/4167/2638
f 3170/4133/2639 3169/4132/2639 3184/4166/2639 3185/4168/2639
f 3178/4135/2640 3177/4129/2640 3192/4167/2640 3193/4169/2640
f 3171/4137/2641 3170/4133/2641 3185/4168/2641 3186/4170/2641
f 3179/4139/2642 3178/4135/2642 3193/4169/2642 3194/4171/2642
f 3172/4141/2643 3171/4137/2643 3186/4170/2643 3187/4172/2643
f 3180/4143/2644 3179/4139/2644 3194/4171/2644 3195/4173/2644
f 3173/4147/2645 3172/4146/2645 3187/4174/2645 3188/4175/2645
f 3181/4151/2646 3180/4150/2646 3195/4176/2646 3196/4177/2646
f 3174/4153/2647 3173/4147/2647 3188/4175/2647 3189/4178/2647
f 3182/4155/2648 3181/4151/2648 3196/4177/2648 3197/4162/2648
f 3175/4157/2649 3174/4153/2649 3189/4178/2649 3190/4164/2649
f 3195/4173/2650 3194/4171/2650 3209/4179/2650 3210/4180/2650
f 3188/4175/2651 3187/4174/2651 3202/4181/2651 3203/4182/2651
f 3196/4177/2652 3195/4176/2652 3210/4183/2652 3211/4184/2652
f 3189/4178/2653 3188/4175/2653 3203/4182/2653 3204/4185/2653
f 3197/4162/2654 3196/4177/2654 3211/4184/2654 3212/4186/2654
f 3190/4164/2655 3189/4178/2655 3204/4185/2655 3205/4187/2655
f 3198/4163/2656 3197/4162/2656 3212/4186/2656 3213/4188/2656
f 3191/4165/2657 3190/4164/2657 3205/4187/2657 3206/4189/2657
f 3184/4166/2658 3161/4160/2658 3199/4190/2658
f 3168/4161/2659 3198/4163/2659 3213/4188/2659
f 3192/4167/2660 3191/4165/2660 3206/4189/2660 3207/4191/2660
f 3185/4168/2661 3184/4166/2661 3199/4190/2661 3200/4192/2661
f 3193/4169/2662 3192/4167/2662 3207/4191/2662 3208/4193/2662
f 3186/4170/2663 3185/4168/2663 3200/4192/2663 3201/4194/2663
f 3194/4171/2664 3193/4169/2664 3208/4193/2664 3209/4179/2664
f 3187/4174/2665 3186/4195/2665 3201/4196/2665 3202/4181/2665
f 3199/4190/2666 3161/4160/2666 3214/4197/2666
f 3168/4161/2667 3213/4188/2667 3228/4198/2667
f 3207/4191/2668 3206/4189/2668 3221/4199/2668 3222/4200/2668
f 3200/4192/2669 3199/4190/2669 3214/4197/2669 3215/4201/2669
f 3208/4193/2670 3207/4191/2670 3222/4200/2670 3223/4202/2670
f 3201/4194/2671 3200/4192/2671 3215/4201/2671 3216/4203/2671
f 3209/4179/2672 3208/4193/2672 3223/4202/2672 3224/4204/2672
f 3202/4181/2673 3201/4196/2673 3216/4205/2673 3217/4206/2673
f 3210/4180/2674 3209/4179/2674 3224/4204/2674 3225/4207/2674
f 3203/4182/2675 3202/4181/2675 3217/4206/2675 3218/4208/2675
f 3211/4184/2676 3210/4183/2676 3225/4209/2676 3226/4210/2676
f 3204/4185/2677 3203/4182/2677 3218/4208/2677 3219/4211/2677
f 3212/4186/2678 3211/4184/2678 3226/4210/2678 3227/4212/2678
f 3205/4187/2679 3204/4185/2679 3219/4211/2679 3220/4213/2679
f 3213/4188/2680 3212/4186/2680 3227/4212/2680 3228/4198/2680
f 3206/4189/2681 3205/4187/2681 3220/4213/2681 3221/4199/2681
f 3218/4208/2682 3217/4206/2682 3232/4214/2682 3233/4215/2682
f 3226/4210/2683 3225/4209/2683 3240/4216/2683 3241/4217/2683
f 3219/4211/2684 3218/4208/2684 3233/4215/2684 3234/4218/2684
f 3227/4212/2685 3226/4210/2685 3241/4217/2685 3242/4219/2685
f 3220/4213/2686 3219/4211/2686 3234/4218/2686 3235/4220/2686
f 3228/4198/2687 3227/4212/2687 3242/4219/2687 3243/4221/2687
f 3221/4199/2688 3220/4213/2688 3235/4220/2688 3236/4222/2688
f 3214/4197/2689 3161/4160/2689 3229/4223/2689
f 3168/4161/2690 3228/4198/2690 3243/4221/2690
f 3222/4200/2691 3221/4199/2691 3236/4222/2691 3237/4224/2691
f 3215/4201/2692 3214/4197/2692 3229/4223/2692 3230/4225/2692
f 3223/4202/2693 3222/4200/2693 3237/4224/2693 3238/4226/2693
f 3216/4203/2694 3215/4201/2694 3230/4225/2694 3231/4227/2694
f 3224/4204/2695 3223/4202/2695 3238/4226/2695 3239/4228/2695
f 3217/4206/2696 3216/4205/2696 3231/4229/2696 3232/4214/2696
f 3225/4209/2697 3224/4230/2697 3239/4231/2697 3240/4216/2697
f 3237/4224/2698 3236/4222/2698 3251/4232/2698 3252/4233/2698
f 3230/4225/2699 3229/4223/2699 3244/4234/2699 3245/4235/2699
f 3238/4226/2700 3237/4224/2700 3252/4233/2700 3253/4236/2700
f 3231/4227/2701 3230/4225/2701 3245/4235/2701 3246/4237/2701
f 3239/4228/2702 3238/4226/2702 3253/4236/2702 3254/4238/2702
f 3232/4239/2703 3231/4227/2703 3246/4237/2703 3247/4240/2703
f 3240/4216/2704 3239/4231/2704 3254/4241/2704 3255/4242/2704
f 3233/4215/2705 3232/4214/2705 3247/4243/2705 3248/4244/2705
f 3241/4217/2706 3240/4216/2706 3255/4242/2706 3256/4245/2706
f 3234/4218/2707 3233/4215/2707 3248/4244/2707 3249/4246/2707
f 3242/4219/2708 3241/4217/2708 3256/4245/2708 3257/4247/2708
f 3235/4220/2709 3234/4218/2709 3249/4246/2709 3250/4248/2709
f 3243/4221/2710 3242/4219/2710 3257/4247/2710 3258/4249/2710
f 3236/4222/2711 3235/4220/2711 3250/4248/2711 3251/4232/2711
f 3229/4223/2712 3161/4160/2712 3244/4234/2712
f 3168/4161/2713 3243/4221/2713 3258/4249/2713
f 3256/4245/2714 3255/4242/2714 3270/4250/2714 3271/4251/2714
f 3249/4252/2715 3248/4253/2715 3263/4254/2715 3264/4255/2715
f 3257/4247/2716 3256/4245/2716 3271/4251/2716 3272/4256/2716
f 3250/4257/2717 3249/4252/2717 3264/4255/2717 3265/4258/2717
f 3258/4249/2718 3257/4247/2718 3272/4256/2718 3273/4259/2718
f 3251/4232/2719 3250/4248/2719 3265/4260/2719 3266/4261/2719
f 3244/4234/2720 3161/4160/2720 3259/4262/2720
f 3168/4161/2721 3258/4249/2721 3273/4259/2721
f 3252/4233/2722 3251/4232/2722 3266/4261/2722 3267/4263/2722
f 3245/4235/2723 3244/4234/2723 3259/4262/2723 3260/4264/2723
f 3253/4236/2724 3252/4233/2724 3267/4263/2724 3268/4265/2724
f 3246/4237/2725 3245/4235/2725 3260/4264/2725 3261/4266/2725
f 3254/4241/2726 3253/4267/2726 3268/4268/2726 3269/4269/2726
f 3247/4270/2727 3246/4271/2727 3261/4272/2727 3262/4273/2727
f 3255/4242/2728 3254/4241/2728 3269/4269/2728 3270/4250/2728
f 3248/4253/2729 3247/4270/2729 3262/4273/2729 3263/4254/2729
f 3260/4264/2730 3259/4262/2730 3274/4274/2730 3275/4275/2730
f 3268/4276/2731 3267/4277/2731 3282/4278/2731 3283/4279/2731
f 3261/4266/2732 3260/4264/2732 3275/4275/2732 3276/4280/2732
f 3269/4269/2733 3268/4268/2733 3283/4281/2733 3284/4282/2733
f 3262/4273/2734 3261/4272/2734 3276/4283/2734 3277/4284/2734
f 3270/4250/2735 3269/4269/2735 3284/4282/2735 3285/4285/2735
f 3263/4254/2736 3262/4273/2736 3277/4284/2736 3278/4286/2736
f 3271/4251/2737 3270/4250/2737 3285/4285/2737 3286/4287/2737
f 3264/4255/2738 3263/4254/2738 3278/4286/2738 3279/4288/2738
f 3272/4256/2739 3271/4251/2739 3286/4287/2739 3287/4289/2739
f 3265/4258/2740 3264/4255/2740 3279/4288/2740 3280/4290/2740
f 3273/4259/2741 3272/4256/2741 3287/4289/2741 3288/4291/2741
f 3266/4292/2742 3265/4258/2742 3280/4290/2742 3281/4293/2742
f 3259/4262/2743 3161/4160/2743 3274/4274/2743
f 3168/4161/2744 3273/4259/2744 3288/4291/2744
f 3267/4277/2745 3266/4292/2745 3281/4293/2745 3282/4278/2745
f 3279/4288/2746 3278/4286/2746 3293/4294/2746 3294/4295/2746
f 3287/4289/2747 3286/4287/2747 3301/4296/2747 3302/4297/2747
f 3280/4290/2748 3279/4288/2748 3294/4295/2748 3295/4298/2748
f 3288/4291/2749 3287/4289/2749 3302/4297/2749 3303/4299/2749
f 3281/4293/2750 3280/4290/2750 3295/4298/2750 3296/4300/2750
f 3274/4274/2751 3161/4160/2751 3289/4301/2751
f 3168/4161/2752 3288/4291/2752 3303/4299/2752
f 3282/4278/2753 3281/4293/2753 3296/4300/2753 3297/4302/2753
f 3275/4275/2754 3274/4274/2754 3289/4301/2754 3290/4303/2754
f 3283/4279/2755 3282/4278/2755 3297/4302/2755 3298/4304/2755
f 3276/4280/2756 3275/4275/2756 3290/4303/2756 3291/4305/2756
f 3284/4282/2757 3283/4281/2757 3298/4306/2757 3299/4307/2757
f 3277/4284/2758 3276/4283/2758 3291/4308/2758 3292/4309/2758
f 3285/4285/2759 3284/4282/2759 3299/4307/2759 3300/4310/2759
f 3278/4286/2760 3277/4284/2760 3292/4309/2760 3293/4294/2760
f 3286/4287/2761 3285/4285/2761 3300/4310/2761 3301/4296/2761
f 3298/4304/2762 3297/4302/2762 3312/4311/2762 3313/4312/2762
f 3291/4305/2763 3290/4303/2763 3305/4313/2763 3306/4314/2763
f 3299/4307/2764 3298/4306/2764 3313/4315/2764 3314/4316/2764
f 3292/4309/2765 3291/4308/2765 3306/4317/2765 3307/4318/2765
f 3300/4310/2766 3299/4307/2766 3314/4316/2766 3315/4319/2766
f 3293/4294/2767 3292/4309/2767 3307/4318/2767 3308/4320/2767
f 3301/4296/2768 3300/4310/2768 3315/4319/2768 3316/4321/2768
f 3294/4295/2769 3293/4294/2769 3308/4320/2769 3309/4322/2769
f 3302/4297/2770 3301/4296/2770 3316/4321/2770 3317/4323/2770
f 3295/4298/2771 3294/4295/2771 3309/4322/2771 3310/4324/2771
f 3303/4299/2772 3302/4297/2772 3317/4323/2772 3318/4325/2772
f 3296/4300/2773 3295/4298/2773 3310/4324/2773 3311/4326/2773
f 3289/4301/2774 3161/4160/2774 3304/4327/2774
f 3168/4161/2775 3303/4299/2775 3318/4325/2775
f 3297/4302/2776 3296/4300/2776 3311/4326/2776 3312/4311/2776
f 3290/4303/2777 3289/4301/2777 3304/4327/2777 3305/4313/2777
f 3317/4323/2778 3316/4321/2778 3331/4328/2778 3332/4329/2778
f 3310/4324/2779 3309/4322/2779 3324/4330/2779 3325/4331/2779
f 3318/4325/2780 3317/4323/2780 3332/4329/2780 3333/4332/2780
f 3311/4326/2781 3310/4324/2781 3325/4331/2781 3326/4333/2781
f 3304/4327/2782 3161/4160/2782 3319/4334/2782
f 3168/4161/2783 3318/4325/2783 3333/4332/2783
f 3312/4311/2784 3311/4326/2784 3326/4333/2784 3327/4335/2784
f 3305/4313/2785 3304/4327/2785 3319/4334/2785 3320/4336/2785
f 3313/4312/2786 3312/4311/2786 3327/4335/2786 3328/4337/2786
f 3306/4317/2787 3305/4338/2787 3320/4339/2787 3321/4340/2787
f 3314/4341/2788 3313/4312/2788 3328/4337/2788 3329/4342/2788
f 3307/4318/2789 3306/4317/2789 3321/4340/2789 3322/4343/2789
f 3315/4319/2790 3314/4316/2790 3329/4344/2790 3330/4345/2790
f 3308/4320/2791 3307/4318/2791 3322/4343/2791 3323/4346/2791
f 3316/4321/2792 3315/4319/2792 3330/4345/2792 3331/4328/2792
f 3309/4322/2793 3308/4320/2793 3323/4346/2793 3324/4330/2793
f 3329/4342/2794 3328/4337/2794 3343/4347/2794 3344/4348/2794
f 3322/4343/2795 3321/4340/2795 3336/4349/2795 3337/4350/2795
f 3330/4345/2796 3329/4344/2796 3344/4351/2796 3345/4352/2796
f 3323/4346/2797 3322/4343/2797 3337/4350/2797 3338/4353/2797
f 3331/4328/2798 3330/4345/2798 3345/4352/2798 3346/4354/2798
f 3324/4330/2799 3323/4346/2799 3338/4353/2799 3339/4355/2799
f 3332/4329/2800 3331/4328/2800 3346/4354/2800 3347/4356/2800
f 3325/4331/2801 3324/4330/2801 3339/4355/2801 3340/4357/2801
f 3333/4332/2802 3332/4329/2802 3347/4356/2802 3348/4358/2802
f 3326/4333/2803 3325/4331/2803 3340/4357/2803 3341/4359/2803
f 3319/4334/2804 3161/4160/2804 3334/4360/2804
f 3168/4161/2805 3333/4332/2805 3348/4358/2805
f 3327/4335/2806 3326/4333/2806 3341/4359/2806 3342/4361/2806
f 3320/4336/2807 3319/4334/2807 3334/4360/2807 3335/4362/2807
f 3328/4337/2808 3327/4335/2808 3342/4361/2808 3343/4347/2808
f 3321/4363/2809 3320/4336/2809 3335/4362/2809 3336/4364/2809
f 3348/4358/2810 3347/4356/2810 3362/4365/2810 3363/4366/2810
f 3341/4359/2811 3340/4357/2811 3355/4367/2811 3356/4368/2811
f 3334/4360/2812 3161/4160/2812 3349/4369/2812
f 3168/4161/2813 3348/4358/2813 3363/4366/2813
f 3342/4361/2814 3341/4359/2814 3356/4368/2814 3357/4370/2814
f 3335/4362/2815 3334/4360/2815 3349/4369/2815 3350/4371/2815
f 3343/4347/2816 3342/4361/2816 3357/4370/2816 3358/4372/2816
f 3336/4364/2817 3335/4362/2817 3350/4371/2817 3351/4373/2817
f 3344/4351/2818 3343/4374/2818 3358/4375/2818 3359/4376/2818
f 3337/4350/2819 3336/4349/2819 3351/4377/2819 3352/4378/2819
f 3345/4352/2820 3344/4351/2820 3359/4376/2820 3360/4379/2820
f 3338/4353/2821 3337/4350/2821 3352/4378/2821 3353/4380/2821
f 3346/4354/2822 3345/4352/2822 3360/4379/2822 3361/4381/2822
f 3339/4355/2823 3338/4353/2823 3353/4380/2823 3354/4382/2823
f 3347/4356/2824 3346/4354/2824 3361/4381/2824 3362/4365/2824
f 3340/4357/2825 3339/4355/2825 3354/4382/2825 3355/4367/2825
f 3352/4378/2826 3351/4377/2826 3366/4383/2826 3367/4384/2826
f 3360/4379/2827 3359/4376/2827 3374/4385/2827 3375/4386/2827
f 3353/4380/2828 3352/4378/2828 3367/4384/2828 3368/4387/2828
f 3361/4381/2829 3360/4379/2829 3375/4386/2829 3376/4388/2829
f 3354/4382/2830 3353/4380/2830 3368/4387/2830 3369/4389/2830
f 3362/4365/2831 3361/4381/2831 3376/4388/2831 3377/4390/2831
f 3355/4367/2832 3354/4382/2832 3369/4389/2832 3370/4391/2832
f 3363/4366/2833 3362/4365/2833 3377/4390/2833 3378/4392/2833
f 3356/4368/2834 3355/4367/2834 3370/4391/2834 3371/4393/2834
f 3349/4369/2835 3161/4160/2835 3364/4394/2835
f 3168/4161/2836 3363/4366/2836 3378/4392/2836
f 3357/4370/2837 3356/4368/2837 3371/4393/2837 3372/4395/2837
f 3350/4371/2838 3349/4369/2838 3364/4394/2838 3365/4396/2838
f 3358/4372/2839 3357/4370/2839 3372/4395/2839 3373/4397/2839
f 3351/4373/2840 3350/4371/2840 3365/4396/2840 3366/4398/2840
f 3359/4376/2841 3358/4375/2841 3373/4399/2841 3374/4385/2841
f 3371/4393/2842 3370/4391/2842 3385/4400/2842 3386/4401/2842
f 3364/4394/2843 3161/4160/2843 3379/4402/2843
f 3168/4161/2844 3378/4392/2844 3393/4403/2844
f 3372/4404/2845 3371/4405/2845 3386/4406/2845 3387/4407/2845
f 3365/4396/2846 3364/4394/2846 3379/4402/2846 3380/4408/2846
f 3373/4409/2847 3372/4404/2847 3387/4407/2847 3388/4410/2847
f 3366/4398/2848 3365/4396/2848 3380/4408/2848 3381/4411/2848
f 3374/4412/2849 3373/4409/2849 3388/4410/2849 3389/4413/2849
f 3367/4384/2850 3366/4383/2850 3381/4414/2850 3382/4415/2850
f 3375/4386/2851 3374/4385/2851 3389/4416/2851 3390/4417/2851
f 3368/4387/2852 3367/4384/2852 3382/4415/2852 3383/4418/2852
f 3376/4388/2853 3375/4386/2853 3390/4417/2853 3391/4419/2853
f 3369/4389/2854 3368/4387/2854 3383/4418/2854 3384/4420/2854
f 3377/4390/2855 3376/4388/2855 3391/4419/2855 3392/4421/2855
f 3370/4391/2856 3369/4389/2856 3384/4420/2856 3385/4400/2856
f 3378/4392/2857 3377/4390/2857 3392/4421/2857 3393/4403/2857
f 3390/4422/2858 3389/4413/2858 3404/4423/2858 3405/4424/2858
f 3383/4418/2859 3382/4415/2859 3397/4425/2859 3398/4426/2859
f 3391/4419/2860 3390/4417/2860 3405/4427/2860 3406/4428/2860
f 3384/4429/2861 3383/4430/2861 3398/4431/2861 3399/4432/2861
f 3392/4421/2862 3391/4419/2862 3406/4428/2862 3407/4433/2862
f 3385/4434/2863 3384/4429/2863 3399/4432/2863 3400/4435/2863
f 3393/4403/2864 3392/4421/2864 3407/4433/2864 3408/4436/2864
f 3386/4406/2865 3385/4434/2865 3400/4435/2865 3401/4437/2865
f 3379/4402/2866 3161/4160/2866 3394/4438/2866
f 3168/4161/2867 3393/4403/2867 3408/4436/2867
f 3387/4407/2868 3386/4406/2868 3401/4437/2868 3402/4439/2868
f 3380/4408/2869 3379/4402/2869 3394/4438/2869 3395/4440/2869
f 3388/4410/2870 3387/4407/2870 3402/4439/2870 3403/4441/2870
f 3381/4411/2871 3380/4408/2871 3395/4440/2871 3396/4442/2871
f 3389/4413/2872 3388/4410/2872 3403/4441/2872 3404/4423/2872
f 3382/4443/2873 3381/4411/2873 3396/4442/2873 3397/4444/2873
f 3394/4438/2874 3161/4160/2874 3409/4445/2874
f 3168/4161/2875 3408/4436/2875 3423/4446/2875
f 3402/4439/2876 3401/4437/2876 3416/4447/2876 3417/4448/2876
f 3395/4440/2877 3394/4438/2877 3409/4445/2877 3410/4449/2877
f 3403/4441/2878 3402/4439/2878 3417/4448/2878 3418/4450/2878
f 3396/4442/2879 3395/4440/2879 3410/4449/2879 3411/4451/2879
f 3404/4423/2880 3403/4441/2880 3418/4450/2880 3419/4452/2880
f 3397/4444/2881 3396/4442/2881 3411/4451/2881 3412/4453/2881
f 3405/4424/2882 3404/4423/2882 3419/4452/2882 3420/4454/2882
f 3398/4431/2883 3397/4455/2883 3412/4456/2883 3413/4457/2883
f 3406/4428/2884 3405/4427/2884 3420/4458/2884 3421/4459/2884
f 3399/4432/2885 3398/4431/2885 3413/4457/2885 3414/4460/2885
f 3407/4433/2886 3406/4428/2886 3421/4459/2886 3422/4461/2886
f 3400/4435/2887 3399/4432/2887 3414/4460/2887 3415/4462/2887
f 3408/4436/2888 3407/4433/2888 3422/4461/2888 3423/4446/2888
f 3401/4437/2889 3400/4435/2889 3415/4462/2889 3416/4447/2889
f 3413/4457/2890 3412/4456/2890 3427/4463/2890 3428/4464/2890
f 3421/4459/2891 3420/4458/2891 3435/4465/2891 3436/4466/2891
f 3414/4460/2892 3413/4457/2892 3428/4464/2892 3429/4467/2892
f 3422/4461/2893 3421/4459/2893 3436/4466/2893 3437/4468/2893
f 3415/4462/2894 3414/4460/2894 3429/4467/2894 3430/4469/2894
f 3423/4446/2895 3422/4461/2895 3437/4468/2895 3438/4470/2895
f 3416/4447/2896 3415/4462/2896 3430/4469/2896 3431/4471/2896
f 3409/4445/2897 3161/4160/2897 3424/4472/2897
f 3168/4161/2898 3423/4446/2898 3438/4470/2898
f 3417/4448/2899 3416/4447/2899 3431/4471/2899 3432/4473/2899
f 3410/4449/2900 3409/4445/2900 3424/4472/2900 3425/4474/2900
f 3418/4450/2901 3417/4448/2901 3432/4473/2901 3433/4475/2901
f 3411/4451/2902 3410/4449/2902 3425/4474/2902 3426/4476/2902
f 3419/4452/2903 3418/4450/2903 3433/4475/2903 3434/4477/2903
f 3412/4453/2904 3411/4451/2904 3426/4476/2904 3427/4478/2904
f 3420/4454/2905 3419/4452/2905 3434/4477/2905 3435/4479/2905
f 3432/4473/2906 3431/4471/2906 3446/4480/2906 3447/4481/2906
f 3425/4474/2907 3424/4472/2907 3439/4482/2907 3440/4483/2907
f 3433/4475/2908 3432/4473/2908 3447/4481/2908 3448/4484/2908
f 3426/4476/2909 3425/4474/2909 3440/4483/2909 3441/4485/2909
f 3434/4477/2910 3433/4475/2910 3448/4484/2910 3449/4486/2910
f 3427/4478/2911 3426/4476/2911 3441/4485/2911 3442/4487/2911
f 3435/4479/2912 3434/4477/2912 3449/4486/2912 3450/4488/2912
f 3428/4464/2913 3427/4463/2913 3442/4489/2913 3443/4490/2913
f 3436/4491/2914 3435/4479/2914 3450/4488/2914 3451/4492/2914
f 3429/4467/2915 3428/4464/2915 3443/4490/2915 3444/4493/2915
f 3437/4468/2916 3436/4466/2916 3451/4494/2916 3452/4495/2916
f 3430/4469/2917 3429/4467/2917 3444/4493/2917 3445/4496/2917
f 3438/4470/2918 3437/4468/2918 3452/4495/2918 3453/4497/2918
f 3431/4471/2919 3430/4469/2919 3445/4496/2919 3446/4480/2919
f 3424/4472/2920 3161/4160/2920 3439/4482/2920
f 3168/4161/2921 3438/4470/2921 3453/4497/2921
f 3451/4492/2922 3450/4488/2922 3465/4498/2922 3466/4499/2922
f 3444/4493/2923 3443/4490/2923 3458/4500/2923 3459/4501/2923
f 3452/4495/2924 3451/4494/2924 3466/4502/2924 3467/4503/2924
f 3445/4496/2925 3444/4493/2925 3459/4501/2925 3460/4504/2925
f 3453/4497/2926 3452/4495/2926 3467/4503/2926 3468/4505/2926
f 3446/4480/2927 3445/4496/2927 3460/4504/2927 3461/4506/2927
f 3439/4482/2928 3161/4160/2928 3454/4507/2928
f 3168/4161/2929 3453/4497/2929 3468/4505/2929
f 3447/4481/2930 3446/4480/2930 3461/4506/2930 3462/4508/2930
f 3440/4483/2931 3439/4482/2931 3454/4507/2931 3455/4509/2931
f 3448/4484/2932 3447/4481/2932 3462/4508/2932 3463/4510/2932
f 3441/4485/2933 3440/4483/2933 3455/4509/2933 3456/4511/2933
f 3449/4486/2934 3448/4484/2934 3463/4510/2934 3464/4512/2934
f 3442/4487/2935 3441/4485/2935 3456/4511/2935 3457/4513/2935
f 3450/4488/2936 3449/4486/2936 3464/4512/2936 3465/4498/2936
f 3443/4490/2937 3442/4489/2937 3457/4514/2937 3458/4500/2937
f 3463/4510/2938 3462/4508/2938 3477/4515/2938 3478/4516/2938
f 3456/4511/2939 3455/4509/2939 3470/4517/2939 3471/4518/2939
f 3464/4512/2940 3463/4510/2940 3478/4516/2940 3479/4519/2940
f 3457/4513/2941 3456/4511/2941 3471/4518/2941 3472/4520/2941
f 3465/4498/2942 3464/4512/2942 3479/4519/2942 3480/4521/2942
f 3458/4522/2943 3457/4513/2943 3472/4520/2943 3473/4523/2943
f 3466/4499/2944 3465/4498/2944 3480/4521/2944 3481/4524/2944
f 3459/4501/2945 3458/4500/2945 3473/4525/2945 3474/4526/2945
f 3467/4503/2946 3466/4502/2946 3481/4527/2946 3482/4528/2946
f 3460/4504/2947 3459/4501/2947 3474/4526/2947 3475/4529/2947
f 3468/4505/2948 3467/4503/2948 3482/4528/2948 3483/4530/2948
f 3461/4506/2949 3460/4504/2949 3475/4529/2949 3476/4531/2949
f 3454/4507/2950 3161/4160/2950 3469/4532/2950
f 3168/4161/2951 3468/4505/2951 3483/4530/2951
f 3462/4508/2952 3461/4506/2952 3476/4531/2952 3477/4515/2952
f 3455/4509/2953 3454/4507/2953 3469/4532/2953 3470/4517/2953
f 3482/4528/2954 3481/4527/2954 3496/4533/2954 3497/4534/2954
f 3475/4529/2955 3474/4526/2955 3489/4535/2955 3490/4536/2955
f 3483/4530/2956 3482/4528/2956 3497/4534/2956 3498/4537/2956
f 3476/4531/2957 3475/4529/2957 3490/4536/2957 3491/4538/2957
f 3469/4532/2958 3161/4160/2958 3484/4539/2958
f 3168/4161/2959 3483/4530/2959 3498/4537/2959
f 3477/4515/2960 3476/4531/2960 3491/4538/2960 3492/4540/2960
f 3470/4517/2961 3469/4532/2961 3484/4539/2961 3485/4541/2961
f 3478/4516/2962 3477/4515/2962 3492/4540/2962 3493/4542/2962
f 3471/4518/2963 3470/4517/2963 3485/4541/2963 3486/4543/2963
f 3479/4519/2964 3478/4516/2964 3493/4542/2964 3494/4544/2964
f 3472/4520/2965 3471/4518/2965 3486/4543/2965 3487/4545/2965
f 3480/4521/2966 3479/4519/2966 3494/4544/2966 3495/4546/2966
f 3473/4523/2967 3472/4520/2967 3487/4545/2967 3488/4547/2967
f 3481/4527/2968 3480/4548/2968 3495/4549/2968 3496/4533/2968
f 3474/4526/2969 3473/4525/2969 3488/4550/2969 3489/4535/2969
f 3486/4543/2970 3485/4541/2970 3500/4551/2970 3501/4552/2970
f 3494/4553/2971 3493/4554/2971 3508/4555/2971 3509/4556/2971
f 3487/4545/2972 3486/4543/2972 3501/4552/2972 3502/4557/2972
f 3495/4558/2973 3494/4553/2973 3509/4556/2973 3510/4559/2973
f 3488/4547/2974 3487/4545/2974 3502/4557/2974 3503/4560/2974
f 3496/4561/2975 3495/4558/2975 3510/4559/2975 3511/4562/2975
f 3489/4563/2976 3488/4547/2976 3503/4560/2976 3504/4564/2976
f 3497/4534/2977 3496/4533/2977 3511/4565/2977 3512/4566/2977
f 3490/4536/2978 3489/4535/2978 3504/4567/2978 3505/4568/2978
f 3498/4537/2979 3497/4534/2979 3512/4566/2979 3513/4569/2979
f 3491/4538/2980 3490/4536/2980 3505/4568/2980 3506/4570/2980
f 3484/4539/2981 3161/4160/2981 3499/4571/2981
f 3168/4161/2982 3498/4537/2982 3513/4569/2982
f 3492/4540/2983 3491/4538/2983 3506/4570/2983 3507/4572/2983
f 3485/4541/2984 3484/4539/2984 3499/4571/2984 3500/4551/2984
f 3493/4554/2985 3492/4573/2985 3507/4574/2985 3508/4555/2985
f 3505/4575/2986 3504/4576/2986 3519/4577/2986 3520/4578/2986
f 3513/4569/2987 3512/4566/2987 3527/4579/2987 3528/4580/2987
f 3506/4581/2988 3505/4575/2988 3520/4578/2988 3521/4582/2988
f 3499/4571/2989 3161/4160/2989 3514/4583/2989
f 3168/4161/2990 3513/4569/2990 3528/4580/2990
f 3507/4574/2991 3506/4581/2991 3521/4582/2991 3522/4584/2991
f 3500/4551/2992 3499/4571/2992 3514/4583/2992 3515/4585/2992
f 3508/4555/2993 3507/4574/2993 3522/4584/2993 3523/4586/2993
f 3501/4552/2994 3500/4551/2994 3515/4585/2994 3516/4587/2994
f 3509/4556/2995 3508/4555/2995 3523/4586/2995 3524/4588/2995
f 3502/4557/2996 3501/4552/2996 3516/4587/2996 3517/4589/2996
f 3510/4559/2997 3509/4556/2997 3524/4588/2997 3525/4590/2997
f 3503/4560/2998 3502/4557/2998 3517/4589/2998 3518/4591/2998
f 3511/4562/2999 3510/4559/2999 3525/4590/2999 3526/4592/2999
f 3504/4564/3000 3503/4560/3000 3518/4591/3000 3519/4593/3000
f 3512/4566/3001 3511/4565/3001 3526/4594/3001 3527/4579/3001
f 3524/4588/3002 3523/4586/3002 3538/4595/3002 3539/4596/3002
f 3517/4589/3003 3516/4587/3003 3531/4597/3003 3532/4598/3003
f 3525/4590/3004 3524/4588/3004 3539/4596/3004 3540/4599/3004
f 3518/4591/3005 3517/4589/3005 3532/4598/3005 3533/4600/3005
f 3526/4592/3006 3525/4590/3006 3540/4599/3006 3541/4601/3006
f 3519/4593/3007 3518/4591/3007 3533/4600/3007 3534/4602/3007
f 3527/4579/3008 3526/4594/3008 3541/4603/3008 3542/4604/3008
f 3520/4578/3009 3519/4577/3009 3534/4605/3009 3535/4606/3009
f 3528/4580/3010 3527/4579/3010 3542/4604/3010 3543/4607/3010
f 3521/4582/3011 3520/4578/3011 3535/4606/3011 3536/4608/3011
f 3514/4583/3012 3161/4160/3012 3529/4609/3012
f 3168/4161/3013 3528/4580/3013 3543/4607/3013
f 3522/4584/3014 3521/4582/3014 3536/4608/3014 3537/4610/3014
f 3515/4585/3015 3514/4583/3015 3529/4609/3015 3530/4611/3015
f 3523/4586/3016 3522/4584/3016 3537/4610/3016 3538/4595/3016
f 3516/4587/3017 3515/4585/3017 3530/4611/3017 3531/4597/3017
f 3543/4607/3018 3542/4604/3018 3557/4612/3018 3558/4613/3018
f 3536/4608/3019 3535/4606/3019 3550/4614/3019 3551/4615/3019
f 3529/4609/3020 3161/4160/3020 3544/4616/3020
f 3168/4161/3021 3543/4607/3021 3558/4613/3021
f 3537/4610/3022 3536/4608/3022 3551/4615/3022 3552/4617/3022
f 3530/4611/3023 3529/4609/3023 3544/4616/3023 3545/4618/3023
f 3538/4595/3024 3537/4610/3024 3552/4617/3024 3553/4619/3024
f 3531/4597/3025 3530/4611/3025 3545/4618/3025 3546/4620/3025
f 3539/4596/3026 3538/4595/3026 3553/4619/3026 3554/4621/3026
f 3532/4598/3027 3531/4597/3027 3546/4620/3027 3547/4622/3027
f 3540/4599/3028 3539/4596/3028 3554/4621/3028 3555/4623/3028
f 3533/4600/3029 3532/4598/3029 3547/4622/3029 3548/4624/3029
f 3541/4601/3030 3540/4599/3030 3555/4623/3030 3556/4625/3030
f 3534/4602/3031 3533/4600/3031 3548/4624/3031 3549/4626/3031
f 3542/4604/3032 3541/4603/3032 3556/4627/3032 3557/4612/3032
f 3535/4606/3033 3534/4605/3033 3549/4628/3033 3550/4614/3033
f 3547/4622/3034 3546/4620/3034 3561/4629/3034 3562/4630/3034
f 3555/4623/3035 3554/4621/3035 3569/4631/3035 3570/4632/3035
f 3548/4624/3036 3547/4622/3036 3562/4630/3036 3563/4633/3036
f 3556/4625/3037 3555/4623/3037 3570/4632/3037 3571/4634/3037
f 3549/4628/3038 3548/4635/3038 3563/4636/3038 3564/4637/3038
f 3557/4638/3039 3556/4625/3039 3571/4634/3039 3572/4639/3039
f 3550/4614/3040 3549/4628/3040 3564/4637/3040 3565/4640/3040
f 3558/4613/3041 3557/4612/3041 3572/4641/3041 3573/4642/3041
f 3551/4615/3042 3550/4614/3042 3565/4640/3042 3566/4643/3042
f 3544/4616/3043 3161/4160/3043 3559/4644/3043
f 3168/4161/3044 3558/4613/3044 3573/4642/3044
f 3552/4617/3045 3551/4615/3045 3566/4643/3045 3567/4645/3045
f 3545/4618/3046 3544/4616/3046 3559/4644/3046 3560/4646/3046
f 3553/4619/3047 3552/4617/3047 3567/4645/3047 3568/4647/3047
f 3546/4620/3048 3545/4618/3048 3560/4646/3048 3561/4629/3048
f 3554/4621/3049 3553/4619/3049 3568/4647/3049 3569/4631/3049
f 3566/4643/3050 3565/4640/3050 3580/4648/3050 3581/4649/3050
f 3559/4644/3051 3161/4160/3051 3574/4650/3051
f 3168/4161/3052 3573/4642/3052 3588/4651/3052
f 3567/4645/3053 3566/4643/3053 3581/4649/3053 3582/4652/3053
f 3560/4646/3054 3559/4644/3054 3574/4650/3054 3575/4653/3054
f 3568/4647/3055 3567/4645/3055 3582/4652/3055 3583/4654/3055
f 3561/4629/3056 3560/4646/3056 3575/4653/3056 3576/4655/3056
f 3569/4631/3057 3568/4647/3057 3583/4654/3057 3584/4656/3057
f 3562/4630/3058 3561/4629/3058 3576/4655/3058 3577/4657/3058
f 3570/4632/3059 3569/4631/3059 3584/4656/3059 3585/4658/3059
f 3563/4633/3060 3562/4630/3060 3577/4657/3060 3578/4659/3060
f 3571/4634/3061 3570/4632/3061 3585/4658/3061 3586/4660/3061
f 3564/4637/3062 3563/4636/3062 3578/4661/3062 3579/4662/3062
f 3572/4641/3063 3571/4663/3063 3586/4664/3063 3587/4665/3063
f 3565/4640/3064 3564/4637/3064 3579/4662/3064 3580/4648/3064
f 3573/4642/3065 3572/4641/3065 3587/4665/3065 3588/4651/3065
f 3585/4658/3066 3584/4656/3066 3599/4666/3066 3600/4667/3066
f 3578/4659/3067 3577/4657/3067 3592/4668/3067 3593/4669/3067
f 3586/4660/3068 3585/4658/3068 3600/4667/3068 3601/4670/3068
f 3579/4671/3069 3578/4659/3069 3593/4669/3069 3594/4672/3069
f 3587/4665/3070 3586/4664/3070 3601/4673/3070 3602/4674/3070
f 3580/4648/3071 3579/4662/3071 3594/4675/3071 3595/4676/3071
f 3588/4651/3072 3587/4665/3072 3602/4674/3072 3603/4677/3072
f 3581/4649/3073 3580/4648/3073 3595/4676/3073 3596/4678/3073
f 3574/4650/3074 3161/4160/3074 3589/4679/3074
f 3168/4161/3075 3588/4651/3075 3603/4677/3075
f 3582/4652/3076 3581/4649/3076 3596/4678/3076 3597/4680/3076
f 3575/4653/3077 3574/4650/3077 3589/4679/3077 3590/4681/3077
f 3583/4654/3078 3582/4652/3078 3597/4680/3078 3598/4682/3078
f 3576/4655/3079 3575/4653/3079 3590/4681/3079 3591/4683/3079
f 3584/4656/3080 3583/4654/3080 3598/4682/3080 3599/4666/3080
f 3577/4657/3081 3576/4655/3081 3591/4683/3081 3592/4668/3081
f 3168/4161/3082 3603/4677/3082 3618/4684/3082
f 3597/4680/3083 3596/4678/3083 3611/4685/3083 3612/4686/3083
f 3590/4681/3084 3589/4679/3084 3604/4687/3084 3605/4688/3084
f 3598/4682/3085 3597/4680/3085 3612/4686/3085 3613/4689/3085
f 3591/4683/3086 3590/4681/3086 3605/4688/3086 3606/4690/3086
f 3599/4666/3087 3598/4682/3087 3613/4689/3087 3614/4691/3087
f 3592/4668/3088 3591/4683/3088 3606/4690/3088 3607/4692/3088
f 3600/4667/3089 3599/4666/3089 3614/4691/3089 3615/4693/3089
f 3593/4669/3090 3592/4668/3090 3607/4692/3090 3608/4694/3090
f 3601/4670/3091 3600/4667/3091 3615/4693/3091 3616/4695/3091
f 3594/4672/3092 3593/4669/3092 3608/4694/3092 3609/4696/3092
f 3602/4674/3093 3601/4673/3093 3616/4697/3093 3617/4698/3093
f 3595/4676/3094 3594/4675/3094 3609/4699/3094 3610/4700/3094
f 3603/4677/3095 3602/4674/3095 3617/4698/3095 3618/4684/3095
f 3596/4678/3096 3595/4676/3096 3610/4700/3096 3611/4685/3096
f 3589/4679/3097 3161/4160/3097 3604/4687/3097
f 3616/4695/3098 3615/4693/3098 3630/4701/3098 3631/4702/3098
f 3609/4703/3099 3608/4704/3099 3623/4705/3099 3624/4706/3099
f 3617/4698/3100 3616/4697/3100 3631/4707/3100 3632/4708/3100
f 3610/4709/3101 3609/4703/3101 3624/4706/3101 3625/4710/3101
f 3618/4684/3102 3617/4698/3102 3632/4708/3102 3633/4711/3102
f 3611/4712/3103 3610/4709/3103 3625/4710/3103 3626/4713/3103
f 3604/4687/3104 3161/4160/3104 3619/4714/3104
f 3168/4161/3105 3618/4684/3105 3633/4711/3105
f 3612/4686/3106 3611/4685/3106 3626/4715/3106 3627/4716/3106
f 3605/4688/3107 3604/4687/3107 3619/4714/3107 3620/4717/3107
f 3613/4689/3108 3612/4686/3108 3627/4716/3108 3628/4718/3108
f 3606/4690/3109 3605/4688/3109 3620/4717/3109 3621/4719/3109
f 3614/4691/3110 3613/4689/3110 3628/4718/3110 3629/4720/3110
f 3607/4692/3111 3606/4690/3111 3621/4719/3111 3622/4721/3111
f 3615/4693/3112 3614/4691/3112 3629/4720/3112 3630/4701/3112
f 3608/4694/3113 3607/4692/3113 3622/4721/3113 3623/4722/3113
f 3620/4717/3114 3619/4714/3114 3634/4131/3114 3635/4130/3114
f 3628/4723/3115 3627/4724/3115 3166/4126/3115 3638/4134/3115
f 3621/4719/3116 3620/4717/3116 3635/4130/3116 3162/4136/3116
f 3629/4725/3117 3628/4723/3117 3638/4134/3117 3167/4138/3117
f 3622/4721/3118 3621/4719/3118 3162/4136/3118 3636/4140/3118
f 3630/4701/3119 3629/4720/3119 3167/4726/3119 3639/4727/3119
f 3623/4705/3120 3622/4728/3120 3636/4145/3120 3163/4144/3120
f 3631/4707/3121 3630/4729/3121 3639/4149/3121 3640/4148/3121
f 3624/4706/3122 3623/4705/3122 3163/4144/3122 3637/4152/3122
f 3632/4708/3123 3631/4707/3123 3640/4148/3123 3641/4154/3123
f 3625/4710/3124 3624/4706/3124 3637/4152/3124 3164/4156/3124
f 3633/4711/3125 3632/4708/3125 3641/4154/3125 3642/4158/3125
f 3626/4713/3126 3625/4710/3126 3164/4156/3126 3165/4127/3126
f 3619/4714/3127 3161/4160/3127 3634/4131/3127
f 3168/4161/3128 3633/4711/3128 3642/4158/3128
f 3627/4724/3129 3626/4713/3129 3165/4127/3129 3166/4126/3129
f 3648/4126/3130 3659/4129/3130 3658/4128/3130 3647/4127/3130
f 4117/4130/3131 3652/4133/3131 3651/4132/3131 4116/4131/3131
f 4120/4134/3132 3660/4135/3132 3659/4129/3132 3648/4126/3132
f 3644/4136/3133 3653/4137/3133 3652/4133/3133 4117/4130/3133
f 3649/4138/3134 3661/4139/3134 3660/4135/3134 4120/4134/3134
f 4118/4140/3135 3654/4141/3135 3653/4137/3135 3644/4136/3135
f 4121/4142/3136 3662/4143/3136 3661/4139/3136 3649/4138/3136
f 3645/4144/3137 3655/4147/3137 3654/4146/3137 4118/4145/3137
f 4122/4148/3138 3663/4151/3138 3662/4150/3138 4121/4149/3138
f 4119/4152/3139 3656/4153/3139 3655/4147/3139 3645/4144/3139
f 4123/4154/3140 3664/4155/3140 3663/4151/3140 4122/4148/3140
f 3646/4156/3141 3657/4157/3141 3656/4153/3141 4119/4152/3141
f 4124/4158/3142 3665/4159/3142 3664/4155/3142 4123/4154/3142
f 3647/4127/3143 3658/4128/3143 3657/4157/3143 3646/4156/3143
f 4116/4131/3144 3651/4132/3144 3643/4160/3144
f 3650/4161/3145 3665/4159/3145 4124/4158/3145
f 3665/4159/3146 3680/4163/3146 3679/4162/3146 3664/4155/3146
f 3658/4128/3147 3673/4165/3147 3672/4164/3147 3657/4157/3147
f 3651/4132/3148 3666/4166/3148 3643/4160/3148
f 3650/4161/3149 3680/4163/3149 3665/4159/3149
f 3659/4129/3150 3674/4167/3150 3673/4165/3150 3658/4128/3150
f 3652/4133/3151 3667/4168/3151 3666/4166/3151 3651/4132/3151
f 3660/4135/3152 3675/4169/3152 3674/4167/3152 3659/4129/3152
f 3653/4137/3153 3668/4170/3153 3667/4168/3153 3652/4133/3153
f 3661/4139/3154 3676/4171/3154 3675/4169/3154 3660/4135/3154
f 3654/4141/3155 3669/4172/3155 3668/4170/3155 3653/4137/3155
f 3662/4143/3156 3677/4173/3156 3676/4171/3156 3661/4139/3156
f 3655/4147/3157 3670/4175/3157 3669/4174/3157 3654/4146/3157
f 3663/4151/3158 3678/4177/3158 3677/4176/3158 3662/4150/3158
f 3656/4153/3159 3671/4178/3159 3670/4175/3159 3655/4147/3159
f 3664/4155/3160 3679/4162/3160 3678/4177/3160 3663/4151/3160
f 3657/4157/3161 3672/4164/3161 3671/4178/3161 3656/4153/3161
f 3677/4173/3162 3692/4180/3162 3691/4179/3162 3676/4171/3162
f 3670/4175/3163 3685/4182/3163 3684/4181/3163 3669/4174/3163
f 3678/4177/3164 3693/4184/3164 3692/4183/3164 3677/4176/3164
f 3671/4178/3165 3686/4185/3165 3685/4182/3165 3670/4175/3165
f 3679/4162/3166 3694/4186/3166 3693/4184/3166 3678/4177/3166
f 3672/4164/3167 3687/4187/3167 3686/4185/3167 3671/4178/3167
f 3680/4163/3168 3695/4188/3168 3694/4186/3168 3679/4162/3168
f 3673/4165/3169 3688/4189/3169 3687/4187/3169 3672/4164/3169
f 3666/4166/3170 3681/4190/3170 3643/4160/3170
f 3650/4161/3171 3695/4188/3171 3680/4163/3171
f 3674/4167/3172 3689/4191/3172 3688/4189/3172 3673/4165/3172
f 3667/4168/3173 3682/4192/3173 3681/4190/3173 3666/4166/3173
f 3675/4169/3174 3690/4193/3174 3689/4191/3174 3674/4167/3174
f 3668/4170/3175 3683/4194/3175 3682/4192/3175 3667/4168/3175
f 3676/4171/3176 3691/4179/3176 3690/4193/3176 3675/4169/3176
f 3669/4174/3177 3684/4181/3177 3683/4196/3177 3668/4195/3177
f 3681/4190/3178 3696/4197/3178 3643/4160/3178
f 3650/4161/3179 3710/4198/3179 3695/4188/3179
f 3689/4191/3180 3704/4200/3180 3703/4199/3180 3688/4189/3180
f 3682/4192/3181 3697/4201/3181 3696/4197/3181 3681/4190/3181
f 3690/4193/3182 3705/4202/3182 3704/4200/3182 3689/4191/3182
f 3683/4194/3183 3698/4203/3183 3697/4201/3183 3682/4192/3183
f 3691/4179/3184 3706/4204/3184 3705/4202/3184 3690/4193/3184
f 3684/4181/3185 3699/4206/3185 3698/4205/3185 3683/4196/3185
f 3692/4180/3186 3707/4207/3186 3706/4204/3186 3691/4179/3186
f 3685/4182/3187 3700/4208/3187 3699/4206/3187 3684/4181/3187
f 3693/4184/3188 3708/4210/3188 3707/4209/3188 3692/4183/3188
f 3686/4185/3189 3701/4211/3189 3700/4208/3189 3685/4182/3189
f 3694/4186/3190 3709/4212/3190 3708/4210/3190 3693/4184/3190
f 3687/4187/3191 3702/4213/3191 3701/4211/3191 3686/4185/3191
f 3695/4188/3192 3710/4198/3192 3709/4212/3192 3694/4186/3192
f 3688/4189/3193 3703/4199/3193 3702/4213/3193 3687/4187/3193
f 3700/4208/3194 3715/4215/3194 3714/4214/3194 3699/4206/3194
f 3708/4210/3195 3723/4217/3195 3722/4216/3195 3707/4209/3195
f 3701/4211/3196 3716/4218/3196 3715/4215/3196 3700/4208/3196
f 3709/4212/3197 3724/4219/3197 3723/4217/3197 3708/4210/3197
f 3702/4213/3198 3717/4220/3198 3716/4218/3198 3701/4211/3198
f 3710/4198/3199 3725/4221/3199 3724/4219/3199 3709/4212/3199
f 3703/4199/3200 3718/4222/3200 3717/4220/3200 3702/4213/3200
f 3696/4197/3201 3711/4223/3201 3643/4160/3201
f 3650/4161/3202 3725/4221/3202 3710/4198/3202
f 3704/4200/3203 3719/4224/3203 3718/4222/3203 3703/4199/3203
f 3697/4201/3204 3712/4225/3204 3711/4223/3204 3696/4197/3204
f 3705/4202/3205 3720/4226/3205 3719/4224/3205 3704/4200/3205
f 3698/4203/3206 3713/4227/3206 3712/4225/3206 3697/4201/3206
f 3706/4204/3207 3721/4228/3207 3720/4226/3207 3705/4202/3207
f 3699/4206/3208 3714/4214/3208 3713/4229/3208 3698/4205/3208
f 3707/4209/3209 3722/4216/3209 3721/4231/3209 3706/4230/3209
f 3719/4224/3210 3734/4233/3210 3733/4232/3210 3718/4222/3210
f 3712/4225/3211 3727/4235/3211 3726/4234/3211 3711/4223/3211
f 3720/4226/3212 3735/4236/3212 3734/4233/3212 3719/4224/3212
f 3713/4227/3213 3728/4237/3213 3727/4235/3213 3712/4225/3213
f 3721/4228/3214 3736/4238/3214 3735/4236/3214 3720/4226/3214
f 3714/4239/3215 3729/4240/3215 3728/4237/3215 3713/4227/3215
f 3722/4216/3216 3737/4242/3216 3736/4241/3216 3721/4231/3216
f 3715/4215/3217 3730/4244/3217 3729/4243/3217 3714/4214/3217
f 3723/4217/3218 3738/4245/3218 3737/4242/3218 3722/4216/3218
f 3716/4218/3219 3731/4246/3219 3730/4244/3219 3715/4215/3219
f 3724/4219/3220 3739/4247/3220 3738/4245/3220 3723/4217/3220
f 3717/4220/3221 3732/4248/3221 3731/4246/3221 3716/4218/3221
f 3725/4221/3222 3740/4249/3222 3739/4247/3222 3724/4219/3222
f 3718/4222/3223 3733/4232/3223 3732/4248/3223 3717/4220/3223
f 3711/4223/3224 3726/4234/3224 3643/4160/3224
f 3650/4161/3225 3740/4249/3225 3725/4221/3225
f 3738/4245/3226 3753/4251/3226 3752/4250/3226 3737/4242/3226
f 3731/4252/3227 3746/4255/3227 3745/4254/3227 3730/4253/3227
f 3739/4247/3228 3754/4256/3228 3753/4251/3228 3738/4245/3228
f 3732/4257/3229 3747/4258/3229 3746/4255/3229 3731/4252/3229
f 3740/4249/3230 3755/4259/3230 3754/4256/3230 3739/4247/3230
f 3733/4232/3231 3748/4261/3231 3747/4260/3231 3732/4248/3231
f 3726/4234/3232 3741/4262/3232 3643/4160/3232
f 3650/4161/3233 3755/4259/3233 3740/4249/3233
f 3734/4233/3234 3749/4263/3234 3748/4261/3234 3733/4232/3234
f 3727/4235/3235 3742/4264/3235 3741/4262/3235 3726/4234/3235
f 3735/4236/3236 3750/4265/3236 3749/4263/3236 3734/4233/3236
f 3728/4237/3237 3743/4266/3237 3742/4264/3237 3727/4235/3237
f 3736/4241/3238 3751/4269/3238 3750/4268/3238 3735/4267/3238
f 3729/4270/3239 3744/4273/3239 3743/4272/3239 3728/4271/3239
f 3737/4242/3240 3752/4250/3240 3751/4269/3240 3736/4241/3240
f 3730/4253/3241 3745/4254/3241 3744/4273/3241 3729/4270/3241
f 3742/4264/3242 3757/4275/3242 3756/4274/3242 3741/4262/3242
f 3750/4276/3243 3765/4279/3243 3764/4278/3243 3749/4277/3243
f 3743/4266/3244 3758/4280/3244 3757/4275/3244 3742/4264/3244
f 3751/4269/3245 3766/4282/3245 3765/4281/3245 3750/4268/3245
f 3744/4273/3246 3759/4284/3246 3758/4283/3246 3743/4272/3246
f 3752/4250/3247 3767/4285/3247 3766/4282/3247 3751/4269/3247
f 3745/4254/3248 3760/4286/3248 3759/4284/3248 3744/4273/3248
f 3753/4251/3249 3768/4287/3249 3767/4285/3249 3752/4250/3249
f 3746/4255/3250 3761/4288/3250 3760/4286/3250 3745/4254/3250
f 3754/4256/3251 3769/4289/3251 3768/4287/3251 3753/4251/3251
f 3747/4258/3252 3762/4290/3252 3761/4288/3252 3746/4255/3252
f 3755/4259/3253 3770/4291/3253 3769/4289/3253 3754/4256/3253
f 3748/4292/3254 3763/4293/3254 3762/4290/3254 3747/4258/3254
f 3741/4262/3255 3756/4274/3255 3643/4160/3255
f 3650/4161/3256 3770/4291/3256 3755/4259/3256
f 3749/4277/3257 3764/4278/3257 3763/4293/3257 3748/4292/3257
f 3761/4288/3258 3776/4295/3258 3775/4294/3258 3760/4286/3258
f 3769/4289/3259 3784/4297/3259 3783/4296/3259 3768/4287/3259
f 3762/4290/3260 3777/4298/3260 3776/4295/3260 3761/4288/3260
f 3770/4291/3261 3785/4299/3261 3784/4297/3261 3769/4289/3261
f 3763/4293/3262 3778/4300/3262 3777/4298/3262 3762/4290/3262
f 3756/4274/3263 3771/4301/3263 3643/4160/3263
f 3650/4161/3264 3785/4299/3264 3770/4291/3264
f 3764/4278/3265 3779/4302/3265 3778/4300/3265 3763/4293/3265
f 3757/4275/3266 3772/4303/3266 3771/4301/3266 3756/4274/3266
f 3765/4279/3267 3780/4304/3267 3779/4302/3267 3764/4278/3267
f 3758/4280/3268 3773/4305/3268 3772/4303/3268 3757/4275/3268
f 3766/4282/3269 3781/4307/3269 3780/4306/3269 3765/4281/3269
f 3759/4284/3270 3774/4309/3270 3773/4308/3270 3758/4283/3270
f 3767/4285/3271 3782/4310/3271 3781/4307/3271 3766/4282/3271
f 3760/4286/3272 3775/4294/3272 3774/4309/3272 3759/4284/3272
f 3768/4287/3273 3783/4296/3273 3782/4310/3273 3767/4285/3273
f 3780/4304/3274 3795/4312/3274 3794/4311/3274 3779/4302/3274
f 3773/4305/3275 3788/4314/3275 3787/4313/3275 3772/4303/3275
f 3781/4307/3276 3796/4316/3276 3795/4315/3276 3780/4306/3276
f 3774/4309/3277 3789/4318/3277 3788/4317/3277 3773/4308/3277
f 3782/4310/3278 3797/4319/3278 3796/4316/3278 3781/4307/3278
f 3775/4294/3279 3790/4320/3279 3789/4318/3279 3774/4309/3279
f 3783/4296/3280 3798/4321/3280 3797/4319/3280 3782/4310/3280
f 3776/4295/3281 3791/4322/3281 3790/4320/3281 3775/4294/3281
f 3784/4297/3282 3799/4323/3282 3798/4321/3282 3783/4296/3282
f 3777/4298/3283 3792/4324/3283 3791/4322/3283 3776/4295/3283
f 3785/4299/3284 3800/4325/3284 3799/4323/3284 3784/4297/3284
f 3778/4300/3285 3793/4326/3285 3792/4324/3285 3777/4298/3285
f 3771/4301/3286 3786/4327/3286 3643/4160/3286
f 3650/4161/3287 3800/4325/3287 3785/4299/3287
f 3779/4302/3288 3794/4311/3288 3793/4326/3288 3778/4300/3288
f 3772/4303/3289 3787/4313/3289 3786/4327/3289 3771/4301/3289
f 3799/4323/3290 3814/4329/3290 3813/4328/3290 3798/4321/3290
f 3792/4324/3291 3807/4331/3291 3806/4330/3291 3791/4322/3291
f 3800/4325/3292 3815/4332/3292 3814/4329/3292 3799/4323/3292
f 3793/4326/3293 3808/4333/3293 3807/4331/3293 3792/4324/3293
f 3786/4327/3294 3801/4334/3294 3643/4160/3294
f 3650/4161/3295 3815/4332/3295 3800/4325/3295
f 3794/4311/3296 3809/4335/3296 3808/4333/3296 3793/4326/3296
f 3787/4313/3297 3802/4336/3297 3801/4334/3297 3786/4327/3297
f 3795/4312/3298 3810/4337/3298 3809/4335/3298 3794/4311/3298
f 3788/4317/3299 3803/4340/3299 3802/4339/3299 3787/4338/3299
f 3796/4341/3300 3811/4342/3300 3810/4337/3300 3795/4312/3300
f 3789/4318/3301 3804/4343/3301 3803/4340/3301 3788/4317/3301
f 3797/4319/3302 3812/4345/3302 3811/4344/3302 3796/4316/3302
f 3790/4320/3303 3805/4346/3303 3804/4343/3303 3789/4318/3303
f 3798/4321/3304 3813/4328/3304 3812/4345/3304 3797/4319/3304
f 3791/4322/3305 3806/4330/3305 3805/4346/3305 3790/4320/3305
f 3811/4342/3306 3826/4348/3306 3825/4347/3306 3810/4337/3306
f 3804/4343/3307 3819/4350/3307 3818/4349/3307 3803/4340/3307
f 3812/4345/3308 3827/4352/3308 3826/4351/3308 3811/4344/3308
f 3805/4346/3309 3820/4353/3309 3819/4350/3309 3804/4343/3309
f 3813/4328/3310 3828/4354/3310 3827/4352/3310 3812/4345/3310
f 3806/4330/3311 3821/4355/3311 3820/4353/3311 3805/4346/3311
f 3814/4329/3312 3829/4356/3312 3828/4354/3312 3813/4328/3312
f 3807/4331/3313 3822/4357/3313 3821/4355/3313 3806/4330/3313
f 3815/4332/3314 3830/4358/3314 3829/4356/3314 3814/4329/3314
f 3808/4333/3315 3823/4359/3315 3822/4357/3315 3807/4331/3315
f 3801/4334/3316 3816/4360/3316 3643/4160/3316
f 3650/4161/3317 3830/4358/3317 3815/4332/3317
f 3809/4335/3318 3824/4361/3318 3823/4359/3318 3808/4333/3318
f 3802/4336/3319 3817/4362/3319 3816/4360/3319 3801/4334/3319
f 3810/4337/3320 3825/4347/3320 3824/4361/3320 3809/4335/3320
f 3803/4363/3321 3818/4364/3321 3817/4362/3321 3802/4336/3321
f 3830/4358/3322 3845/4366/3322 3844/4365/3322 3829/4356/3322
f 3823/4359/3323 3838/4368/3323 3837/4367/3323 3822/4357/3323
f 3816/4360/3324 3831/4369/3324 3643/4160/3324
f 3650/4161/3325 3845/4366/3325 3830/4358/3325
f 3824/4361/3326 3839/4370/3326 3838/4368/3326 3823/4359/3326
f 3817/4362/3327 3832/4371/3327 3831/4369/3327 3816/4360/3327
f 3825/4347/3328 3840/4372/3328 3839/4370/3328 3824/4361/3328
f 3818/4364/3329 3833/4373/3329 3832/4371/3329 3817/4362/3329
f 3826/4351/3330 3841/4376/3330 3840/4375/3330 3825/4374/3330
f 3819/4350/3331 3834/4378/3331 3833/4377/3331 3818/4349/3331
f 3827/4352/3332 3842/4379/3332 3841/4376/3332 3826/4351/3332
f 3820/4353/3333 3835/4380/3333 3834/4378/3333 3819/4350/3333
f 3828/4354/3334 3843/4381/3334 3842/4379/3334 3827/4352/3334
f 3821/4355/3335 3836/4382/3335 3835/4380/3335 3820/4353/3335
f 3829/4356/3336 3844/4365/3336 3843/4381/3336 3828/4354/3336
f 3822/4357/3337 3837/4367/3337 3836/4382/3337 3821/4355/3337
f 3834/4378/3338 3849/4384/3338 3848/4383/3338 3833/4377/3338
f 3842/4379/3339 3857/4386/3339 3856/4385/3339 3841/4376/3339
f 3835/4380/3340 3850/4387/3340 3849/4384/3340 3834/4378/3340
f 3843/4381/3341 3858/4388/3341 3857/4386/3341 3842/4379/3341
f 3836/4382/3342 3851/4389/3342 3850/4387/3342 3835/4380/3342
f 3844/4365/3343 3859/4390/3343 3858/4388/3343 3843/4381/3343
f 3837/4367/3344 3852/4391/3344 3851/4389/3344 3836/4382/3344
f 3845/4366/3345 3860/4392/3345 3859/4390/3345 3844/4365/3345
f 3838/4368/3346 3853/4393/3346 3852/4391/3346 3837/4367/3346
f 3831/4369/3347 3846/4394/3347 3643/4160/3347
f 3650/4161/3348 3860/4392/3348 3845/4366/3348
f 3839/4370/3349 3854/4395/3349 3853/4393/3349 3838/4368/3349
f 3832/4371/3350 3847/4396/3350 3846/4394/3350 3831/4369/3350
f 3840/4372/3351 3855/4397/3351 3854/4395/3351 3839/4370/3351
f 3833/4373/3352 3848/4398/3352 3847/4396/3352 3832/4371/3352
f 3841/4376/3353 3856/4385/3353 3855/4399/3353 3840/4375/3353
f 3853/4393/3354 3868/4401/3354 3867/4400/3354 3852/4391/3354
f 3846/4394/3355 3861/4402/3355 3643/4160/3355
f 3650/4161/3356 3875/4403/3356 3860/4392/3356
f 3854/4404/3357 3869/4407/3357 3868/4406/3357 3853/4405/3357
f 3847/4396/3358 3862/4408/3358 3861/4402/3358 3846/4394/3358
f 3855/4409/3359 3870/4410/3359 3869/4407/3359 3854/4404/3359
f 3848/4398/3360 3863/4411/3360 3862/4408/3360 3847/4396/3360
f 3856/4412/3361 3871/4413/3361 3870/4410/3361 3855/4409/3361
f 3849/4384/3362 3864/4415/3362 3863/4414/3362 3848/4383/3362
f 3857/4386/3363 3872/4417/3363 3871/4416/3363 3856/4385/3363
f 3850/4387/3364 3865/4418/3364 3864/4415/3364 3849/4384/3364
f 3858/4388/3365 3873/4419/3365 3872/4417/3365 3857/4386/3365
f 3851/4389/3366 3866/4420/3366 3865/4418/3366 3850/4387/3366
f 3859/4390/3367 3874/4421/3367 3873/4419/3367 3858/4388/3367
f 3852/4391/3368 3867/4400/3368 3866/4420/3368 3851/4389/3368
f 3860/4392/3369 3875/4403/3369 3874/4421/3369 3859/4390/3369
f 3872/4422/3370 3887/4424/3370 3886/4423/3370 3871/4413/3370
f 3865/4418/3371 3880/4426/3371 3879/4425/3371 3864/4415/3371
f 3873/4419/3372 3888/4428/3372 3887/4427/3372 3872/4417/3372
f 3866/4429/3373 3881/4432/3373 3880/4431/3373 3865/4430/3373
f 3874/4421/3374 3889/4433/3374 3888/4428/3374 3873/4419/3374
f 3867/4434/3375 3882/4435/3375 3881/4432/3375 3866/4429/3375
f 3875/4403/3376 3890/4436/3376 3889/4433/3376 3874/4421/3376
f 3868/4406/3377 3883/4437/3377 3882/4435/3377 3867/4434/3377
f 3861/4402/3378 3876/4438/3378 3643/4160/3378
f 3650/4161/3379 3890/4436/3379 3875/4403/3379
f 3869/4407/3380 3884/4439/3380 3883/4437/3380 3868/4406/3380
f 3862/4408/3381 3877/4440/3381 3876/4438/3381 3861/4402/3381
f 3870/4410/3382 3885/4441/3382 3884/4439/3382 3869/4407/3382
f 3863/4411/3383 3878/4442/3383 3877/4440/3383 3862/4408/3383
f 3871/4413/3384 3886/4423/3384 3885/4441/3384 3870/4410/3384
f 3864/4443/3385 3879/4444/3385 3878/4442/3385 3863/4411/3385
f 3876/4438/3386 3891/4445/3386 3643/4160/3386
f 3650/4161/3387 3905/4446/3387 3890/4436/3387
f 3884/4439/3388 3899/4448/3388 3898/4447/3388 3883/4437/3388
f 3877/4440/3389 3892/4449/3389 3891/4445/3389 3876/4438/3389
f 3885/4441/3390 3900/4450/3390 3899/4448/3390 3884/4439/3390
f 3878/4442/3391 3893/4451/3391 3892/4449/3391 3877/4440/3391
f 3886/4423/3392 3901/4452/3392 3900/4450/3392 3885/4441/3392
f 3879/4444/3393 3894/4453/3393 3893/4451/3393 3878/4442/3393
f 3887/4424/3394 3902/4454/3394 3901/4452/3394 3886/4423/3394
f 3880/4431/3395 3895/4457/3395 3894/4456/3395 3879/4455/3395
f 3888/4428/3396 3903/4459/3396 3902/4458/3396 3887/4427/3396
f 3881/4432/3397 3896/4460/3397 3895/4457/3397 3880/4431/3397
f 3889/4433/3398 3904/4461/3398 3903/4459/3398 3888/4428/3398
f 3882/4435/3399 3897/4462/3399 3896/4460/3399 3881/4432/3399
f 3890/4436/3400 3905/4446/3400 3904/4461/3400 3889/4433/3400
f 3883/4437/3401 3898/4447/3401 3897/4462/3401 3882/4435/3401
f 3895/4457/3402 3910/4464/3402 3909/4463/3402 3894/4456/3402
f 3903/4459/3403 3918/4466/3403 3917/4465/3403 3902/4458/3403
f 3896/4460/3404 3911/4467/3404 3910/4464/3404 3895/4457/3404
f 3904/4461/3405 3919/4468/3405 3918/4466/3405 3903/4459/3405
f 3897/4462/3406 3912/4469/3406 3911/4467/3406 3896/4460/3406
f 3905/4446/3407 3920/4470/3407 3919/4468/3407 3904/4461/3407
f 3898/4447/3408 3913/4471/3408 3912/4469/3408 3897/4462/3408
f 3891/4445/3409 3906/4472/3409 3643/4160/3409
f 3650/4161/3410 3920/4470/3410 3905/4446/3410
f 3899/4448/3411 3914/4473/3411 3913/4471/3411 3898/4447/3411
f 3892/4449/3412 3907/4474/3412 3906/4472/3412 3891/4445/3412
f 3900/4450/3413 3915/4475/3413 3914/4473/3413 3899/4448/3413
f 3893/4451/3414 3908/4476/3414 3907/4474/3414 3892/4449/3414
f 3901/4452/3415 3916/4477/3415 3915/4475/3415 3900/4450/3415
f 3894/4453/3416 3909/4478/3416 3908/4476/3416 3893/4451/3416
f 3902/4454/3417 3917/4479/3417 3916/4477/3417 3901/4452/3417
f 3914/4473/3418 3929/4481/3418 3928/4480/3418 3913/4471/3418
f 3907/4474/3419 3922/4483/3419 3921/4482/3419 3906/4472/3419
f 3915/4475/3420 3930/4484/3420 3929/4481/3420 3914/4473/3420
f 3908/4476/3421 3923/4485/3421 3922/4483/3421 3907/4474/3421
f 3916/4477/3422 3931/4486/3422 3930/4484/3422 3915/4475/3422
f 3909/4478/3423 3924/4487/3423 3923/4485/3423 3908/4476/3423
f 3917/4479/3424 3932/4488/3424 3931/4486/3424 3916/4477/3424
f 3910/4464/3425 3925/4490/3425 3924/4489/3425 3909/4463/3425
f 3918/4491/3426 3933/4492/3426 3932/4488/3426 3917/4479/3426
f 3911/4467/3427 3926/4493/3427 3925/4490/3427 3910/4464/3427
f 3919/4468/3428 3934/4495/3428 3933/4494/3428 3918/4466/3428
f 3912/4469/3429 3927/4496/3429 3926/4493/3429 3911/4467/3429
f 3920/4470/3430 3935/4497/3430 3934/4495/3430 3919/4468/3430
f 3913/4471/3431 3928/4480/3431 3927/4496/3431 3912/4469/3431
f 3906/4472/3432 3921/4482/3432 3643/4160/3432
f 3650/4161/3433 3935/4497/3433 3920/4470/3433
f 3933/4492/3434 3948/4499/3434 3947/4498/3434 3932/4488/3434
f 3926/4493/3435 3941/4501/3435 3940/4500/3435 3925/4490/3435
f 3934/4495/3436 3949/4503/3436 3948/4502/3436 3933/4494/3436
f 3927/4496/3437 3942/4504/3437 3941/4501/3437 3926/4493/3437
f 3935/4497/3438 3950/4505/3438 3949/4503/3438 3934/4495/3438
f 3928/4480/3439 3943/4506/3439 3942/4504/3439 3927/4496/3439
f 3921/4482/3440 3936/4507/3440 3643/4160/3440
f 3650/4161/3441 3950/4505/3441 3935/4497/3441
f 3929/4481/3442 3944/4508/3442 3943/4506/3442 3928/4480/3442
f 3922/4483/3443 3937/4509/3443 3936/4507/3443 3921/4482/3443
f 3930/4484/3444 3945/4510/3444 3944/4508/3444 3929/4481/3444
f 3923/4485/3445 3938/4511/3445 3937/4509/3445 3922/4483/3445
f 3931/4486/3446 3946/4512/3446 3945/4510/3446 3930/4484/3446
f 3924/4487/3447 3939/4513/3447 3938/4511/3447 3923/4485/3447
f 3932/4488/3448 3947/4498/3448 3946/4512/3448 3931/4486/3448
f 3925/4490/3449 3940/4500/3449 3939/4514/3449 3924/4489/3449
f 3945/4510/3450 3960/4516/3450 3959/4515/3450 3944/4508/3450
f 3938/4511/3451 3953/4518/3451 3952/4517/3451 3937/4509/3451
f 3946/4512/3452 3961/4519/3452 3960/4516/3452 3945/4510/3452
f 3939/4513/3453 3954/4520/3453 3953/4518/3453 3938/4511/3453
f 3947/4498/3454 3962/4521/3454 3961/4519/3454 3946/4512/3454
f 3940/4522/3455 3955/4523/3455 3954/4520/3455 3939/4513/3455
f 3948/4499/3456 3963/4524/3456 3962/4521/3456 3947/4498/3456
f 3941/4501/3457 3956/4526/3457 3955/4525/3457 3940/4500/3457
f 3949/4503/3458 3964/4528/3458 3963/4527/3458 3948/4502/3458
f 3942/4504/3459 3957/4529/3459 3956/4526/3459 3941/4501/3459
f 3950/4505/3460 3965/4530/3460 3964/4528/3460 3949/4503/3460
f 3943/4506/3461 3958/4531/3461 3957/4529/3461 3942/4504/3461
f 3936/4507/3462 3951/4532/3462 3643/4160/3462
f 3650/4161/3463 3965/4530/3463 3950/4505/3463
f 3944/4508/3464 3959/4515/3464 3958/4531/3464 3943/4506/3464
f 3937/4509/3465 3952/4517/3465 3951/4532/3465 3936/4507/3465
f 3964/4528/3466 3979/4534/3466 3978/4533/3466 3963/4527/3466
f 3957/4529/3467 3972/4536/3467 3971/4535/3467 3956/4526/3467
f 3965/4530/3468 3980/4537/3468 3979/4534/3468 3964/4528/3468
f 3958/4531/3469 3973/4538/3469 3972/4536/3469 3957/4529/3469
f 3951/4532/3470 3966/4539/3470 3643/4160/3470
f 3650/4161/3471 3980/4537/3471 3965/4530/3471
f 3959/4515/3472 3974/4540/3472 3973/4538/3472 3958/4531/3472
f 3952/4517/3473 3967/4541/3473 3966/4539/3473 3951/4532/3473
f 3960/4516/3474 3975/4542/3474 3974/4540/3474 3959/4515/3474
f 3953/4518/3475 3968/4543/3475 3967/4541/3475 3952/4517/3475
f 3961/4519/3476 3976/4544/3476 3975/4542/3476 3960/4516/3476
f 3954/4520/3477 3969/4545/3477 3968/4543/3477 3953/4518/3477
f 3962/4521/3478 3977/4546/3478 3976/4544/3478 3961/4519/3478
f 3955/4523/3479 3970/4547/3479 3969/4545/3479 3954/4520/3479
f 3963/4527/3480 3978/4533/3480 3977/4549/3480 3962/4548/3480
f 3956/4526/3481 3971/4535/3481 3970/4550/3481 3955/4525/3481
f 3968/4543/3482 3983/4552/3482 3982/4551/3482 3967/4541/3482
f 3976/4553/3483 3991/4556/3483 3990/4555/3483 3975/4554/3483
f 3969/4545/3484 3984/4557/3484 3983/4552/3484 3968/4543/3484
f 3977/4558/3485 3992/4559/3485 3991/4556/3485 3976/4553/3485
f 3970/4547/3486 3985/4560/3486 3984/4557/3486 3969/4545/3486
f 3978/4561/3487 3993/4562/3487 3992/4559/3487 3977/4558/3487
f 3971/4563/3488 3986/4564/3488 3985/4560/3488 3970/4547/3488
f 3979/4534/3489 3994/4566/3489 3993/4565/3489 3978/4533/3489
f 3972/4536/3490 3987/4568/3490 3986/4567/3490 3971/4535/3490
f 3980/4537/3491 3995/4569/3491 3994/4566/3491 3979/4534/3491
f 3973/4538/3492 3988/4570/3492 3987/4568/3492 3972/4536/3492
f 3966/4539/3493 3981/4571/3493 3643/4160/3493
f 3650/4161/3494 3995/4569/3494 3980/4537/3494
f 3974/4540/3495 3989/4572/3495 3988/4570/3495 3973/4538/3495
f 3967/4541/3496 3982/4551/3496 3981/4571/3496 3966/4539/3496
f 3975/4554/3497 3990/4555/3497 3989/4574/3497 3974/4573/3497
f 3987/4575/3498 4002/4578/3498 4001/4577/3498 3986/4576/3498
f 3995/4569/3499 4010/4580/3499 4009/4579/3499 3994/4566/3499
f 3988/4581/3500 4003/4582/3500 4002/4578/3500 3987/4575/3500
f 3981/4571/3501 3996/4583/3501 3643/4160/3501
f 3650/4161/3502 4010/4580/3502 3995/4569/3502
f 3989/4574/3503 4004/4584/3503 4003/4582/3503 3988/4581/3503
f 3982/4551/3504 3997/4585/3504 3996/4583/3504 3981/4571/3504
f 3990/4555/3505 4005/4586/3505 4004/4584/3505 3989/4574/3505
f 3983/4552/3506 3998/4587/3506 3997/4585/3506 3982/4551/3506
f 3991/4556/3507 4006/4588/3507 4005/4586/3507 3990/4555/3507
f 3984/4557/3508 3999/4589/3508 3998/4587/3508 3983/4552/3508
f 3992/4559/3509 4007/4590/3509 4006/4588/3509 3991/4556/3509
f 3985/4560/3510 4000/4591/3510 3999/4589/3510 3984/4557/3510
f 3993/4562/3511 4008/4592/3511 4007/4590/3511 3992/4559/3511
f 3986/4564/3512 4001/4593/3512 4000/4591/3512 3985/4560/3512
f 3994/4566/3513 4009/4579/3513 4008/4594/3513 3993/4565/3513
f 4006/4588/3514 4021/4596/3514 4020/4595/3514 4005/4586/3514
f 3999/4589/3515 4014/4598/3515 4013/4597/3515 3998/4587/3515
f 4007/4590/3516 4022/4599/3516 4021/4596/3516 4006/4588/3516
f 4000/4591/3517 4015/4600/3517 4014/4598/3517 3999/4589/3517
f 4008/4592/3518 4023/4601/3518 4022/4599/3518 4007/4590/3518
f 4001/4593/3519 4016/4602/3519 4015/4600/3519 4000/4591/3519
f 4009/4579/3520 4024/4604/3520 4023/4603/3520 4008/4594/3520
f 4002/4578/3521 4017/4606/3521 4016/4605/3521 4001/4577/3521
f 4010/4580/3522 4025/4607/3522 4024/4604/3522 4009/4579/3522
f 4003/4582/3523 4018/4608/3523 4017/4606/3523 4002/4578/3523
f 3996/4583/3524 4011/4609/3524 3643/4160/3524
f 3650/4161/3525 4025/4607/3525 4010/4580/3525
f 4004/4584/3526 4019/4610/3526 4018/4608/3526 4003/4582/3526
f 3997/4585/3527 4012/4611/3527 4011/4609/3527 3996/4583/3527
f 4005/4586/3528 4020/4595/3528 4019/4610/3528 4004/4584/3528
f 3998/4587/3529 4013/4597/3529 4012/4611/3529 3997/4585/3529
f 4025/4607/3530 4040/4613/3530 4039/4612/3530 4024/4604/3530
f 4018/4608/3531 4033/4615/3531 4032/4614/3531 4017/4606/3531
f 4011/4609/3532 4026/4616/3532 3643/4160/3532
f 3650/4161/3533 4040/4613/3533 4025/4607/3533
f 4019/4610/3534 4034/4617/3534 4033/4615/3534 4018/4608/3534
f 4012/4611/3535 4027/4618/3535 4026/4616/3535 4011/4609/3535
f 4020/4595/3536 4035/4619/3536 4034/4617/3536 4019/4610/3536
f 4013/4597/3537 4028/4620/3537 4027/4618/3537 4012/4611/3537
f 4021/4596/3538 4036/4621/3538 4035/4619/3538 4020/4595/3538
f 4014/4598/3539 4029/4622/3539 4028/4620/3539 4013/4597/3539
f 4022/4599/3540 4037/4623/3540 4036/4621/3540 4021/4596/3540
f 4015/4600/3541 4030/4624/3541 4029/4622/3541 4014/4598/3541
f 4023/4601/3542 4038/4625/3542 4037/4623/3542 4022/4599/3542
f 4016/4602/3543 4031/4626/3543 4030/4624/3543 4015/4600/3543
f 4024/4604/3544 4039/4612/3544 4038/4627/3544 4023/4603/3544
f 4017/4606/3545 4032/4614/3545 4031/4628/3545 4016/4605/3545
f 4029/4622/3546 4044/4630/3546 4043/4629/3546 4028/4620/3546
f 4037/4623/3547 4052/4632/3547 4051/4631/3547 4036/4621/3547
f 4030/4624/3548 4045/4633/3548 4044/4630/3548 4029/4622/3548
f 4038/4625/3549 4053/4634/3549 4052/4632/3549 4037/4623/3549
f 4031/4628/3550 4046/4637/3550 4045/4636/3550 4030/4635/3550
f 4039/4638/3551 4054/4639/3551 4053/4634/3551 4038/4625/3551
f 4032/4614/3552 4047/4640/3552 4046/4637/3552 4031/4628/3552
f 4040/4613/3553 4055/4642/3553 4054/4641/3553 4039/4612/3553
f 4033/4615/3554 4048/4643/3554 4047/4640/3554 4032/4614/3554
f 4026/4616/3555 4041/4644/3555 3643/4160/3555
f 3650/4161/3556 4055/4642/3556 4040/4613/3556
f 4034/4617/3557 4049/4645/3557 4048/4643/3557 4033/4615/3557
f 4027/4618/3558 4042/4646/3558 4041/4644/3558 4026/4616/3558
f 4035/4619/3559 4050/4647/3559 4049/4645/3559 4034/4617/3559
f 4028/4620/3560 4043/4629/3560 4042/4646/3560 4027/4618/3560
f 4036/4621/3561 4051/4631/3561 4050/4647/3561 4035/4619/3561
f 4048/4643/3562 4063/4649/3562 4062/4648/3562 4047/4640/3562
f 4041/4644/3563 4056/4650/3563 3643/4160/3563
f 3650/4161/3564 4070/4651/3564 4055/4642/3564
f 4049/4645/3565 4064/4652/3565 4063/4649/3565 4048/4643/3565
f 4042/4646/3566 4057/4653/3566 4056/4650/3566 4041/4644/3566
f 4050/4647/3567 4065/4654/3567 4064/4652/3567 4049/4645/3567
f 4043/4629/3568 4058/4655/3568 4057/4653/3568 4042/4646/3568
f 4051/4631/3569 4066/4656/3569 4065/4654/3569 4050/4647/3569
f 4044/4630/3570 4059/4657/3570 4058/4655/3570 4043/4629/3570
f 4052/4632/3571 4067/4658/3571 4066/4656/3571 4051/4631/3571
f 4045/4633/3572 4060/4659/3572 4059/4657/3572 4044/4630/3572
f 4053/4634/3573 4068/4660/3573 4067/4658/3573 4052/4632/3573
f 4046/4637/3574 4061/4662/3574 4060/4661/3574 4045/4636/3574
f 4054/4641/3575 4069/4665/3575 4068/4664/3575 4053/4663/3575
f 4047/4640/3576 4062/4648/3576 4061/4662/3576 4046/4637/3576
f 4055/4642/3577 4070/4651/3577 4069/4665/3577 4054/4641/3577
f 4067/4658/3578 4082/4667/3578 4081/4666/3578 4066/4656/3578
f 4060/4659/3579 4075/4669/3579 4074/4668/3579 4059/4657/3579
f 4068/4660/3580 4083/4670/3580 4082/4667/3580 4067/4658/3580
f 4061/4671/3581 4076/4672/3581 4075/4669/3581 4060/4659/3581
f 4069/4665/3582 4084/4674/3582 4083/4673/3582 4068/4664/3582
f 4062/4648/3583 4077/4676/3583 4076/4675/3583 4061/4662/3583
f 4070/4651/3584 4085/4677/3584 4084/4674/3584 4069/4665/3584
f 4063/4649/3585 4078/4678/3585 4077/4676/3585 4062/4648/3585
f 4056/4650/3586 4071/4679/3586 3643/4160/3586
f 3650/4161/3587 4085/4677/3587 4070/4651/3587
f 4064/4652/3588 4079/4680/3588 4078/4678/3588 4063/4649/3588
f 4057/4653/3589 4072/4681/3589 4071/4679/3589 4056/4650/3589
f 4065/4654/3590 4080/4682/3590 4079/4680/3590 4064/4652/3590
f 4058/4655/3591 4073/4683/3591 4072/4681/3591 4057/4653/3591
f 4066/4656/3592 4081/4666/3592 4080/4682/3592 4065/4654/3592
f 4059/4657/3593 4074/4668/3593 4073/4683/3593 4058/4655/3593
f 3650/4161/3594 4100/4684/3594 4085/4677/3594
f 4079/4680/3595 4094/4686/3595 4093/4685/3595 4078/4678/3595
f 4072/4681/3596 4087/4688/3596 4086/4687/3596 4071/4679/3596
f 4080/4682/3597 4095/4689/3597 4094/4686/3597 4079/4680/3597
f 4073/4683/3598 4088/4690/3598 4087/4688/3598 4072/4681/3598
f 4081/4666/3599 4096/4691/3599 4095/4689/3599 4080/4682/3599
f 4074/4668/3600 4089/4692/3600 4088/4690/3600 4073/4683/3600
f 4082/4667/3601 4097/4693/3601 4096/4691/3601 4081/4666/3601
f 4075/4669/3602 4090/4694/3602 4089/4692/3602 4074/4668/3602
f 4083/4670/3603 4098/4695/3603 4097/4693/3603 4082/4667/3603
f 4076/4672/3604 4091/4696/3604 4090/4694/3604 4075/4669/3604
f 4084/4674/3605 4099/4698/3605 4098/4697/3605 4083/4673/3605
f 4077/4676/3606 4092/4700/3606 4091/4699/3606 4076/4675/3606
f 4085/4677/3607 4100/4684/3607 4099/4698/3607 4084/4674/3607
f 4078/4678/3608 4093/4685/3608 4092/4700/3608 4077/4676/3608
f 4071/4679/3609 4086/4687/3609 3643/4160/3609
f 4098/4695/3610 4113/4702/3610 4112/4701/3610 4097/4693/3610
f 4091/4703/3611 4106/4706/3611 4105/4705/3611 4090/4704/3611
f 4099/4698/3612 4114/4708/3612 4113/4707/3612 4098/4697/3612
f 4092/4709/3613 4107/4710/3613 4106/4706/3613 4091/4703/3613
f 4100/4684/3614 4115/4711/3614 4114/4708/3614 4099/4698/3614
f 4093/4712/3615 4108/4713/3615 4107/4710/3615 4092/4709/3615
f 4086/4687/3616 4101/4714/3616 3643/4160/3616
f 3650/4161/3617 4115/4711/3617 4100/4684/3617
f 4094/4686/3618 4109/4716/3618 4108/4715/3618 4093/4685/3618
f 4087/4688/3619 4102/4717/3619 4101/4714/3619 4086/4687/3619
f 4095/4689/3620 4110/4718/3620 4109/4716/3620 4094/4686/3620
f 4088/4690/3621 4103/4719/3621 4102/4717/3621 4087/4688/3621
f 4096/4691/3622 4111/4720/3622 4110/4718/3622 4095/4689/3622
f 4089/4692/3623 4104/4721/3623 4103/4719/3623 4088/4690/3623
f 4097/4693/3624 4112/4701/3624 4111/4720/3624 4096/4691/3624
f 4090/4694/3625 4105/4722/3625 4104/4721/3625 4089/4692/3625
f 4102/4717/3626 4117/4130/3626 4116/4131/3626 4101/4714/3626
f 4110/4723/3627 4120/4134/3627 3648/4126/3627 4109/4724/3627
f 4103/4719/3628 3644/4136/3628 4117/4130/3628 4102/4717/3628
f 4111/4725/3629 3649/4138/3629 4120/4134/3629 4110/4723/3629
f 4104/4721/3630 4118/4140/3630 3644/4136/3630 4103/4719/3630
f 4112/4701/3631 4121/4727/3631 3649/4726/3631 4111/4720/3631
f 4105/4705/3632 3645/4144/3632 4118/4145/3632 4104/4728/3632
f 4113/4707/3633 4122/4148/3633 4121/4149/3633 4112/4729/3633
f 4106/4706/3634 4119/4152/3634 3645/4144/3634 4105/4705/3634
f 4114/4708/3635 4123/4154/3635 4122/4148/3635 4113/4707/3635
f 4107/4710/3636 3646/4156/3636 4119/4152/3636 4106/4706/3636
f 4115/4711/3637 4124/4158/3637 4123/4154/3637 4114/4708/3637
f 4108/4713/3638 3647/4127/3638 3646/4156/3638 4107/4710/3638
f 4101/4714/3639 4116/4131/3639 3643/4160/3639
f 3650/4161/3640 4124/4158/3640 4115/4711/3640
f 4109/4724/3641 3648/4126/3641 3647/4127/3641 4108/4713/3641
